title,overview,genre_id,media_type,tmdb_id,poster_path,platform_ids,vote_average,popularity,release_date,platforms
Counterattack,"When a hostage rescue mission creates a new enemy, Capt. Guerrero and his elite soldiers must face an ambush by a criminal group.",28,movie,1356039,/38I76hGcFY6xB47pjm7pZwkfuAF.jpg,[8],8.372,84.0418,2025-02-27,['Netflix']
Spider-Man: Across the Spider-Verse,"After reuniting with Gwen Stacy, Brooklyn’s full-time, friendly neighborhood Spider-Man is catapulted across the Multiverse, where he encounters the Spider Society, a team of Spider-People charged with protecting the Multiverse’s very existence. But when the heroes clash on how to handle a new threat, Miles finds himself pitted against the other Spiders and must set out on his own to save those he loves most.",28,movie,569094,/8Vt6mWEReuy4Of61Lnj5Xj704m8.jpg,[8],8.344,29.2996,2023-05-31,['Netflix']
Ultraman: Rising,"A star athlete reluctantly returns home to take over his father's duties as Ultraman, shielding Tokyo from giant monsters as he becomes a legendary hero.",28,movie,829402,/cYaThZqtLuBThBcrV6YRLLwL8F5.jpg,[8],8.189,7.4582,2024-06-14,['Netflix']
Black Clover: Sword of the Wizard King,"As a lionhearted boy who can't wield magic strives for the title of Wizard King, four banished Wizard Kings of yore return to crush the Clover Kingdom.",28,movie,812225,/9YEGawvjaRgnyW6QVcUhFJPFDco.jpg,[8],8.161,8.4673,2023-06-16,['Netflix']
My Hero Academia: Heroes Rising,"Class 1-A visits Nabu Island where they finally get to do some real hero work. The place is so peaceful that it's more like a vacation... until they're attacked by a villain with an unfathomable Quirk! His power is eerily familiar, and it looks like Shigaraki had a hand in the plan. But with All Might retired and citizens' lives on the line, there's no time for questions. Deku and his friends are the next generation of heroes, and they're the island's only hope.",28,movie,592350,/kpWsIkfXrnQ1pmR79qAHHq7DPxc.jpg,[8],8.16,5.8287,2019-12-20,['Netflix']
Jujutsu Kaisen 0,"Yuta Okkotsu is a nervous high school student who is suffering from a serious problem—his childhood friend Rika has turned into a curse and won't leave him alone. Since Rika is no ordinary curse, his plight is noticed by Satoru Gojo, a teacher at Jujutsu High, a school where fledgling exorcists learn how to combat curses. Gojo convinces Yuta to enroll, but can he learn enough in time to confront the curse that haunts him?",28,movie,810693,/23oJaeBh0FDk2mQ2P240PU9Xxfh.jpg,[8],8.135,12.9188,2021-12-24,['Netflix']
Green Snake,"While trying to free her sister from Fahai's clutches, Xiao Qing winds up in a dystopian city and meets a mysterious man who can't recall his past life.",28,movie,795607,/1zs5zsQDP5KuWwxIg9EUULLFEV.jpg,[8],8.105,3.4273,2021-07-23,['Netflix']
"Miraculous World: New York, United HeroeZ","Marinette’s class is headed to New York, the city of superheroes, for French-American Friendship Week. The whole class is there...except Adrien, whose father refuses to let him go!",28,movie,755812,/9YbyvcrHmY2SVbdfXpb8mC4Fy0g.jpg,[8],8.085,6.6844,2020-09-25,['Netflix']
New Gods: Nezha Reborn,"While living as an ordinary deliveryman and motor racing fan, Nezha encounters old nemeses and must rediscover his powers to protect his loved ones.",28,movie,663558,/np4ScPY04HESKBbpexwstKsipKe.jpg,[8],8.1,7.9898,2021-02-06,['Netflix']
Miraculous World: Shanghai - The Legend of Ladydragon,"On school break, Marinette heads to Shanghai to meet Adrien. But after arriving, Marinette loses all her stuff, including the Miraculous that allows her to turn into Ladybug!",28,movie,726684,/qQ0VKsGRQ2ofAmswGNzZnvC1xPE.jpg,[8],7.9,5.5603,2021-05-15,['Netflix']
My Hero Academia: Two Heroes,"All Might and Deku accept an invitation to go abroad to a floating and mobile manmade city, called 'I-Island', where they research quirks as well as hero supplemental items at the special 'I-Expo' convention that is currently being held on the island. During that time, suddenly, despite an iron wall of security surrounding the island, the system is breached by a villain, and the only ones able to stop him are the students of Class 1-A.",28,movie,505262,/hC4nTxdhXqFWzgqynGvvXVMiMNp.jpg,[8],7.9,7.665,2018-08-03,['Netflix']
Nimona,"A knight framed for a tragic crime teams with a scrappy, shape-shifting teen to prove his innocence.",28,movie,961323,/2NQljeavtfl22207D1kxLpa4LS3.jpg,[8],7.886,5.7681,2023-06-23,['Netflix']
Maharaja,"A barber seeks vengeance after his home is burglarized, cryptically telling police his ""Lakshmi"" has been taken, leaving them uncertain if it's a person or object, jeer at his request until they learn what they're really looking for.",28,movie,1118224,/3WgxA2nSzAgMR4DYDty0O9wx68x.jpg,[8],7.8,4.0246,2024-06-14,['Netflix']
The Seven Deadly Sins: Grudge of Edinburgh Part 1,"Tristan, the son of Meliodas and Elizabeth, inherits the power of the Goddess Clan and can heal people’s wounds and injuries, but he often ends up hurting others due to his inability to control his Demon Clan power. To protect his family, Tristan heads to Edinburgh Castle and meets a host of new friends along the way.",28,movie,989937,/g1CSJZwI51YPGATc5iiExxfwvyg.jpg,[8],7.8,3.1297,2022-12-20,['Netflix']
Bajrangi Bhaijaan,A young mute girl from Pakistan loses herself in India with no way to head back. A devoted man with a magnanimous spirit undertakes the task to get her back to her motherland and unite her with her family.,28,movie,348892,/vhlliI7HZZlWfo5d6CiyfBAGLrW.jpg,[8],7.788,3.2138,2015-07-17,['Netflix']
Gran Turismo,The ultimate wish-fulfillment tale of a teenage Gran Turismo player whose gaming skills won him a series of Nissan competitions to become an actual professional racecar driver.,28,movie,980489,/51tqzRtKMMZEYUpSYkrUE7v9ehm.jpg,[8],7.763,14.2183,2023-08-09,['Netflix']
RRR,A fictional history of two legendary revolutionaries' journey away from home before they began fighting for their country in the 1920s.,28,movie,579974,/ljHw5eIMnki3HekwkKwCCHsRSbH.jpg,[8],7.75,9.9515,2022-03-24,['Netflix']
Officer Black Belt,A talented martial artist who can't walk past a person in need unites with a probation officer to fight and prevent crime as a martial arts officer.,28,movie,1139817,/rEaJSXAlNfdhRpDHiNcJsoUa9qE.jpg,[8],7.733,7.8429,2024-09-12,['Netflix']
Rurouni Kenshin: The Final,"In 1879, Kenshin and his allies face their strongest enemy yet: his former brother-in-law Enishi Yukishiro and his minions, who've vowed their revenge.",28,movie,602063,/7bbEASVf9XWtfxWiuWUMY3uyhTb.jpg,[8],7.731,5.3207,2021-04-23,['Netflix']
One Piece: Adventure of Nebulandia,"The Foxy Pirates challenge Luffy’s crew in the New World, but the fun and games go belly-up when the Navy’s most brilliant tactician steps in. Before the Straw Hats even know what hit them, they wind up on the island of Nebulandia, an infamous death trap for Devil Fruit users. Luffy must team up with his Davy Back nemesis for a harrowing rescue mission when Zoro, Sanji, and some Foxy Pirates are held hostage!",28,movie,373879,/gpHuW2shQwknL5ZaEk3LE8bX1tL.jpg,[8],7.7,3.9195,2015-12-20,['Netflix']
Rurouni Kenshin: The Beginning,"Before he was a protector, Kenshin was a fearsome assassin known as Battosai. But when he meets gentle Tomoe Yukishiro, a beautiful young woman who carries a huge burden in her heart, his life will change forever.",28,movie,672322,/rODS466qSdrwMlGdbUwPENhDN2c.jpg,[8],7.682,4.3668,2021-06-04,['Netflix']
The Gentlemen,"American expat Mickey Pearson has built a highly profitable marijuana empire in London. When word gets out that he’s looking to cash out of the business forever it triggers plots, schemes, bribery and blackmail in an attempt to steal his domain out from under him.",28,movie,522627,/jtrhTYB7xSrJxR1vusu99nvnZ1g.jpg,[8],7.7,13.9827,2020-01-01,['Netflix']
"Miraculous: Ladybug & Cat Noir, The Movie","After a guardian of magical jewels turns an awkward girl and a popular boy into superheroes, they can never reveal their identities — even to each other.",28,movie,496450,/dQNJ8SdCMn3zWwHzzQD2xrphR1X.jpg,[8],7.64,11.1951,2023-07-05,['Netflix']
Godzilla Minus One,"In postwar Japan, Godzilla brings new devastation to an already scorched landscape. With no military intervention or government help in sight, the survivors must join together in the face of despair and fight back against an unrelenting horror.",28,movie,940721,/hkxxMIGaiCTmrEArK7J56JTKUlB.jpg,[8],7.6,20.9096,2023-11-03,['Netflix']
The Seven Deadly Sins: Prisoners of the Sky,"Traveling in search of the rare ingredient, “sky fish”  Meliodas and Hawk arrive at a palace that floats above the clouds. The people there are busy preparing a ceremony, meant to protect their home from a ferocious beast that awakens once every 3,000 years. But before the ritual is complete, the Six Knights of Black—a Demon Clan army—removes the seal on the beast, threatening the lives of everyone in the Sky Palace.",28,movie,507569,/63NOOAkaZAK8h93Sg7Ucq6XLJGP.jpg,[8],7.563,1.0065,2018-08-18,['Netflix']
Pandora,"When an earthquake hits a Korean village housing a run-down nuclear power plant, a man risks his life to save the country from imminent disaster.",28,movie,429450,/elTrkTm5GjynK3H26cpOZsWDYjy.jpg,[8],7.562,4.7311,2016-12-07,['Netflix']
Trollhunters: Rise of the Titans,"The Guardians of Arcadia reunite to battle the nefarious Arcane Order, who've reawakened the primordial Titans.",28,movie,730840,/zvUNFeTz0Sssb210wSiIiHRjA4W.jpg,[8],7.5,3.8235,2021-07-21,['Netflix']
Kingdom III: The Flame of Destiny,"To defend their kingdom against a sudden invasion, a mighty general returns to the battlefield alongside a war orphan, now grown up, who dreams of glory.",28,movie,1061181,/7cIqNt2YPK1nCf904NFISEScCzk.jpg,[8],7.516,3.326,2023-07-28,['Netflix']
Bāhubali: The Beginning,"The young Shivudu is left as a foundling in a small village by his mother. By the time he’s grown up, it has become apparent that he possesses exceptional gifts. He meets the beautiful warrior princess Avanthika and learns that her queen has been held captive for the last 25 years. Shividu sets off to rescue her, discovering his own origins in the process.",28,movie,256040,/9BAjt8nSSms62uOVYn1t3C3dVto.jpg,[8],7.5,5.0562,2015-07-10,['Netflix']
Upgrade,"A brutal mugging leaves Grey Trace paralyzed in the hospital and his beloved wife dead. A billionaire inventor soon offers Trace a cure — an artificial intelligence implant called STEM that will enhance his body. Now able to walk, Grey finds that he also has superhuman strength and agility — skills he uses to seek revenge against the thugs who destroyed his life.",28,movie,500664,/cF8fsHKGfqdlm7kdmG2Dub4E2rg.jpg,[8],7.5,15.6386,2018-05-31,['Netflix']
Furiosa: A Mad Max Saga,"As the world falls, young Furiosa is snatched from the Green Place of Many Mothers into the hands of a great biker horde led by the warlord Dementus. Sweeping through the wasteland, they encounter the citadel presided over by Immortan Joe. The two tyrants wage war for dominance, and Furiosa must survive many trials as she puts together the means to find her way home.",28,movie,786892,/iADOJ8Zymht2JPMoy3R7xceZprc.jpg,[8],7.5,23.4042,2024-05-22,['Netflix']
Baki Hanma VS Kengan Ashura,"It's the ultimate showdown. The toughest fighters from ""Baki Hanma"" and ""Kengan Ashura"" clash in this unprecedented, hard-hitting martial arts crossover.",28,movie,1263421,/etbHJxil0wHvYOCmibzFLsMcl2C.jpg,[8],7.471,6.6173,2024-06-05,['Netflix']
The Witcher: Nightmare of the Wolf,"Escaping from poverty to become a witcher, Vesemir slays monsters for coin and glory, but when a new menace rises, he must face the demons of his past.",28,movie,666243,/ckjlfMg2lXQK5aav33BCBgtsYWh.jpg,[8],7.47,3.9477,2021-08-22,['Netflix']
Sonic the Hedgehog 2,"After settling in Green Hills, Sonic is eager to prove he has what it takes to be a true hero. His test comes when Dr. Robotnik returns, this time with a new partner, Knuckles, in search for an emerald that has the power to destroy civilizations. Sonic teams up with his own sidekick, Tails, and together they embark on a globe-trotting journey to find the emerald before it falls into the wrong hands.",28,movie,675353,/6DrHO1jr3qVrViUO6s6kFiAGM7.jpg,[8],7.469,25.5821,2022-03-30,['Netflix']
Boruto: Naruto the Movie,"The spirited Boruto Uzumaki, son of Seventh Hokage Naruto, is a skilled ninja who possesses the same brashness and passion his father once had. However, the constant absence of his father, who is busy with his Hokage duties, puts a damper on Boruto's fire. He ends up meeting his father's friend Sasuke, and requests to become... his apprentice!? The curtain on the story of the new generation rises!",28,movie,347201,/1k6iwC4KaPvTBt1JuaqXy3noZRY.jpg,[8],7.5,8.3722,2015-08-07,['Netflix']
Bāhubali 2: The Conclusion,"When Mahendra, the son of Bāhubali, learns about his heritage, he begins to look for answers. His story is juxtaposed with past events that unfolded in the Mahishmati Kingdom.",28,movie,350312,/xQ22LOWSkClP3maYhR9nZH0dnWM.jpg,[8],7.437,4.7778,2017-04-27,['Netflix']
Extraction 2,"Back from the brink of death, highly skilled commando Tyler Rake takes on another dangerous mission: saving the imprisoned family of a ruthless gangster.",28,movie,697843,/7gKI9hpEMcZUQpNgKrkDzJpbnNS.jpg,[8],7.429,15.126,2023-06-09,['Netflix']
Sicario,An idealistic FBI agent is enlisted by a government task force to aid in the escalating war against drugs at the border area between the U.S. and Mexico.,28,movie,273481,/lz8vNyXeidqqOdJW9ZjnDAMb5Vr.jpg,[8],7.411,18.9622,2015-09-17,['Netflix']
The Stronghold,"A police brigade works in the dangerous northern neighborhoods of Marseille, where the level of crime is higher than anywhere else in France.",28,movie,637534,/nLanxl7Xhfbd5s8FxPy8jWZw4rv.jpg,[8],7.386,4.0141,2021-08-18,['Netflix']
Bad Boys: Ride or Die,"After their late former Captain is framed, Lowrey and Burnett try to clear his name, only to end up on the run themselves.",28,movie,573435,/oGythE98MYleE6mZlGs5oBGkux1.jpg,[8],7.382,40.9836,2024-06-05,['Netflix']
Amaran,"A heroic true story of Major Mukund Varadarajan, an Indian Army officer who displayed extraordinary bravery during a counterterrorism mission in Kashmir’s Shopian district. The film captures his courage in protecting his nation and the devotion of his wife Indhu Rebecaa Varghese.",28,movie,927342,/eCB06m1KUGilEOlIzb40nkQhVY0.jpg,[8],7.369,70.9636,2024-10-31,['Netflix']
The Yin-Yang Master: Dream of Eternity,"Every few hundred years, the most powerful demon on earth—a snake demon—awakens, and the Yin-Yang Masters are summoned to the capital. Meanwhile, the Princess of the realm has her own plans, as she conspires to claim the demon’s power.",28,movie,757860,/odgDN1po1j7cEVLeBhkVS0Oh4kC.jpg,[8],7.364,2.614,2020-12-24,['Netflix']
Southpaw,"Billy ""The Great"" Hope, the reigning junior middleweight boxing champion, has an impressive career, a loving wife and daughter, and a lavish lifestyle. However, when tragedy strikes, Billy hits rock bottom, losing his family, his house and his manager. He soon finds an unlikely savior in Tick Willis, a former fighter who trains the city's toughest amateur boxers. With his future on the line, Hope fights to reclaim the trust of those he loves the most.",28,movie,307081,/kSQ49Fi3NVTqGGXILmxV2T2pdkG.jpg,[8],7.363,7.1922,2015-03-24,['Netflix']
Mobile Suit Gundam Hathaway,"12 years after Char's rebellion, Hathaway Noa leads an insurgency against Earth Federation, but meeting an enemy officer and a mysterious woman alters his fate.",28,movie,685274,/ddXiPNRWx9YuThYZGzac2KQEfgC.jpg,[8],7.4,3.3584,2021-06-11,['Netflix']
Resident Evil: Death Island,"In San Francisco, Jill Valentine is dealing with a zombie outbreak and a new T-Virus, Leon Kennedy is on the trail of a kidnapped DARPA scientist, and Claire Redfield is investigating a monstrous fish that is killing whales in the bay. Joined by Chris Redfield and Rebecca Chambers, they discover the trail of clues from their separate cases all converge on the same location, Alcatraz Island, where a new evil has taken residence and awaits their arrival.",28,movie,1083862,/qayga07ICNDswm0cMJ8P3VwklFZ.jpg,[8],7.3,5.3802,2023-06-22,['Netflix']
The Sea Beast,"When a young girl stows away on the ship of a legendary sea monster hunter, they launch an epic journey into uncharted waters — and make history to boot.",28,movie,560057,/9Zfv4Ap1e8eKOYnZPtYaWhLkk0d.jpg,[8],7.334,6.9138,2022-06-24,['Netflix']
The Equalizer 3,"Robert McCall finds himself at home in Southern Italy but he discovers his friends are under the control of local crime bosses. As events turn deadly, McCall knows what he has to do: become his friends' protector by taking on the mafia.",28,movie,926393,/b0Ej6fnXAP8fK75hlyi2jKqdhHz.jpg,[8],7.315,17.7665,2023-08-30,['Netflix']
Extraction,A hardened gun-for-hire's latest mission becomes a soul-searching race to survive when he's sent into Bangladesh to rescue a drug lord's kidnapped son.,28,movie,545609,/nygOUcBKPHFTbxsYRFZVePqgPK6.jpg,[8],7.315,15.6654,2020-04-23,['Netflix']
Marco Polo: One Hundred Eyes,"The episode shows the origin of Hundred Eyes and how his relationship with Kublai Khan and Prince Jingim came about.  Before losing his sight and before pledging his service to Kublai Khan, who was Hundred Eyes who became a deadly assassin and trained Marco Polo.",28,movie,372981,/ppe606jyYyHYUJ0peKQfF93hsrV.jpg,[8],7.3,1.3716,2015-12-26,['Netflix']
Land of Bad,"When a Delta Force special ops mission goes terribly wrong, Air Force drone pilot Reaper has 48 hours to remedy what has devolved into a wild rescue operation. With no weapons and no communication other than the drone above, the ground mission suddenly becomes a full-scale battle when the team is discovered by the enemy.",28,movie,969492,/h3jYanWMEJq6JJsCopy1h7cT2Hs.jpg,[8],7.262,14.6003,2024-02-09,['Netflix']
Klaus,"When Jesper distinguishes himself as the Postal Academy's worst student, he is sent to Smeerensburg, a small village located on an icy island above the Arctic Circle, where grumpy inhabitants barely exchange words, let alone letters. Jesper is about to give up and abandon his duty as a postman when he meets local teacher Alva and Klaus, a mysterious carpenter who lives alone in a cabin full of handmade toys.",12,movie,508965,/q125RHUDgR4gjwh1QkfYuJLYkL.jpg,[8],8.242,6.1655,2019-11-08,['Netflix']
Dune: Part Two,"Follow the mythic journey of Paul Atreides as he unites with Chani and the Fremen while on a path of revenge against the conspirators who destroyed his family. Facing a choice between the love of his life and the fate of the known universe, Paul endeavors to prevent a terrible future only he can foresee.",12,movie,693134,/6izwz7rsy95ARzTR3poZ8H6c5pp.jpg,[8],8.146,30.823,2024-02-27,['Netflix']
Guillermo del Toro's Pinocchio,"During the rise of fascism in Mussolini's Italy, a wooden boy brought magically to life struggles to live up to his father's expectations.",12,movie,555604,/vx1u0uwxdlhV2MUzj4VlcMB0N6m.jpg,[8],8.061,8.7915,2022-11-09,['Netflix']
Suzume,"Suzume, 17, lost her mother as a little girl. On her way to school, she meets a mysterious young man. But her curiosity unleashes a calamity that endangers the entire population of Japan, and so Suzume embarks on a journey to set things right.",12,movie,916224,/oNbCAM3UVJamxRFd5hUt686aqb2.jpg,[8],7.927,8.4237,2022-11-11,['Netflix']
The Mitchells vs. the Machines,"A quirky, dysfunctional family's road trip is upended when they find themselves in the middle of the robot apocalypse and suddenly become humanity's unlikeliest last hope.",12,movie,501929,/mI2Di7HmskQQ34kz0iau6J1vr70.jpg,[8],7.888,10.1484,2021-04-22,['Netflix']
Stand by Me Doraemon 2,"Nobita travels to the future to show his beloved grandma his bride, but adult Nobita has fled his own wedding.",12,movie,728754,/vBv8iOFPLnXmtELUjcFc7OKHsR4.jpg,[8],7.83,4.0462,2020-11-20,['Netflix']
The Summit of the Gods,A photojournalist's obsessive quest for the truth about the first expedition to Mt. Everest leads him to search for an esteemed climber who went missing.,12,movie,712454,/iowz7MwaTWMYlfLUE6GeM0m3Hze.jpg,[8],7.771,2.0113,2021-09-22,['Netflix']
Back to the Outback,"Tired of being locked in a reptile house where humans gawk at them like they are monsters, a ragtag group of Australia’s deadliest creatures plot an escape from their zoo to the Outback, a place where they’ll fit in without being judged.",12,movie,770254,/jbAUTO7qFN8XFG2LM3bz30vzGFJ.jpg,[8],7.704,4.4619,2021-12-03,['Netflix']
My Little Pony: A New Generation,"Equestria's divided. But a bright-eyed hero believes Earth Ponies, Pegasi and Unicorns should be pals — and, hoof to heart, she’s determined to prove it.",12,movie,597316,/uvbj8puRj37Pc8FS4rIfVeReYFF.jpg,[8],7.685,3.3493,2021-09-22,['Netflix']
Kubo and the Two Strings,"Kubo mesmerizes the people in his village with his magical gift for spinning wild tales with origami. When he accidentally summons an evil spirit seeking vengeance, Kubo is forced to go on a quest to solve the mystery of his fallen samurai father and his mystical weaponry, as well as discover his own magical powers.",12,movie,313297,/la6QA9tk4Foq8OBH2Dyh5dTcw6H.jpg,[8],7.633,6.4169,2016-08-18,['Netflix']
Silver Skates,"1899, the Christmas-time St.Petersburg. Ice-covered rivers and canals of the capital seethe with festive activities. On the eve of the new century those who should not be destined to meet, come together. They are people from different worlds: Matvey, the son of a lamplighter, whose only treasure is his silver-plated skates; Alice is the daughter of a high-ranking official dreaming of science. Each of them has his own difficult life-story, but having accidentally met they rush forward together in pursuit of their dreams.",12,movie,576920,/gZSlt41YjSTQE7ah03usHsvmWFs.jpg,[8],7.584,3.2417,2020-12-10,['Netflix']
Wallace & Gromit: Vengeance Most Fowl,"Gromit’s concern that Wallace is becoming too dependent on his inventions proves justified, when Wallace invents a “smart” gnome that seems to develop a mind of its own. When it emerges that a vengeful figure from the past might be masterminding things, it falls to Gromit to battle sinister forces and save his master… or Wallace may never be able to invent again!",12,movie,929204,/6BxK38ehxuX2dJmZIMpJcVNbYks.jpg,[8],7.555,23.1429,2024-12-18,['Netflix']
Super Me,"Sang Yu is so exhausted from trying to stay awake. Every time he closes his eyes, a demon chases and kills him in his dreams. One night Sang realizes he has a special power: he can bring treasures from his dreams into reality. Almost overnight, he becomes a rich man. But his wealth also attracts the attention of a ruthless gangster.",12,movie,603768,/tmUsu113NZrHPn68M5s46LlEuDD.jpg,[8],7.509,1.6037,2021-04-09,['Netflix']
Hilda and the Mountain King,"When Hilda wakes up in the body of a troll, she must use her wits and courage to get back home, become human again — and save the city of Trolberg.",12,movie,789708,/Ac9xJvb1oTnv71j2yfdCQktIlYT.jpg,[8],7.5,1.3713,2021-12-30,['Netflix']
Drifting Home,"One fateful summer, a group of elementary school kids set adrift on an abandoned apartment building must look within themselves to find a way back home.",12,movie,877957,/iNf1wC8cK6e8zgNyuMUqWFT7Din.jpg,[8],7.414,2.9213,2022-09-09,['Netflix']
The Peanut Butter Falcon,A down-on-his-luck crab fisherman embarks on a journey to get a young man with Down syndrome to a professional wrestling school in rural North Carolina and away from the retirement home where he’s lived for the past two and a half years.,12,movie,463257,/qyQcRGvdW3VtxHR4fSDgPOePEip.jpg,[8],7.4,8.7369,2019-08-09,['Netflix']
Migration,"After a migrating duck family alights on their pond with thrilling tales of far-flung places, the Mallard family embarks on a family road trip, from New England, to New York City, to tropical Jamaica.",12,movie,940551,/dpXxBDi0ut5svjh5fbAqLoaJSq8.jpg,[8],7.4,24.1423,2023-12-06,['Netflix']
Okja,"A young girl named Mija risks everything to prevent a powerful, multi-national company from kidnapping her best friend - a massive animal named Okja.",12,movie,387426,/lHBYG2NcBMW7UpFL4rSCpsgvz4m.jpg,[8],7.355,5.0039,2017-06-28,['Netflix']
Enola Holmes 2,"Now a detective-for-hire like her infamous brother, Enola Holmes takes on her first official case to find a missing girl, as the sparks of a dangerous conspiracy ignite a mystery that requires the help of friends — and Sherlock himself — to unravel.",12,movie,829280,/tegBpjM5ODoYoM1NjaiHVLEA0QM.jpg,[8],7.353,5.8122,2022-11-30,['Netflix']
Blue Miracle,"To save their cash-strapped orphanage, a guardian and his kids partner with a washed-up boat captain for a chance to win a lucrative fishing competition.",12,movie,671295,/wlDSL8Rn4eQCzDPy1pPRkCh8H32.jpg,[8],7.3,1.9934,2021-05-27,['Netflix']
Dungeons & Dragons: Honor Among Thieves,"A charming thief and a band of unlikely adventurers undertake an epic heist to retrieve a lost relic, but things go dangerously awry when they run afoul of the wrong people.",12,movie,493529,/v7UF7ypAqjsFZFdjksjQ7IUpXdn.jpg,[8],7.3,13.6666,2023-03-23,['Netflix']
A Boy Called Christmas,"An ordinary young boy called Nikolas sets out on an extraordinary adventure into the snowy north in search of his father who is on a quest to discover the fabled village of the elves, Elfhelm. Taking with him a headstrong reindeer called Blitzen and a loyal pet mouse, Nikolas soon meets his destiny in this magical and endearing story that proves nothing is impossible…",12,movie,615666,/1sRejtiHOZGggZd9RcmdqbapLM5.jpg,[8],7.334,3.2013,2021-11-24,['Netflix']
The Loud House Movie,The Loud family travel to Scotland and discover they are descendants of Scottish royalty as they move into their giant ancestral castle.,12,movie,410113,/7dM5DILTl9ddpjvnJhs2nA1U9Ru.jpg,[8],7.333,3.3277,2021-08-20,['Netflix']
Bubble,"In an abandoned Tokyo overrun by bubbles and gravitational abnormalities, one gifted young man has a fateful meeting with a mysterious girl.",12,movie,912598,/kk28Lk8oQBGjoHRGUCN2vxKb4O2.jpg,[8],7.32,2.9621,2022-02-14,['Netflix']
Chickenhare and the Hamster of Darkness,"Young Chickenhare is the adopted son of King Peter, a famous adventurer. Part chicken and part hare, he has a really tough time growing up and disguises himself as a hare to avoid the mockeries of his peers. When the day of the Royal Adventurer Society trials comes, Chickenhare, hampered by his disguise, fails miserably. But he is determined to grab a second chance and find the Scepter of the Hamster of Darkness, before his evil Uncle Lapin. The Scepter will give immense power to its holder. If Lapin gets hold of it, he will be unstoppable. Accompanied by his faithful servant Abe, a sarcastic turtle, and Meg, a martial arts expert skunk, he sets of on an epic and initiatory quest.",12,movie,778855,/2v6f1EqTo4FUxVT9MDXpF6158AX.jpg,[8],7.3,2.7424,2022-02-16,['Netflix']
Pokémon the Movie: Secrets of the Jungle,"In the Forest of Okoya, Koko is a feral child who has been raised as a Pokémon by the Mythical Pokémon Zarude. Koko has grown up never doubting that he is a Pokémon even though he can't really use any sort of moves. Ash Ketchum and Pikachu meet Koko and help him protect the Great Tree from the crooked scientist Dr. Zed.",12,movie,662708,/9Ow7PJcAHMMxgSIjCW6RnRqE9OA.jpg,[8],7.279,3.856,2020-12-25,['Netflix']
The Quintessential Quintuplets Movie,"When five lovely young girls who hate studying hire part-time tutor Futaro, he guides not only their education but also their hearts. Time spent has brought them all closer, with feelings growing within the girls and Futaro. As they finish their third year of high school and their last school festival approaches, they set their sights on what’s next. Is there a future with one of them and Futaro?",16,movie,820067,/sg7klpt1xwK1IJirBI9EHaqQwJ5.jpg,[8],8.3,4.259,2022-05-20,['Netflix']
Violet Evergarden: The Movie,"As the world moves on from the war and technological advances bring changes to her life, Violet still hopes to see her lost commanding officer again.",16,movie,533514,/A9R6bukzzRmOzxvDQsXdQpeNm8l.jpg,[8],8.268,5.3825,2020-09-18,['Netflix']
Violet Evergarden: Eternity and the Auto Memory Doll,"Isabella, the daughter of the noble York family, is enrolled in an all-girls academy to be groomed into a dame worthy of nobility. However, she has given up on her future, seeing the prestigious school as nothing more than a prison from the outside world. Her family notices her struggling in her lessons and decides to hire Violet Evergarden to personally tutor her under the guise of a handmaiden.  At first, Isabella treats Violet coldly. Violet seems to be able to do everything perfectly, leading Isabella to assume that she was born with a silver spoon. After some time, Isabella begins to realize that Violet has had her own struggles and starts to open up to her. Isabella soon reveals that she has lost contact with her beloved younger sister, whom she yearns to see again.  Having experienced the power of words through her past clientele, Violet asks if Isabella wishes to write a letter to Taylor. Will Violet be able to help Isabella convey her feelings to her long-lost sister?",16,movie,610892,/zjaSw6Ok0MhXjrruPrA27VHyUYC.jpg,[8],8.146,3.5684,2019-09-06,['Netflix']
A Whisker Away,"A peculiar girl transforms into a cat to catch her crush's attention. But before she realizes it, the line between human and animal starts to blur.",16,movie,667520,/6inkRM1XGBG5vRhclCPWfMenp7N.jpg,[8],7.9,7.7028,2020-06-18,['Netflix']
Wish Dragon,Determined teen Din is longing to reconnect with his childhood best friend when he meets a wish-granting dragon who shows him the magic of possibilities.,16,movie,550205,/lnPf6hzANL6pVQTxUlsNYSuhT5l.jpg,[8],7.888,7.646,2021-01-15,['Netflix']
The First Slam Dunk,"Shohoku's “speedster” and point guard, Ryota Miyagi, always plays with brains and lightning speed, running circles around his opponents while feigning composure. In his second year of high school, Ryota plays with the Shohoku High School basketball team along with Sakuragi, Rukawa, Akagi, and Mitsui as they take the stage at the Inter-High School National Championship. And now, they are on the brink of challenging the reigning champions, Sannoh Kogyo High School.",16,movie,783675,/7i3EBXY87HdHagCoFbmjHQ8DlkG.jpg,[8],7.756,3.7385,2022-12-03,['Netflix']
The Seven Deadly Sins: Cursed by Light,"With the help of the ""Dragon Sin of Wrath"" Meliodas and the worst rebels in history, the Seven Deadly Sins, the ""Holy War"", in which four races, including Humans, Goddesses, Fairies and Giants fought against the Demons, is finally over. At the cost of the ""Lion Sin of Pride"" Escanor's life, the Demon King was defeated and the world regained peace. After that, each of the Sins take their own path.",16,movie,843241,/k0ThmZQl5nHe4JefC2bXjqtgYp0.jpg,[8],7.717,3.2737,2021-07-02,['Netflix']
Kuroko's Basketball the Movie: Last Game,"Shortly after the Inter-High of Kagami and Kuroko's second-year, a street basketball team from the USA called Team Jabberwock came to Japan to play a friendly match against a Japanese college-level street basketball team, Team Strky. Despite their best efforts, Strky is brutally crushed by Jabberwock. After the match, the Jabberwock players insult the players from Strky and all of Japanese basketball, claiming Strky's basketball was at the same level as monkeys and telling the players and crowds to quit playing basketball and kill themselves.  As a revenge match, Kagetora assembles a dream team of all members of Generation of Miracles plus Kuroko Tetsuya and Kagami Taiga, along with bench players Hyūga Junpei, Takao Kazunari, and Wakamatsu Kōsuke, forming Team Vorpal Swords, with the hopes of reclaiming the pride of Japanese basketball.",16,movie,428707,/mXJQbwxA0joNv9rGy25rFrm5N1r.jpg,[8],7.7,5.4161,2017-03-18,['Netflix']
If Anything Happens I Love You,"In this Oscar-winning short film, grieving parents journey through an emotional void as they mourn the loss of a child after a tragic school shooting.",16,movie,713776,/85tDhACvKDQxQoJhBYLvDU0ik1n.jpg,[8],7.682,1.1773,2020-03-07,['Netflix']
Entergalactic,Ambitious artist Jabari attempts to balance success and love when he moves into his dream Manhattan apartment and falls for his next-door neighbor.,16,movie,1027014,/oMU3JpuKuasjAWIbUQgCaT6pco1.jpg,[8],7.636,2.4151,2022-09-28,['Netflix']
The Peasants,"Peasant girl Jagna is forced to marry the much older, wealthy farmer Boryna, despite her love for his son Antek. With time, Jagna becomes the object of envy and disdain with the villagers and she must fight to preserve her independence.",16,movie,734002,/vxwdArOG3R5AUHdvmwE4e7MLc0z.jpg,[8],7.6,3.1327,2023-10-13,['Netflix']
I Lost My Body,"A story of Naoufel, a young man who is in love with Gabrielle. In another part of town, a severed hand escapes from a dissection lab, determined to find its body again.",16,movie,586940,/z5dXCywyo8zEPNDkeQY7nbvkrz8.jpg,[8],7.493,1.769,2019-11-06,['Netflix']
Leo,"Jaded 74-year-old lizard Leo has been stuck in the same Florida classroom for decades with his terrarium-mate turtle. When he learns he only has one year left to live, he plans to escape to experience life on the outside but instead gets caught up in the problems of his anxious students — including an impossibly mean substitute teacher.",16,movie,1075794,/pD6sL4vntUOXHmuvJPPZAgvyfd9.jpg,[8],7.433,13.011,2023-11-17,['Netflix']
White Fang,A loyal wolfdog’s curiosity leads him on the adventure of a lifetime while serving a series of three distinctly different masters.,16,movie,456154,/m3EweWiLJ93m4CZLenbKhTNvcH0.jpg,[8],7.41,2.7639,2018-03-28,['Netflix']
Invader Zim: Enter the Florpus,"ZIM discovers his almighty leaders never had any intention of coming to Earth and he loses confidence in himself for the first time in his life, which is the big break his human nemesis, Dib has been waiting for.",16,movie,472983,/lYy5EBxl8cwpyejcy85LgSdf34m.jpg,[8],7.375,1.4004,2019-08-16,['Netflix']
Words Bubble Up Like Soda Pop,"After meeting one day, a shy boy who expresses himself through haiku and a bubbly but self-conscious girl share a brief, magical summer.",16,movie,579741,/ooISQS2rzVqgkt2aq5HNoz8n2sa.jpg,[8],7.349,2.6126,2021-07-22,['Netflix']
Franco Escamilla: por la anécdota,Mexican stand-up comedian Franco Escamilla draws his jokes from real-life experiences -- and he's willing to do anything for new material. He's not afraid to make generalizations about how men bathe. But he is scared to talk to strangers. Especially at funerals.,35,movie,529414,/iT5LzAICUgviiSY0d5461MKNSOc.jpg,[8],8.658,1.0512,2018-06-08,['Netflix']
Parasite,"All unemployed, Ki-taek's family takes peculiar interest in the wealthy and glamorous Parks for their livelihood until they get entangled in an unexpected incident.",35,movie,496243,/7IiTTgloJzvGI1TAYymCfbfl3vT.jpg,[8],8.5,33.0668,2019-05-30,['Netflix']
Franco Escamilla: bienvenido al mundo,"Comedian Franco Escamilla shares stories about parenting his children when they get into trouble, with reflections on gender, friendship and romance.",35,movie,595723,/h7rzOEh1gvGRIjehKnOHcMV0YQ3.jpg,[8],8.425,0.493,2019-04-17,['Netflix']
Out of the Clear Blue Sky,"Returning to Earth as an imitator, the legendary Mexican artist Pedro Infante must prove that he is no longer a womanizer to enter paradise.",35,movie,654299,/xg6QZdlHrq2dtSK8cfnQQMnmpeY.jpg,[8],8.232,1.8545,2019-12-24,['Netflix']
Where the Tracks End,Georgina is a teacher determined to make a difference in the lives of the children she educates in the classroom of a wagon school in rural Mexico.,35,movie,1121316,/8Tf7bBXpLQjgFI0a5KJ1eHrxHTw.jpg,[8],8.084,1.0229,2023-05-26,['Netflix']
Bo Burnham: Make Happy,"Combining his trademark wit and self-deprecating humor with original music, Bo Burnham offers up his unique twist on life in this stand-up special about  life, death, sexuality, hypocrisy, mental illness and Pringles cans.",35,movie,400608,/dqHTk96sbQI2En5HJIsgelWi5Cv.jpg,[8],8.046,2.4309,2016-06-03,['Netflix']
Bo Burnham: Inside,"Stuck in COVID-19 lockdown, US comedian and musician Bo Burnham attempts to stay sane and happy by writing, shooting and performing a one-man comedy special.",35,movie,823754,/ku1UvTWYvhFQbSesOD6zteY7bXT.jpg,[8],8.03,2.3722,2021-07-22,['Netflix']
Hannah Gadsby: Nanette,The Australian comedian Hannah Gadsby is taking an anti-comedy stance in her newest special.,35,movie,529531,/xyDapdXEqic7pkLFvvvEW5dI3or.jpg,[8],7.944,0.7314,2018-06-19,['Netflix']
John Mulaney: Kid Gorgeous at Radio City,"John Mulaney relays stories from his childhood and ""SNL,"" eviscerates the value of college and laments getting older in this electric comedy special.",35,movie,520594,/fERO7sktbElVbGS1SGDKzQJWxtn.jpg,[8],7.901,0.8129,2018-05-01,['Netflix']
You've Got This,An ad creative and a successful exec have a great marriage — until he wants to be a dad just as her star is rising. Then he brings someone new home.,35,movie,746957,/wpY2ZhxqsHYXjaaFUHzQ0nmIjYs.jpg,[8],7.891,1.422,2020-10-02,['Netflix']
Bad Genius,"Lynn, a brilliant student, after helping her friends to get the grades they need, develops the idea of starting a much bigger exam-cheating business.",35,movie,455714,/mgyvwqn5SYKhfg5kofZDfgH8R0q.jpg,[8],7.891,4.235,2017-05-03,['Netflix']
Sing Street,A boy growing up in Dublin during the 1980s escapes his strained family life by starting a band to impress the mysterious girl he likes.,35,movie,369557,/sUWpVlrvzU2SJbnVZqIeKulPKwk.jpg,[8],7.866,6.1603,2016-03-11,['Netflix']
Sweet & Sour,"Faced with real-world opportunities and challenges, a couple endures the highs and lows of trying to make a long-distance relationship survive.",35,movie,662237,/3yGwAPl6LWpi8QwHjwCMaqsPgNB.jpg,[8],7.767,4.8713,2021-06-04,['Netflix']
Hustle,"After discovering a once-in-a-lifetime player with a rocky past abroad, a down on his luck basketball scout takes it upon himself to bring the phenom to the States without his team's approval. Against the odds, they have one final shot to prove they have what it takes to make it in the NBA.",35,movie,705861,/xWic7kPq13oRxYjbGLApXCnc7pz.jpg,[8],7.74,5.7739,2022-06-03,['Netflix']
John Mulaney: The Comeback Kid,"Armed with boyish charm and a sharp wit, the former ""SNL"" writer offers sly takes on marriage, his beef with babies and the time he met Bill Clinton.",35,movie,367735,/pzM9t33T2YUA7vaCb2GxaDrlTW1.jpg,[8],7.721,0.8706,2015-11-13,['Netflix']
Rich in Love,"Working incognito at his rich dad's company to test his own merits, Teto falls for Paula and tells her he grew up poor, a lie that spins out of control.",35,movie,656563,/dVqRATKlpCoWy96lfxiHc9TY9An.jpg,[8],7.71,2.2598,2020-04-30,['Netflix']
Hasan Minhaj: Homecoming King,"Comic Hasan Minhaj of ""The Daily Show"" shares personal stories about racism, immigrant parents, prom night horrors and more in this stand-up special.",35,movie,458310,/clFR57vfc0BXGYFIo3LYryopyY.jpg,[8],7.652,1.1305,2017-05-23,['Netflix']
Ricky Gervais: Humanity,"In his first special in seven years, Ricky Gervais slings his trademark snark at celebrity, mortality and a society that takes everything personally.",35,movie,508933,/vXNvvb9RUXSZS08PvXxLtA9wrfV.jpg,[8],7.642,1.0453,2018-03-13,['Netflix']
The Kissing Booth 2,"With college decisions looming, Elle juggles her long-distance romance with Noah, changing relationship with bestie Lee and feelings for a new classmate.",35,movie,583083,/mb7wQv0adK3kjOUr9n93mANHhPJ.jpg,[8],7.637,5.945,2020-07-24,['Netflix']
Bad Seeds,"Wael, a former street child, makes a living from small scams with his adoptive mother and partner-in-crime Monique. When this unconventional duo swindles the wrong guy, Victor, an old acquaintance of Monique now in charge of a support organization for troubled teens, they have no choice but to become his interim secretary and educator in order to redeem themselves.",35,movie,498249,/sJJWdXTi7ybxLd3mSILD7XxwYzh.jpg,[8],7.632,1.4487,2018-11-21,['Netflix']
Dave Chappelle: Sticks & Stones,"Dave Chappelle takes on gun culture, the opioid crisis and the tidal wave of celebrity scandals in this defiant stand-up special.",35,movie,624932,/hsyPTPoFDhUw5aGcj7dxAx3i1Qp.jpg,[8],7.608,1.7632,2019-08-26,['Netflix']
To All the Boys I've Loved Before,Lara Jean's love life goes from imaginary to out of control when her secret letters to every boy she's ever fallen for are mysteriously mailed out.,35,movie,466282,/hKHZhUbIyUAjcSrqJThFGYIR6kI.jpg,[8],7.608,10.0082,2018-08-17,['Netflix']
Feel the Beat,"After failing to make it on Broadway, April returns to her hometown and reluctantly begins training a misfit group of young dancers for a competition.",35,movie,707886,/Af2jt7m9GLFpR4V11xOsFmT8OKD.jpg,[8],7.583,4.3116,2020-06-19,['Netflix']
Work It,A brilliant but clumsy high school senior vows to get into her late father's alma mater by transforming herself and a misfit squad into dance champions.,35,movie,612706,/b5XfICAvUe8beWExBz97i0Qw4Qh.jpg,[8],7.5,3.3866,2020-08-07,['Netflix']
To All the Boys: Always and Forever,Senior year of high school takes center stage as Lara Jean returns from a family trip to Korea and considers her college plans — with and without Peter.,35,movie,614409,/iepqdM52f4w75fNcvgRF5QoIAjm.jpg,[8],7.524,4.4027,2021-02-12,['Netflix']
Fatherhood,"A widowed new dad copes with doubts, fears, heartache and dirty diapers as he sets out to raise his daughter on his own. Inspired by a true story.",35,movie,607259,/wvqO1gTAMZIFGi3Ioq1BN6KV95R.jpg,[8],7.513,5.2275,2021-06-18,['Netflix']
"Live Twice, Love Once",A retired academic teacher tries to find the love of his youth after being diagnosed with Alzheimer's.,35,movie,613090,/AhxpEQ0C1UGqMWHBucw0Fj7S3mD.jpg,[8],7.468,1.6689,2019-09-06,['Netflix']
Jim & Andy: The Great Beyond,Offbeat documentarian Chris Smith provides a behind-the-scenes look at how Jim Carrey adopted the persona of idiosyncratic comedian Andy Kaufman on the set of Man on the Moon.,35,movie,469019,/kKzopOFXz9YfsCTqg3XpF0GoypX.jpg,[8],7.457,2.1844,2017-09-05,['Netflix']
The Dirt,The story of Mötley Crüe and their rise from the Sunset Strip club scene of the early 1980s to superstardom.,35,movie,327331,/xGY5rr8441ib0lT9mtHZn7e8Aay.jpg,[8],7.457,2.9847,2019-03-22,['Netflix']
Bill Burr: Paper Tiger,"Comedian Bill Burr talks male feminists, outrage culture, robot sex, and cultural appropriation in this standup comedy special shot in London.",35,movie,625128,/zho1ypBSxia3bHCSeB4Znpzh7nM.jpg,[8],7.43,1.7725,2019-09-10,['Netflix']
Mixed by Erry,"The rise and fall of the pirate mixtape empire of three brothers from Naples, Italy, during the '80s.",35,movie,921785,/tCTqW2YLxx6gqrPFTlMswvDunuQ.jpg,[8],7.427,1.2887,2023-03-02,['Netflix']
Pad Man,"Upon realizing the extent to which women are affected by their menses, a man sets out to create a sanitary pad machine and to provide inexpensive sanitary pads to the women of rural India.",35,movie,447856,/guI9SEqpZ6A0mhYpngb1gwAy6N2.jpg,[8],7.4,2.2041,2018-02-09,['Netflix']
The Three Deaths of Marisela Escobedo,"After the death of her daughter at the hand of her boyfriend, Marisela Escobedo began to fight for justice not only against the murderer but also against the corrupt Mexican judicial system.",80,movie,753230,/4E7nNHIchHWzpETfwAERxFuviO6.jpg,[8],8.8,0.7759,2020-10-14,['Netflix']
Forgotten,"Seoul, South Korea, 1997. When the young but extremely anxious student Jin-seok, his parents and his successful older brother Yoo-seok move to a new home, mysterious and frightening events begin to happen around them, unexplained events that threaten to ruin their seemingly happy lives. Unable to understand what is happening, Jin-seok wonders if he is losing his mind.",80,movie,488623,/nlI9QeP9n7vBmmi9KbnssPR10j0.jpg,[8],7.918,6.6583,2017-11-29,['Netflix']
Seaspiracy,"Passionate about ocean life, a filmmaker sets out to document the harm that humans do to marine species — and uncovers an alarming global conspiracy.",80,movie,801058,/iFNri0fwn1WfCoxf3H3v1z8dCm4.jpg,[8],7.843,1.2831,2021-03-24,['Netflix']
A Sun,"A family of four fractures under the weight of unmet expectations, unexpected tragedy, and uncompromising pride.",80,movie,622951,/oMdGYF0IBSJKgiNOuDoagmnOstu.jpg,[8],7.7,1.2957,2019-11-01,['Netflix']
Drishyam,A simple street-smart man tries to protect his family from a cop looking for her missing son who was accidently killed by his daughter.,80,movie,352173,/gIClWRv5OSe8rl5Koi0AeUcCZ9Z.jpg,[8],7.658,2.2897,2015-07-30,['Netflix']
The Irishman,"Pennsylvania, 1956. Frank Sheeran, a war veteran of Irish origin who works as a truck driver, accidentally meets mobster Russell Bufalino. Once Frank becomes his trusted man, Bufalino sends him to Chicago with the task of helping Jimmy Hoffa, a powerful union leader related to organized crime, with whom Frank will maintain a close friendship for nearly twenty years.",80,movie,398978,/mbm8k3GFhXS0ROd9AD1gqYbIFbM.jpg,[8],7.593,9.9909,2019-11-01,['Netflix']
Mom,"After her stepdaughter is sexually assaulted at a party, a furious mother sets out to destroy the lives of the four perpetrators who walked free.",80,movie,404604,/zZwbntqdfKdVgzH1RoMHa99g0mJ.jpg,[8],7.6,2.2075,2017-07-07,['Netflix']
Shiny_Flakes: The Teenage Drug Lord,"Max S. reveals how he built a drug empire from his childhood bedroom in this story that inspired the series ""How to Sell Drugs Online.""",80,movie,850329,/l3MsAxSnHo94ZAPT8zftsXO8y9X.jpg,[8],7.54,1.7078,2021-08-02,['Netflix']
Article 15,"A young IPS officer’s new posting in rural India has him confronting caste disparities and uncomfortable truths in the face of a gruesome crime. When three girls go missing in the fictional village of Lalgaon, two of them are found dead and there is no trace of the third one. Where is she and who is responsible for this heinous act?",80,movie,597089,/7pCaexxVAq37Q9Rzo3saBP8DOHn.jpg,[8],7.536,2.177,2019-05-28,['Netflix']
The Unforgivable,A woman is released from prison after serving a sentence for a violent crime and re-enters a society that refuses to forgive her past.,80,movie,645886,/1b3dNFDuE7i05TJlXrIC571yR01.jpg,[8],7.427,3.6103,2021-11-24,['Netflix']
Gangubai Kathiawadi,"Duped and sold to a brothel, a young woman fearlessly reclaims her power, using underworld connections to preside over the world she was once a pawn in.",80,movie,664332,/wHPEKlzg7CaJFCjWlMdZKpCRIDl.jpg,[8],7.426,2.2708,2022-02-24,['Netflix']
Badla,A dynamic young entrepreneur finds herself locked in a hotel room with the corpse of her dead lover. She hires a prestigious lawyer to defend her and they work together to figure out what actually happened.,80,movie,581361,/eKpzbERuhogYTwI3PwfVsAHXnuO.jpg,[8],7.361,2.467,2019-03-08,['Netflix']
"The Pig, the Snake and the Pigeon","The arrogant, third most-wanted criminal in Taiwan, decides to get rid of the top two competitors and crowns himself the most-wanted criminal before dying.",80,movie,1046090,/9FhZ9VC999qeOWH2ytbangUMMt4.jpg,[8],7.276,2.8175,2023-10-06,['Netflix']
Holy Spider,"A journalist descends into the dark underbelly of the Iranian holy city of Mashhad as she investigates the serial killings of sex workers by the so called ""Spider Killer"", who believes he is cleansing the streets of sinners.",80,movie,889699,/6ObJ4x7m1F5QRY06WzOxNJQHwGb.jpg,[8],7.3,2.6319,2022-07-13,['Netflix']
Enola Holmes,"While searching for her missing mother, intrepid teen Enola Holmes uses her sleuthing skills to outsmart big brother Sherlock and help a runaway lord.",80,movie,497582,/riYInlsq2kf1AWoGm80JQW5dLKp.jpg,[8],7.258,9.4278,2020-09-23,['Netflix']
The Shadow Strays,"Skilled in the art of killing, a young assassin defies her mentor to save a boy from a ruthless crime syndicate — and she'll destroy anyone in her path.",80,movie,1151949,/cfkcrKySRyJiIdLo6c6kNSyLFh7.jpg,[8],7.248,11.1277,2024-09-10,['Netflix']
Mersal,"A few individuals in the medical profession are murdered or kidnapped, and the cop investigating the case suspects a doctor and arrests him. But is he the one who is behind these crimes? And why are they being committed?",80,movie,456287,/65Q1wpRPZ5E3UVUv2V5JBbJQCcj.jpg,[8],7.2,2.2912,2017-10-18,['Netflix']
Believer,"After a traumatic event, a drug trafficker turns sides and conspires with a dangerously ambitious undercover police officer to bring down the mysterious kingpin of a major drug cartel.",80,movie,518963,/8mXEq5vomTKsR5YTQIgLj1b2phZ.jpg,[8],7.2,3.0117,2018-05-22,['Netflix']
The Devil All the Time,"In Knockemstiff, Ohio and its neighboring backwoods, sinister characters converge around young Arvin Russell as he fights the evil forces that threaten him and his family.",80,movie,499932,/sdMZmKVvrnyYbl9Az4L6ehuIrFp.jpg,[8],7.205,5.9243,2020-09-11,['Netflix']
Long Shot,"When Juan Catalan is arrested for a murder he insists he didn't commit, he builds his case for innocence around unexpected raw footage.",80,movie,477331,/8LDeHrG8RBluJ7IkPgBaOMkU3fl.jpg,[8],7.203,0.9153,2017-09-03,['Netflix']
Ludo,"Ludo is about the butterfly effect and how, despite all the chaos and crowd of the world, all our lives are inextricably connected. From a resurfaced sex tape to a rogue suitcase of money, four wildly different stories overlap at the whims of fate, chance and one eccentric criminal.",80,movie,658412,/zWq4HzuIcvoFss4BDkILYZqceuw.jpg,[8],7.2,1.2089,2020-11-12,['Netflix']
Untold: Malice at the Palace,"Key figures from an infamous 2004 incident between players and fans at an NBA game in Michigan discuss the fight, its fallout, and its lasting legacy.",80,movie,857497,/bjvxSGfghSNTgfVDf3nQ4sJCVJX.jpg,[8],7.2,1.2856,2021-08-10,['Netflix']
Udta Punjab,"Drug abuse and the darker side of Punjab rear their heads in the intense, interwoven tales of a policeman, a doctor, a migrant worker, and a rockstar.",80,movie,398535,/c7BXGhHwvK1AfDCmfPTtw5LsuIU.jpg,[8],7.2,2.8048,2016-06-17,['Netflix']
Jawan,"An emotional journey of a prison warden, driven by a personal vendetta while keeping up to a promise made years ago, recruits inmates to commit outrageous crimes that shed light on corruption and injustice, in an attempt to get even with his past,  and that leads him to an unexpected reunion.",80,movie,872906,/ddAHq5R52rZSuTq3nV7AphPo7Ff.jpg,[8],7.151,8.4448,2023-09-07,['Netflix']
Queen & Slim,"While on a forgettable first date together in Ohio, a black man and a black woman are pulled over for a minor traffic infraction. The situation escalates, with sudden and tragic results.",80,movie,536743,/qfIJOmsiBcum6EGosiy5gTF6ihk.jpg,[8],7.137,3.0859,2019-11-27,['Netflix']
22 July,"On 22 July 2011, neo-Nazi terrorist Anders Behring Breivik murdered 77 young people attending a Labour Party Youth Camp on Utøya Island outside of Oslo. This three-part story focuses on the survivors, the political leadership of Norway, and the lawyers involved.",80,movie,474354,/rd940KzuIZwbdOvOUF7XDTzn8te.jpg,[8],7.08,2.6733,2018-10-04,['Netflix']
Patriots Day,"In the aftermath of an unspeakable act of terror, Police Sergeant Tommy Saunders joins courageous survivors, first responders and investigators in a race against the clock to hunt down the Boston Marathon bombers before they strike again.",80,movie,388399,/mIDxsJTrOC7NhgOo3GziiHyKfsQ.jpg,[8],7.057,6.4314,2016-12-12,['Netflix']
Glass Onion: A Knives Out Mystery,World-famous detective Benoit Blanc heads to Greece to peel back the layers of a mystery surrounding a tech billionaire and his eclectic crew of friends.,80,movie,661374,/vDGr1YdrlfbU9wxTOdpf3zChmv9.jpg,[8],7.052,10.7295,2022-11-23,['Netflix']
7 Prisoners,An impoverished teen seeking to escape the clutches of a human trafficker must weigh living up to his moral code against his struggle to survive.,80,movie,785538,/5svMKCGnR6Yvj8wxldvDvgUi0Jk.jpg,[8],7.047,1.6372,2021-10-22,['Netflix']
How I Became a Gangster,"The action of the film begins in the 1970s – even then, the young protagonist knows that adrenaline tastes better than powdered milk. Over time, he also discovers a desire for money, power, and being above the law. A transformation begins, and his gangster talent blossoms. Together with a friend, they build their own army.",80,movie,660033,/oEvk45mBpE6s6wmIjvCTbdaMMpB.jpg,[8],7.0,1.195,2019-12-25,['Netflix']
"Extremely Wicked, Shockingly Evil and Vile","A chronicle of the crimes of Ted Bundy, from the perspective of his longtime girlfriend, Elizabeth Kloepfer, who refused to believe the truth about him for years.",80,movie,457799,/a7dVwEBU3vupg3hZQMeyL6ksz0F.jpg,[8],7.006,5.143,2019-05-02,['Netflix']
Scream VI,"Following the latest Ghostface killings, the four survivors leave Woodsboro behind and start a fresh chapter.",80,movie,934433,/wDWwtvkRRlgTiUr6TyLSMX8FCuZ.jpg,[8],6.995,15.7698,2023-03-08,['Netflix']
Rebel Ridge,A former Marine confronts corruption in a small town when local law enforcement unjustly seizes the bag of cash he needs to post his cousin's bail.,80,movie,646097,/xEt2GSz9z5rSVpIHMiGdtf0czyf.jpg,[8],6.99,22.311,2024-08-27,['Netflix']
The Tinder Swindler,"Posing as a wealthy, jet-setting diamond mogul, an Israeli conman wooed women online then conned them out of millions of dollars. Now some victims plan for payback.",80,movie,923632,/iLUSFjdavIf0SrP7ldoQ1xomQVC.jpg,[8],6.989,2.5027,2022-02-02,['Netflix']
Trial by Fire,"The tragic and controversial story of Cameron Todd Willingham, who was executed in Texas for killing his three children after scientific evidence and expert testimony that bolstered his claims of innocence were suppressed.",80,movie,481880,/Aeon31iP17ys9FesAK3bLycXI6v.jpg,[8],6.962,2.7585,2019-05-17,['Netflix']
El Camino: A Breaking Bad Movie,"In the wake of his dramatic escape from captivity, Jesse Pinkman must come to terms with his past in order to forge some kind of future.",80,movie,559969,/ePXuKdXZuJx8hHMNr2yM4jY2L7Z.jpg,[8],6.961,8.3421,2019-10-11,['Netflix']
Heroin(e),"This documentary follows three women — a fire chief, a judge, and a street missionary — as they battle West Virginia's devastating opioid epidemic.",80,movie,475345,/rweSROB7BEo8cI1EHcoTKBNw5m9.jpg,[8],6.9,1.7385,2017-09-03,['Netflix']
Sicario: Day of the Soldado,Agent Matt Graver teams up with operative Alejandro Gillick to prevent Mexican drug cartels from smuggling terrorists across the United States border.,80,movie,400535,/msqWSQkU403cQKjQHnWLnugv7EY.jpg,[8],6.934,13.1616,2018-06-27,['Netflix']
Street Flow,"Noumouké, from the suburb of Paris, is about to decide which brother's foot steps to follow - the lawyer student Soulaymaan or the gangster Demba.",80,movie,614488,/rhOFpiEDA9S2rmuz5990KBjLgcP.jpg,[8],6.9,1.2178,2019-10-12,['Netflix']
Chor Nikal Ke Bhaga,A flight attendant and her boyfriend must steal a cache of diamonds to clear an old debt — but the plan spins into a mayhem when the plane gets hijacked.,80,movie,1018228,/1MIDERaEUMw1rYDM99tGZPY80Ap.jpg,[8],6.917,1.2689,2023-03-24,['Netflix']
Operation Varsity Blues: The College Admissions Scandal,"An examination that goes beyond the celebrity-driven headlines and dives into the methods used by Rick Singer, the man at the center of the shocking 2019 college admissions scandal, to persuade his wealthy clients to cheat an educational system already designed to benefit the privileged.",80,movie,799555,/qZJuctnatinO0OpnruGOWaT4Bga.jpg,[8],6.9,1.4496,2021-03-17,['Netflix']
David Attenborough: A Life on Our Planet,"The story of life on our planet by the man who has seen more of the natural world than any other. In more than 90 years, Attenborough has visited every continent on the globe, exploring the wild places of our planet and documenting the living world in all its variety and wonder. Addressing the biggest challenges facing life on our planet, the film offers a powerful message of hope for future generations.",99,movie,664280,/zSKwyUDKDHiFU5syTTvQRDcGBPS.jpg,[8],8.449,3.1644,2020-09-28,['Netflix']
BLACKPINK: Light Up the Sky,Record-shattering Korean girl band BLACKPINK tell their story —  and detail the hard fought journey of the dreams and trials behind their meteoric rise.,99,movie,740996,/wwrvjmcgkDyB2RbCbIVLXZf82pl.jpg,[8],8.238,3.2182,2020-10-14,['Netflix']
Shawn Mendes: In Wonder,"A portrait of singer-songwriter Shawn Mendes' life, chronicling the past few years of his rise and journey.",99,movie,752939,/aSs7V3ryvxCSpcXcxf9NY8YBtGC.jpg,[8],8.2,0.7036,2020-11-23,['Netflix']
HOMECOMING: A film by Beyoncé,"This intimate, in-depth look at Beyoncé's celebrated 2018 Coachella performance reveals the emotional road from creative concept to cultural movement.",99,movie,593691,/nKdP4K3Bj3qnjtDCq9lTg7UOHVy.jpg,[8],8.1,1.9196,2019-04-16,['Netflix']
"ariana grande: excuse me, i love you",Ariana Grande takes the stage in London for her Sweetener World Tour and shares a behind-the-scenes look at her life in rehearsal and on the road.,99,movie,774372,/cvBVd5DwAwYOakF0U1qsYdysQ08.jpg,[8],8.0,1.6459,2020-12-21,['Netflix']
Won't You Be My Neighbor?,"For more than thirty years, and through his television program, Fred Rogers (1928-2003), host, producer, writer and pianist, accompanied by his puppets and his many friends, spoke directly to young children about some of life's most important issues.",99,movie,490003,/8qE8NZjiP2M884baH0VoLF828Vp.jpg,[8],8.01,3.3265,2018-06-29,['Netflix']
Disclosure,"An investigation of how Hollywood's fabled stories have deeply influenced how Americans feel about transgender people, and how transgender people have been taught to feel about themselves.",99,movie,653610,/2MB2FPNxdSlykbH7ghBltoBYnTH.jpg,[8],7.944,3.4028,2020-06-19,['Netflix']
Winter on Fire: Ukraine's Fight for Freedom,"A documentary on the unrest in Ukraine during 2013 and 2014, as student demonstrations supporting European integration grew into a violent revolution calling for the resignation of President Viktor F. Yanukovich.",99,movie,355020,/xGKMWhYsK3OxQ6ceqMnvXBfFd7G.jpg,[8],7.9,1.5601,2015-09-03,['Netflix']
Miss Americana,"A raw and emotionally revealing look at one of the most iconic artists of our time during a transformational period in her life as she learns to embrace her role not only as a songwriter and performer, but as a woman harnessing the full power of her voice.",99,movie,653567,/z1HiEB1UEfdA5fPkngekjQ2vlCC.jpg,[8],7.9,2.5564,2020-01-31,['Netflix']
13th,An in-depth look at the prison system in the United States and how it reveals the nation's history of racial inequality.,99,movie,407806,/tcKNWD6IFPPsvkpvyZ548naz0is.jpg,[8],7.896,2.855,2016-10-07,['Netflix']
My Octopus Teacher,"After years of swimming every day in the freezing ocean at the tip of Africa, Craig Foster meets an unlikely teacher: a young octopus who displays remarkable curiosity. Visiting her den and tracking her movements for months on end he eventually wins the animal’s trust and they develop a never-before-seen bond between human and wild animal.",99,movie,682110,/hvTVZb7hBC8tZAGoEhH5eiMJu2B.jpg,[8],7.878,2.6989,2020-09-04,['Netflix']
Creating The Queen's Gambit,"A fascinating character. Exquisite sets. A wig for every era. The stars, creators and crew reveal how the hit series about a chess prodigy came to life.",99,movie,784047,/gKxPyeItCrOscP8On4y5sG3WY9A.jpg,[8],7.9,1.0038,2021-01-10,['Netflix']
The Greatest Night in Pop,"On a January night in 1985, music's biggest stars gathered to record ""We Are the World."" This documentary goes behind the scenes of the historic event.",99,movie,1226841,/jDz4wFujk94tQP9Sx6EMKDULvkn.jpg,[8],7.872,1.0862,2024-01-19,['Netflix']
The Mole Agent,"When a daughter becomes concerned about her mother's well-being in a retirement home, private investigator Romulo hires Sergio, an 83-year-old man who becomes a new resident—and a mole inside the home, who struggles to balance his assignment with becoming increasingly involved in the lives of several residents.",99,movie,653756,/eWKySzO45iIbT4yL2zVkVB2w6MR.jpg,[8],7.843,0.9471,2020-12-11,['Netflix']
Period. End of Sentence.,"In an effort to improve feminine hygiene, a machine that creates low-cost biodegradable sanitary pads is installed in a rural village in Northern India. Using the machine, a group of local women is employed to produce and sell pads, offering them newfound independence and helping to destigmatize menstruation for all.",99,movie,524288,/dsCeBj8oabzsHQOGGLPrmrqIvDs.jpg,[8],7.8,0.8086,2018-04-05,['Netflix']
The Look of Silence,"An optician grapples with the Indonesian mass killings of 1965-1966, during which his older brother was exterminated.",99,movie,267480,/7TakQLT8gyzIMG8hX8RLTd5qROQ.jpg,[8],7.785,1.949,2015-07-17,['Netflix']
Chasing Coral,"Coral reefs are the nursery for all life in the oceans, a remarkable ecosystem that sustains us. Yet with carbon emissions warming the seas, a phenomenon called “coral bleaching”—a sign of mass coral death—has been accelerating around the world, and the public has no idea of the scale or implication of the catastrophe silently raging underwater.",99,movie,432615,/AvRHRqI4ahmEwscylU10iaNo5RY.jpg,[8],7.663,1.3693,2017-03-16,['Netflix']
Puff: Wonders of the Reef,A baby pufferfish travels through a wondrous microworld full of fantastical creatures as he searches for a home on the Great Barrier Reef.,99,movie,890601,/3jW7VXaI955lIfegDlB0F5OShbP.jpg,[8],7.7,1.901,2021-10-01,['Netflix']
The Edge of Democracy,"A cautionary tale for these times of democracy in crisis—the personal and political fuse to explore one of the most dramatic periods in Brazilian history. With unprecedented access to Presidents Dilma Rousseff and Lula da Silva, we witness their rise and fall and the tragically polarized nation that remains.",99,movie,566221,/mIbPkZelgguJMPOx9vvCb5oqMxI.jpg,[8],7.648,1.5391,2019-01-24,['Netflix']
Icarus,"While investigating the furtive world of illegal doping in sports, director Bryan Fogel connects with renegade Russian scientist Dr. Grigory Rodchenkov—a pillar of his country’s “anti-doping” program. Over dozens of Skype calls, urine samples, and badly administered hormone injections, Fogel and Rodchenkov grow closer despite shocking allegations that place Rodchenkov at the center of Russia’s state-sponsored Olympic doping program.",99,movie,432976,/x5azMi1KvZWbBbfjmGqpHNGqjH.jpg,[8],7.643,2.1509,2017-06-03,['Netflix']
Going Clear: Scientology and the Prison of Belief,"GOING CLEAR intimately profiles eight former members of the Church of Scientology, shining a light on how they attract true believers and the things they do in the name of religion.",99,movie,318224,/zWHQYR9srde9nZjU6Dot8qTjoni.jpg,[8],7.6,1.8786,2015-01-25,['Netflix']
Athlete A,Follow the Indianapolis Star reporters that broke the story about USA Gymnastics doctor Larry Nassar's abuse and hear from gymnasts.,99,movie,684700,/jUVbqKcDgcLSS5s4UV82XUkMKlU.jpg,[8],7.57,1.3458,2020-06-23,['Netflix']
The Deepest Breath,"Bonded by their love of freediving, a record-setting champion and a heroic safety diver try to make history with a remarkable feat, ready to risk it all.",99,movie,1058647,/4gKAn4npGEBi0HZAbwFZ77reLBR.jpg,[8],7.5,1.4029,2023-01-21,['Netflix']
Stutz,"In candid conversations with actor Jonah Hill, leading psychiatrist Phil Stutz explores his early life experiences and unique, visual model of therapy.",99,movie,799375,/uOiJmotRM12wsgfwiEXsp3AErdU.jpg,[8],7.5,1.6341,2022-11-14,['Netflix']
Cuba and the Cameraman,This revealing portrait of Cuba follows the lives of Fidel Castro and three Cuban families affected by his policies over the last four decades.,99,movie,474433,/qaHgQmUAAsB7FzMFQZUp6MfG1r2.jpg,[8],7.5,2.004,2017-09-08,['Netflix']
The Irishman: In Conversation,"Martin Scorsese, Robert De Niro, Joe Pesci, and Al Pacino in conversation about The Irishman.",99,movie,651724,/fF704pR8xsNjI7dVi4M4rPUqxvU.jpg,[8],7.5,1.7986,2019-11-27,['Netflix']
The Speed Cubers,This documentary captures the extraordinary twists and turns in the journeys of Rubik's Cube-solving champions Max Park and Feliks Zemdegs.,99,movie,720748,/wuJmswUneNrlCUYpZ8NDU7FHjIG.jpg,[8],7.47,1.4129,2020-07-28,['Netflix']
The Menendez Brothers,"Serving life in prison for murdering their parents, Lyle and Erik Menendez speak out in this documentary explaining the shocking crime and ensuing trials.",99,movie,1360610,/zQ32RXVzrNq93TgfKMP4Q3rkzDe.jpg,[8],7.452,2.7932,2024-10-07,['Netflix']
Money Heist: The Phenomenon,A documentary on why 'Money Heist' sparked a wave of enthusiasm around the world for a lovable group of thieves and their professor.,99,movie,689249,/AboUXTrDWEi0PuZUqaft0iwBTm7.jpg,[8],7.446,2.9128,2020-04-03,['Netflix']
The Social Dilemma,"This documentary-drama hybrid explores the dangerous human impact of social networking, with tech experts sounding the alarm on their own creations.",99,movie,656690,/jdmagxKK7g2rPkdltC7Kga2MBbp.jpg,[8],7.445,6.6073,2020-01-26,['Netflix']
Gaga: Five Foot Two,"Follow pop provocateur Lady Gaga as she releases a new album, preps for her Super Bowl halftime show, and confronts physical and emotional struggles.",99,movie,472424,/g0NONcnzzvWoASFjFoDqXZUW6SV.jpg,[8],7.441,2.5749,2017-09-21,['Netflix']
"What Happened, Miss Simone?","The film chronicles Nina Simone's journey from child piano prodigy to iconic musician and passionate activist, told in her own words.",99,movie,318044,/8XpM91NVq6IyCnDkiWf4xjHpewK.jpg,[8],7.412,2.2564,2015-01-22,['Netflix']
The Redeem Team,"Using unprecedented Olympic footage and behind-the-scenes material, The Redeem Team tells the story of the US Olympic Men's Basketball Team’s quest for gold at the 2008 Olympic Games in Beijing following the previous team’s shocking performance four years earlier in Athens.",99,movie,1018648,/iXu5rPQYean8AktqZHmWb27rOEe.jpg,[8],7.4,0.8579,2022-10-07,['Netflix']
Becoming,"Join former first lady Michelle Obama in an intimate documentary looking at her life, hopes and connection with others.",99,movie,699280,/f0vo1yoEVlbpJ0Fkn0FgU7dTrO8.jpg,[8],7.4,0.7941,2020-05-06,['Netflix']
The White Helmets,"As daily airstrikes pound civilian targets in Syria, a group of indomitable first responders risk their lives to rescue victims from the rubble.",99,movie,416211,/w5wJW2MrmhoZYSrCzaB8WxkYDEC.jpg,[8],7.399,1.7275,2016-09-16,['Netflix']
Whitney,"Examines the life and career of singer Whitney Houston. Features never-before-seen archival footage, exclusive recordings, rare performances and interviews with the people who knew her best.",99,movie,507256,/j1c6dTycYBMZs2T1wKA6bknLLa6.jpg,[8],7.38,1.2804,2018-07-05,['Netflix']
Tell Me Who I Am,"In this documentary, Alex trusts his twin, Marcus, to tell him about his past after he loses his memory. But Marcus is hiding a dark family secret.",99,movie,627070,/lsNmkdrFLqbUiaqpCefABipGl1H.jpg,[8],7.359,1.5669,2019-10-18,['Netflix']
The Elephant Whisperers,"Bomman and Bellie, a couple in south India, devote their lives to caring for an orphaned baby elephant named Raghu, forging a family like no other.",99,movie,1041580,/rRn0Uj2WXal7FkWWyKK0bleQlOy.jpg,[8],7.35,0.7949,2022-12-07,['Netflix']
14 Peaks: Nothing Is Impossible,"In 2019, Nepalese mountain climber Nirmal “Nims” Purja set out to do the unthinkable by climbing the world’s fourteen highest summits in less than seven months. (The previous record was eight years). He called the effort “Project Possible 14/7” and saw it as a way to inspire others to strive for greater heights in any pursuit. The film follows his team as they seek to defy naysayers and push the limits of human endurance.",99,movie,890825,/saGMNCD6ayFqmOb9mX2MkkMmW7w.jpg,[8],7.345,1.6356,2021-11-12,['Netflix']
A Secret Love,"Amid shifting times, two women kept their decades-long love a secret. But coming out later in life comes with its own set of challenges.",99,movie,687156,/28LNd4KEpqt9i8sgXrVcrdr2kgI.jpg,[8],7.3,1.5563,2020-04-29,['Netflix']
Quincy,"An intimate look into the life of icon Quincy Jones. A unique force in music and popular culture for 70 years, Jones has transcended racial and cultural boundaries; his story is inextricably woven into the fabric of America.  Jones came to prominence in the 1950s as a jazz arranger and conductor before working on pop music and film scores. He moved easily between musical genres, producing major pop hits of the early 1960s  and serving as an arranger and conductor for several collaborations in the same time period.",99,movie,504561,/yYtY9CRLyz4dXqTOiimdMF7Nt4e.jpg,[8],7.324,1.4687,2018-09-09,['Netflix']
Inside the Mind of a Cat,Cat experts dive into the mind of the feline to reveal the true capabilities of the pouncing pet in this captivating and cuddly documentary.,99,movie,1003180,/lqngTIvF2UdcK9uTZ8nLX3AfbHp.jpg,[8],7.319,1.11,2022-08-18,['Netflix']
The Game Changers,"From the UFC Octagon in Las Vegas and the anthropology lab at Dartmouth, to a strongman gym in Berlin and the bushlands of Zimbabwe, the world is introduced to elite athletes, special ops soldiers, visionary scientists, cultural icons, and everyday heroes—each on a mission to create a seismic shift in the way we eat and live.",99,movie,463088,/eufF3xEif5EZ1gTjdubw3KWh9xU.jpg,[8],7.315,3.5732,2019-09-16,['Netflix']
Shirkers,"In 1992, teenager Sandi Tan shot Singapore's first indie road movie with her enigmatic American mentor Georges – who then vanished with all the footage. Twenty years later, the 16mm film is recovered, sending Tan, now a novelist in Los Angeles, on a personal odyssey in search of Georges' vanishing footprints.",99,movie,489994,/spd1fZNePSQFRhNam66jx3ZMoxF.jpg,[8],7.314,0.8002,2018-01-21,['Netflix']
Pelé,"Against the backdrop of a turbulent era in Brazil, this documentary captures Pelé's extraordinary path from breakthrough talent to national hero. Mixing rare archival footage and exclusive interviews, this documentary celebrates the legendary Brazilian footballer who personified football as art.",99,movie,785976,/tX2gco2U4MlKEWwM4UkiIf1C74e.jpg,[8],7.302,1.7931,2021-02-23,['Netflix']
Drawing Closer,"With only a year left to live, 17-year-old Akito finds new meaning in life by bringing joy to a terminally ill girl who has just six months remaining.",18,movie,1291559,/7hpKwUCLb0U0elOMiJHSvHimPco.jpg,[8],8.377,13.9209,2024-06-26,['Netflix']
The Forge,"19 year old Isaiah Wright lives for basketball and video games. A year out of high school, he has no job, no plans, and no idea how to be a man. At odds with his single mother Cynthia, Isaiah is given an ultimatum – to step up or move out. Feeling the pull from his friends and the push from his mom, Isaiah is hired by Moore Fitness, unaware of how the owner will personally impact his life. With the prayers of his mother and unexpected guidance from his new mentor, Isaiah is forced to deal with his past, sacrifice his selfishness and discover how God might have a greater purpose for his life.",18,movie,1186532,/oranxontIQRmhuyQlkoAwxpeBYz.jpg,[8],8.3,18.834,2024-08-22,['Netflix']
Simón,"Simón, a Venezuelan freedom fighter exiled in Miami, copes not only with trauma, but also deep guilt over a choice he must make: stay in Miami and start a new life, or return home to the losing fight against a tyrannical regime.",18,movie,1105832,/9ltmI5Mef0NHWm4Nxcpm6hT8VhY.jpg,[8],8.3,1.2577,2023-04-15,['Netflix']
Miracle in Cell No. 7,"Separated from his daughter, a father with an intellectual disability must prove his innocence when he is jailed for the death of a commander's child.",18,movie,637920,/bOth4QmNyEkalwahfPCfiXjNh1r.jpg,[8],8.258,6.7331,2019-10-10,['Netflix']
20th Century Girl,"In 1999, a teen girl keeps close tabs on a boy in school on behalf of her deeply smitten best friend – then she gets swept up in a love story of her own.",18,movie,851644,/j73DItU1L0N7nmGA9S6sjwxKzPM.jpg,[8],8.183,18.1837,2022-10-06,['Netflix']
How to Make Millions Before Grandma Dies,"M, a university dropout low on money and luck, volunteers to take care of his terminally ill grandmother, in the hope of pocketing an inheritance.",18,movie,1103621,/9Xa0Grd2jq2lM2gqcoTB4F9TjMd.jpg,[8],8.11,22.1008,2024-04-04,['Netflix']
Purple Hearts,"An aspiring musician agrees to a marriage of convenience with a soon-to-deploy Marine, but a tragedy soon turns their fake relationship all too real.",18,movie,762975,/4JyNWkryifWbWXJyxcWh3pVya6N.jpg,[8],8.097,11.3783,2022-07-29,['Netflix']
Lion,"A five-year-old Indian boy gets lost on the streets of Calcutta, thousands of kilometers from home. He survives many challenges before being adopted by a couple in Australia; 25 years later, he sets out to find his lost family.",18,movie,334543,/iBGRbLvg6kVc7wbS8wDdVHq6otm.jpg,[8],8.047,11.1962,2016-11-24,['Netflix']
Paper Lives,"In the streets of Istanbul, ailing waste warehouse worker Mehmet takes a small boy under his wing and must soon confront his own traumatic childhood.",18,movie,785534,/cmru6N6Hnw2pJwuo1ctH1CxKqKZ.jpg,[8],8.0,1.476,2021-03-12,['Netflix']
On My Skin,"The incredible true story behind the most controversial Italian court cases in recent years. Stefano Cucchi was arrested for a minor crime and mysteriously found dead during his detention. In one week's time, a family is changed forever.",18,movie,538362,/rwPgE6fLxuJmPWi8fFjgENJMAjr.jpg,[8],8.031,2.2495,2018-09-12,['Netflix']
12th Fail,"Based on the true story of IPS officer Manoj Kumar Sharma, 12th Fail sheds limelight on fearlessly embracing the idea of restarting the academic journey despite the setbacks and challenges and reclaiming one's destiny at a place where millions of students attempt the world's toughest competitive exam: UPSC.",18,movie,1163258,/eebUPRI4Z5e1Z7Hev4JZAwMIFkX.jpg,[8],8.0,7.1587,2023-08-11,['Netflix']
Beyond the Universe,"While waiting for a kidney transplant, a young pianist finds an unexpected connection with her doctor — and the courage to fulfill her musical dreams.",18,movie,962232,/AlAP6WRSBuf5cP8OgpHTF45BPUp.jpg,[8],8.011,1.5831,2022-10-27,['Netflix']
Society of the Snow,"On October 13, 1972, Uruguayan Air Force Flight 571, chartered to take a rugby team to Chile, crashes into a glacier in the heart of the Andes.",18,movie,906126,/2e853FDVSIso600RqAMunPxiZjq.jpg,[8],8.002,7.5533,2023-12-15,['Netflix']
1917,"At the height of the First World War, two young British soldiers must cross enemy territory and deliver a message that will stop a deadly attack on hundreds of soldiers.",18,movie,530915,/iZf0KyrE25z1sage4SYFLCCrMi9.jpg,[8],7.989,11.8122,2019-12-25,['Netflix']
The House of Flowers: The Movie,The De La Mora siblings concoct a mischievous plan to break into their old family home to retrieve a hidden treasure of significant importance.,18,movie,833971,/nzbwTwSo8aKuvAytaPG6s0xGVE8.jpg,[8],8.0,1.5265,2021-06-23,['Netflix']
My Father's Violin,"Through their shared grief and connection to music, an orphaned girl bonds with her emotionally aloof, successful violinist uncle.",18,movie,920394,/bwvoSRyXRRqtpvoHYhySQk2U4EM.jpg,[8],7.9,1.5604,2022-01-21,['Netflix']
The Boy Who Harnessed the Wind,"Against all the odds, a thirteen year old boy in Malawi invents an unconventional way to save his family and village from famine.",18,movie,491480,/yOr7RxHw15MMXNxGMXSmngDqHyI.jpg,[8],7.9,9.7815,2019-02-14,['Netflix']
I'm No Longer Here,"In Monterrey, Mexico, a young street gang spends their days dancing to slowed-down cumbia and attending parties. After a mix-up with a local cartel, their leader is forced to migrate to the U.S. but quickly longs to return home.",18,movie,582927,/AtfK71xkVaaHTZwU5mgfDgBqg9Y.jpg,[8],7.9,1.9656,2019-10-21,['Netflix']
Your Name Engraved Herein,"In 1987, as martial law ends in Taiwan, Jia-han and Birdy fall in love amid family pressure, homophobia and social stigma.",18,movie,719410,/eN6vfRgTAoKGKZExeq2xaE8ow0N.jpg,[8],7.877,5.625,2020-09-30,['Netflix']
Let Go,A jaded mother makes a last-ditch effort to keep her family together by taking them on a trip to their teenage daughter’s pole dancing competition.,18,movie,1214484,/hIJRqqAaMUtQ13mZL6lCE6myhXH.jpg,[8],7.86,5.9782,2024-11-01,['Netflix']
Forgotten Love,A once-respected surgeon who's lost his family and his memory gets a chance at redemption when he reconnects with someone from his forgotten past.,18,movie,1081676,/8mHfCmc2dt6wk2DNc0NXlYXOzVj.jpg,[8],7.863,4.0209,2023-09-26,['Netflix']
Dance of the Forty One,"Mexico City, November 1901. The police raid a private home where a secret party is being held. Among those attending is the son-in-law of President Porfirio Díaz.",18,movie,660637,/jcSqwsEtT7wKfQ8oKaaulMMGUdS.jpg,[8],7.834,1.9354,2020-11-19,['Netflix']
The Whale,A reclusive English teacher suffering from severe obesity attempts to reconnect with his estranged teenage daughter for one last chance at redemption.,18,movie,785084,/jQ0gylJMxWSL490sy0RrPj1Lj7e.jpg,[8],7.8,10.6946,2022-12-09,['Netflix']
The Shadow in My Eye,"On March 21st, 1945, the British Royal Air Force set out on a mission to bomb Gestapo's headquarters in Copenhagen. The raid had fatal consequences as some of the bombers accidentally targeted a school and more than 120 people were killed, 86 of whom were children.",18,movie,650031,/jCKvbH3a4V5IPoRAG85eDaniNqO.jpg,[8],7.822,4.5203,2021-10-28,['Netflix']
Tune in for Love,"During the 1990s, hardworking Mi-soo and optimistic Hyun-woo meet at a bakery and fall in love while exchanging stories on a radio station, but while their paths keep crossing, the timing never seems to work out.",18,movie,570503,/7yaF5BOtPjQH8JDSSiVbzdrsWM4.jpg,[8],7.805,3.6723,2019-08-28,['Netflix']
Memories of a Teenager,"After the suicide of his best friend and the fire of a local dance called Cromañón, including recitals, illegal parties in an abandoned warehouse and high school, a year passes by in the life of Zabo who writes everything he feels and lives in his blog, ""Memories of a teenager"".",18,movie,649058,/tBuYNodLru48rGFbBUM8TGBIxb6.jpg,[8],7.764,1.9022,2019-11-18,['Netflix']
The Hateful Eight,Bounty hunters seek shelter from a raging blizzard and get caught up in a plot of betrayal and deception.,18,movie,273248,/jIywvdPjia2t3eKYbjVTcwBQlG8.jpg,[8],7.754,10.3928,2015-12-25,['Netflix']
Marriage Story,"A stage director and an actress struggle through a grueling, coast-to-coast divorce that pushes them to their personal extremes.",18,movie,492188,/2JRyCKaRKyJAVpsIHeLvPw5nHmw.jpg,[8],7.733,8.2524,2019-09-28,['Netflix']
All Quiet on the Western Front,"Paul Baumer and his friends Albert and Muller, egged on by romantic dreams of heroism, voluntarily enlist in the German army. Full of excitement and patriotic fervour, the boys enthusiastically march into a war they believe in. But once on the Western Front, they discover the soul-destroying horror of World War I.",18,movie,49046,/2IRjbi9cADuDMKmHdLK7LaqQDKA.jpg,[8],7.725,14.4172,2022-10-07,['Netflix']
Me Against You: Mr. S's Vendetta,"A young couple who makes popular YouTube videos for children sets out to win an award, but an evil mastermind stands in the way of their success.",10751,movie,640344,/sfeQTIRkJjWt8IPDSBcPqkrcaas.jpg,[8],8.0,0.7537,2020-01-17,['Netflix']
Rescued by Ruby,"Chasing his dream to join an elite K-9 unit, a state trooper partners with a fellow underdog: clever but naughty shelter pup Ruby. Based on a true story.",10751,movie,921655,/tPlJEodEn0SSV4avo8KSawtlTlN.jpg,[8],7.5,2.7165,2022-03-17,['Netflix']
18 Presents,"Elisa is only forty when an incurable disease takes her from her husband and their daughter. Before her heart stops, Elisa finds a way to stay close to her: a gift for every birthday up to her adult age, 18 gifts to try to accompany her child's growth year after year.",10751,movie,630220,/lS7lqDT3NF2LcSPdxXNJY9pMxZ6.jpg,[8],7.407,1.5699,2020-01-02,['Netflix']
Just Another Christmas,"After taking a very nasty fall on Christmas Eve, grinchy Jorge blacks out and wakes up one year later, with no memory of the year that has passed. He soon realizes that he’s doomed to keep waking up on Christmas Eve after Christmas Eve, having to deal with the aftermath of what his other self has done the other 364 days of the year.",10751,movie,755339,/pv4e8yKGMJAaZihYPFUjYHsG8Ob.jpg,[8],7.348,1.3146,2020-12-03,['Netflix']
Slumberland,"A young girl discovers a secret map to the dreamworld of Slumberland, and with the help of an eccentric outlaw, she traverses dreams and flees nightmares, with the hope that she will be able to see her late father again.",10751,movie,668461,/eCgBLNAFC4XDZ4DiyQ80PIJdSHU.jpg,[8],7.315,3.4261,2022-11-18,['Netflix']
Trolls Band Together,"When Branch's brother, Floyd, is kidnapped for his musical talents by a pair of nefarious pop-star villains, Branch and Poppy embark on a harrowing and emotional journey to reunite the other brothers and rescue Floyd from a fate even worse than pop-culture obscurity.",10751,movie,901362,/bkpPTZUdq31UGDovmszsg2CchiI.jpg,[8],7.3,12.8078,2023-10-12,['Netflix']
Vivo,A music-loving kinkajou named Vivo embarks on the journey of a lifetime to fulfill his destiny and deliver a love song for an old friend.,10751,movie,449406,/eRLlrhbdYE7XN6VtcZKy6o2BsOw.jpg,[8],7.289,4.9488,2021-07-30,['Netflix']
Skater Girl,"Prerna, a teenager growing up in rural India, comes of age when she’s introduced to the sport of skateboarding. As a result, she has to fight the odds to follow her dreams and compete in the national championship.",10751,movie,785522,/e8yxFPOvNmhlfUXBqiNvvpMI4t5.jpg,[8],7.3,0.882,2021-06-11,['Netflix']
Over the Moon,"Fueled by memories of her mother, resourceful Fei Fei builds a rocket to the moon on a mission to prove the existence of a legendary moon goddess.",10751,movie,560050,/lG0TF0wj1n9p9CPy5xlIUIkF56a.jpg,[8],7.216,3.3001,2020-10-16,['Netflix']
Sing: Thriller,"Buster Moon dreams up a star-studded spectacle set to Michael Jackson's ""Thriller"" in this animated short featuring characters from the hit ""Sing"" films.",10751,movie,1371727,/i77OInTKcrnRlAozFOaB6D5mk15.jpg,[8],7.2,17.2614,2024-10-15,['Netflix']
That Christmas,It's an unforgettable Christmas for the townsfolk of Wellington-on-Sea when the worst snowstorm in history alters everyone's plans — including Santa's.,10751,movie,645757,/uR3uhztTAxGGK7Co0yyxVy4Gc7H.jpg,[8],7.179,13.7966,2024-11-27,['Netflix']
The Larva Island Movie,"Back at home, Chuck relates the island shenanigans of his larva pals Red and Yellow to a skeptical reporter in this movie sequel to the hit cartoon.",10751,movie,718867,/uHdxICUIRGoJjK67aOp3ykvL8ZW.jpg,[8],7.154,1.984,2020-07-23,['Netflix']
The Christmas Chronicles,"Siblings Kate and Teddy try to prove Santa Claus is real, but when they accidentally cause his sleigh to crash, they have to save Christmas.",10751,movie,527435,/5Il2EMSF2KecrUKZPuen6BZmaCP.jpg,[8],7.1,3.0363,2018-11-22,['Netflix']
My Father's Dragon,"Struggling to cope after a move to the city with his mother, Elmer runs away in search of Wild Island and a young dragon who waits to be rescued. Elmer’s adventures introduce him to ferocious beasts, a mysterious island and the friendship of a lifetime.",10751,movie,560052,/6hgEe1w0An5fKi3ZqIUBwOyIN2y.jpg,[8],7.1,2.0646,2022-11-04,['Netflix']
Dragon Rider,"An unlikely trio of heroes – a dragon, a boy and a forest brownie – embark on an epic adventure to find the “Rim of Heaven” - the mythological safe haven for all dragons.",10751,movie,523366,/ucDrOXUrVnr9X3ZmXP2Q68HDIHr.jpg,[8],7.112,1.9309,2020-10-13,['Netflix']
Sing,A koala named Buster recruits his best friend to help him drum up business for his theater by hosting a singing competition.,10751,movie,335797,/zZTlF2eVVUkbdmccd3bNUU9T9sD.jpg,[8],7.1,15.3653,2016-11-23,['Netflix']
Mary and The Witch's Flower,"Mary Smith, a young girl who lives with her great-aunt in the countryside, follows a mysterious cat into the nearby forest where she finds a strange flower and an old broom, none of which is as ordinary as it seems.",10751,movie,430447,/lq3OJQiJ8hlCr23LAdHbeU3eqBF.jpg,[8],7.1,3.8688,2017-07-08,['Netflix']
Vicky and Her Mystery,"Stéphane decides to move to the beautiful mountains of Cantal in order to reconnect with his 8-year-old daughter, Victoria, who has been silent since her mother's disappearance. During a walk in the forest, a shepherd gives Victoria a puppy named ""Mystery"" who will gradually give her a taste for life. But very quickly, Stéphane discovers that the animal is in reality a wolf… Despite the warnings and the danger of this situation, he cannot bring himself to separate his daughter from this seemingly harmless ball of hair.",10751,movie,754067,/xXZ4yhyss7DGrp7a1EVHaAStfwr.jpg,[8],7.108,1.5805,2021-12-15,['Netflix']
Bigfoot Family,"Bigfoot, Adam's father, wants to use his fame for a good cause. Protecting a large wildlife reserve in Alaska sounds like the perfect opportunity! When Bigfoot mysteriously disappears without a trace, Adam and his animal friends will brave anything to find him again and save the nature reserve.",10751,movie,702525,/vn7sNO6CD8FBHBEVcOiNv08mjy1.jpg,[8],7.086,3.3468,2020-07-23,['Netflix']
Kung Fu Panda 4,"Po is gearing up to become the spiritual leader of his Valley of Peace, but also needs someone to take his place as Dragon Warrior. As such, he will train a new kung fu practitioner for the spot and will encounter a villain called the Chameleon who conjures villains from the past.",10751,movie,1011985,/nqXsAaQsKw2gKpkfhIgjXNDRqg7.jpg,[8],7.073,30.0199,2024-03-02,['Netflix']
Greater,The incredible true story of the greatest walk-on in the history of college football.,10751,movie,379441,/tyakQi7yU6KnyYq9yE0PaIlWzvw.jpg,[8],7.1,1.512,2016-08-26,['Netflix']
Thelma the Unicorn,"Thelma dreams of being a glamorous unicorn. Then in a rare pink and glitter-filled moment of fate, Thelma's wish comes true. She rises to instant international stardom, but at an unexpected cost. After a while, Thelma realizes that she was happier as her ordinary, sparkle-free self. So she ditches her horn, scrubs off her sparkles, and returns home, where her best friend is waiting for her with a hug.",10751,movie,739547,/yutiEZ7taGDNau2jGjKIdDwQpDw.jpg,[8],7.1,7.2539,2024-05-17,['Netflix']
Robin Robin,A bird raised by mice begins to question where she belongs and sets off on a daring journey of self-discovery.,10751,movie,649928,/bKIdlJbd17rrIm4oZzhXTbmqpon.jpg,[8],7.064,1.3717,2021-10-09,['Netflix']
The Shack,"A grieving man receives a mysterious, personal invitation to meet with God at a place called 'The Shack'.",14,movie,345938,/doAzav9kfdtsoSdw1MDFvjKq3J4.jpg,[8],7.489,12.0294,2017-03-03,['Netflix']
Mirage,"During a mysterious thunderstorm, Vera, a young mother, manages to save a life in danger, but her good deed causes a disturbing chain of unexpected consequences.",14,movie,529216,/2sAXXSgzpt5eJtuh4IeE7rJWES4.jpg,[8],7.467,6.1992,2018-11-30,['Netflix']
Happy as Lazzaro,"Purehearted teen Lazzaro is content living as a sharecropper in rural Italy, but an unlikely friendship with the marquise’s son will change his world.",14,movie,481432,/j4x1O6G0cbchHQwNsEZ0DntOJMJ.jpg,[8],7.4,2.3594,2018-05-31,['Netflix']
Inu-Oh,A cursed dancer and a blind musician — both ostracized by society — become business partners and inseparable friends as their larger-than-life concerts propel them to stardom in 14th century Japan.,14,movie,642538,/o2J2zS1SwJdAflgtsdiuofn03kd.jpg,[8],7.3,1.7904,2022-05-28,['Netflix']
maboroshi,"A factory explosion plunges a small town into a timeless freeze, leaving teenage Masamune and his pals to grapple with a quickly collapsing reality.",14,movie,845387,/7kzoPEasqFZGPGHj1imsLtTM20k.jpg,[8],7.3,3.9203,2023-09-15,['Netflix']
The Wonderful Story of Henry Sugar,A rich man learns about a guru who can see without using his eyes. He sets out to master the skill in order to cheat at gambling.,14,movie,923939,/fDUywEHwHh6nsLnVXAdPN9m4ZUG.jpg,[8],7.239,5.2665,2023-09-20,['Netflix']
On Body and Soul,"Two introverted people find out by pure chance that they share the same dream every night. They are puzzled, incredulous, a bit frightened. As they hesitantly accept this strange coincidence, they try to recreate in broad daylight what happens in their dream.",14,movie,436343,/uguWEoZelSSckxgiQctlkZ6gpfU.jpg,[8],7.2,2.9736,2017-03-02,['Netflix']
The Champion,"It is 1940. The first transport of prisoners arrives at the newly created concentration camp Auschwitz. One of them is Tadeusz “Teddy” Pietrzykowski, pre-war boxing champion of Warsaw. The camp officers force him to fight in the ring for his and other prisoners’ lives. However, his every win strengthens the hope that Nazis are not invincible. Auschwitz officers notice the growing resistance. The confrontation with the authorities of the camp becomes inevitable.",36,movie,845875,/dY0Rs6CJwr9VFe8pXzN34jhCKTf.jpg,[8],7.703,1.2946,2021-08-27,['Netflix']
The Trial of the Chicago 7,What was supposed to be a peaceful protest turned into a violent clash with the police. What followed was one of the most notorious trials in history.,36,movie,556984,/ahf5cVdooMAlDRiJOZQNuLqa1Is.jpg,[8],7.688,6.8113,2020-09-25,['Netflix']
The Hill,"The story of Rickey Hill, who overcomes his physical disability and repairs his relationship with his father in a quest to become a major league baseball (MLB) player.",36,movie,862557,/gKh28PVUqt1vY2oAdFlauXkDacW.jpg,[8],7.684,4.3132,2023-08-18,['Netflix']
The Six Triple Eight,"During World War II, the US Army's only all-Black, all-women battalion takes on an impossible mission: sorting through a three-year backlog of 17 million pieces of mail that hadn't been delivered to American soldiers and finish within six months.",36,movie,1061699,/7tvAnzZj9e9AjdoHaN9jshm2Cjw.jpg,[8],7.563,6.5465,2024-12-06,['Netflix']
The Two Popes,"Frustrated with the direction of the church, Cardinal Bergoglio requests permission to retire in 2012 from Pope Benedict. Instead, facing scandal and self-doubt, the introspective Pope Benedict summons his harshest critic and future successor to Rome to reveal a secret that would shake the foundations of the Catholic Church.",36,movie,551332,/4d4mTSfDIFIbUbMLUfaKodvxYXA.jpg,[8],7.484,3.7401,2019-11-27,['Netflix']
The Guernsey Literary & Potato Peel Pie Society,"Free-spirited writer Juliet Ashton forms a life-changing bond with the delightful and eccentric Guernsey Literary and Potato Peel Pie Society, when she decides to write about the book club they formed during the occupation of Guernsey in WWII.",36,movie,451480,/2XcN2aIma8TqShsOBPbcpxLzY1A.jpg,[8],7.426,3.9762,2018-04-19,['Netflix']
The Swimmers,"From war-torn Syria to the 2016 Rio Olympics, two young sisters embark on a risky voyage, putting their hearts and their swimming skills to heroic use.",36,movie,821881,/u9MiJ6zLpDw4s3qZz93WDVwTUIo.jpg,[8],7.422,2.6221,2022-11-24,['Netflix']
On the Basis of Sex,Young lawyer Ruth Bader Ginsburg teams with her husband Marty to bring a groundbreaking case before the U.S. Court of Appeals and overturn a century of sex discrimination.,36,movie,339380,/izY9Le3QWtu7xkHq7bjJnuE5yGI.jpg,[8],7.377,2.1918,2018-12-25,['Netflix']
First They Killed My Father,A 5-year-old girl embarks on a harrowing quest for survival amid the sudden rise and terrifying reign of the Khmer Rouge in Cambodia.,36,movie,433247,/5370jxJfZQY8TUZiiGkpNgvRwU9.jpg,[8],7.367,2.9174,2017-02-18,['Netflix']
Race,"Based on the story of Jesse Owens, the athlete whose quest to become the greatest track and field athlete in history thrusts him onto the world stage of the 1936 Olympics, where he faces off against Adolf Hitler's vision of Aryan supremacy.",36,movie,323677,/3pKLVyz6LGQU8xEDhYHSHsfy5Bg.jpg,[8],7.2,4.1386,2016-02-19,['Netflix']
Kingdom,Set in Qin Dynasty during the warring states period in ancient China. Shin was a war orphan. He has a dream of becoming a great general Shin has a fateful encounter with young King Eisei. King Eisei aims to unify all of China.,36,movie,554805,/6TaQdmCvuJx6VqC4CsGlpO5lD0P.jpg,[8],7.179,2.8001,2019-04-19,['Netflix']
The King,"England, 15th century. Hal, a capricious prince who lives among the populace far from court, is forced by circumstances to reluctantly accept the throne and become Henry V.",36,movie,504949,/8u0QBGUbZcBW59VEAdmeFl9g98N.jpg,[8],7.16,7.5392,2019-10-11,['Netflix']
Number 24,"On the brink of the Second World War, a young Norwegian man's drive to resist the Nazis sets a new course for his future – and the future of his country.",36,movie,1222248,/rzsmKSFEsEWBLbJ968abffnfYZ7.jpg,[8],7.161,9.769,2024-10-30,['Netflix']
Downton Abbey,"The beloved Crawleys and their intrepid staff prepare for the most important moment of their lives. A royal visit from the King and Queen of England will unleash scandal, romance and intrigue that will leave the future of Downton hanging in the balance.",36,movie,535544,/pWt1iRuhNpeVDNP2QiUT2C5OiBt.jpg,[8],7.147,3.5114,2019-09-12,['Netflix']
The Founder,"The true story of how Ray Kroc, a salesman from Illinois, met Mac and Dick McDonald, who were running a burger operation in 1950s Southern California. Kroc was impressed by the brothers’ speedy system of making the food and saw franchise potential. He maneuvered himself into a position to be able to pull the company from the brothers and create a billion-dollar empire.",36,movie,310307,/8gLIksu5ggdfBL1UbeTeonHquxl.jpg,[8],7.13,14.2468,2016-11-24,['Netflix']
Midway,"The story of the Battle of Midway, and the leaders and soldiers who used their instincts, fortitude and bravery to overcome massive odds.",36,movie,522162,/hj8pyoNnynGeJTAbl7jcLZO8Uhx.jpg,[8],7.122,9.775,2019-11-06,['Netflix']
NYAD,Athlete Diana Nyad sets out at 60 to achieve a nearly impossible lifelong dream: to swim from Cuba to Florida across more than 100 miles of open ocean.,36,movie,895549,/ydSqUhKFvg5cZ5OwImmf3K1R6SS.jpg,[8],7.107,2.9845,2023-10-18,['Netflix']
The Forgotten Battle,"In WWII's final years, a soldier in the German army, a British glider pilot, and a Dutch resistance fighter's paths intertwine. Their choices shape destinies, impacting not only their freedom but also that of others.",36,movie,633515,/wU8ijITXE2ZgoXJexTQByJiHCbp.jpg,[8],7.088,3.3372,2020-12-14,['Netflix']
Apollo 10½: A Space Age Childhood,"A man narrates stories of his life as a 10-year-old boy in 1969 Houston, weaving tales of nostalgia with a fantastical account of a journey to the moon.",36,movie,664996,/ms3qa9LH9kosaGCSe22NJ7fDPv9.jpg,[8],7.037,2.2836,2022-03-24,['Netflix']
Uprising,"In the Joseon Dynasty, two friends who grew up together — one the master and one the servant — reunite post-war as enemies on opposing sides.",36,movie,1075676,/hg9OeaCRSpazrfqYyEFr6BDaZW8.jpg,[8],7.036,8.599,2024-10-02,['Netflix']
True Spirit,"When the tenacious young sailor Jessica Watson sets out to be the youngest person to sail solo, nonstop and unassisted around the world, many expect her to fail. With the support of her sailing coach and mentor Ben Bryant and her parents, Jessica is determined to accomplish what was thought to be impossible, navigating some of the world’s most challenging stretches of ocean over the course of 210 days.",36,movie,739986,/5qntAorVEzixuYOIPMCGwDiuGkd.jpg,[8],7.0,2.3752,2023-01-26,['Netflix']
Dolemite Is My Name,"The story of Rudy Ray Moore, who created the iconic big screen pimp character Dolemite in the 1970s.",36,movie,528888,/uoAqJg7ZSmftnBGOkupU1ySZQU0.jpg,[8],7.001,2.4938,2019-10-04,['Netflix']
The Photographer of Mauthausen,"Spanish photographer Francesc Boix, imprisoned in the Mauthausen-Gusen concentration camp, works in the SS Photographic Service. Between 1943 and 1945, he hides, with the help of other prisoners, thousands of negatives, with the purpose of showing the freed world the atrocities committed by the Nazis, exhaustively documented. He will be a key witness during the Nuremberg Trials.",36,movie,528949,/6b4L0uLVgFsDfqPx0sFZbCRwIKH.jpg,[8],6.991,2.8853,2018-10-26,['Netflix']
Munich – The Edge of War,"At the tense 1938 Munich Conference, former friends who now work for opposing governments become reluctant spies racing to expose a Nazi secret.",36,movie,760336,/1SOiUTDnwW9gU4GzSIsOCQUlHJF.jpg,[8],6.93,2.3586,2021-12-31,['Netflix']
The Endless Trench,"A small village in Huelva, Andalusia, Spain, 1936. Higinio and Rosa have been married only for a few months when the Civil War breaks out. Higinio, being afraid of possible reprisals from the rebel faction, decides to use a hole dug in his own house as a temporary hideout.",36,movie,542928,/rgS3e3sTUHeVgKzKmFhIJcl9tVA.jpg,[8],6.867,1.7707,2019-10-31,['Netflix']
The Dig,"As WWII looms, a wealthy widow hires an amateur archaeologist to excavate the burial mounds on her estate. When they make a historic discovery, the echoes of Britain's past resonate in the face of its uncertain future‎.",36,movie,532865,/dFDNb9Gk1kyLRcconpj7Mc7C7IL.jpg,[8],6.862,3.3572,2021-01-14,['Netflix']
The Red Sea Diving Resort,"Sudan, East Africa, 1980. A team of Israeli Mossad agents plans to rescue and transfer thousands of Ethiopian Jews to Israel. To do so, and to avoid raising suspicions from the inquisitive and ruthless authorities, they establish as a cover a fake diving resort by the Red Sea.",36,movie,465003,/bTgd1QQFTKdxESevtffAvIvCnz2.jpg,[8],6.833,2.9958,2019-07-28,['Netflix']
Outlaw King,"Forced into exile by the English after being crowned King of Scotland, legendary warrior Robert the Bruce fights to reclaim the throne.",36,movie,454227,/rT49ousKUWN3dV7UlhaC9onTNdl.jpg,[8],6.8,6.0133,2018-09-06,['Netflix']
Everest,"Inspired by the incredible events surrounding a treacherous attempt to reach the summit of the world's highest mountain, ""Everest"" documents the awe-inspiring journey of two different expeditions challenged beyond their limits by one of the fiercest snowstorms ever encountered by mankind. Their mettle tested by the harshest of elements found on the planet, the climbers will face nearly impossible obstacles as a lifelong obsession becomes a breathtaking struggle for survival.",36,movie,253412,/4xmndWnTYTE4bDdlWrkZyaGcZlo.jpg,[8],6.821,4.8641,2015-09-10,['Netflix']
My Best Friend Anne Frank,"Based on the real-life friendship between Anne Frank and Hannah Goslar, from Nazi-occupied Amsterdam to their harrowing reunion in a concentration camp.",36,movie,788045,/6codIHEKVYwbQ9Ey6CNoqWA9yxD.jpg,[8],6.791,1.8574,2021-10-07,['Netflix']
Spencer,"During her Christmas holidays with the royal family at the Sandringham estate in Norfolk, England, Diana decides to leave her marriage to Prince Charles.",36,movie,716612,/j0XxLH1QcOrnyxBLvMYWJZSzLfH.jpg,[8],6.8,3.1566,2021-11-04,['Netflix']
Against the Ice,"In 1909, two explorers fight to survive after they're left behind while on a Danish expedition in ice-covered Greenland.",36,movie,836009,/6FSGYvPEhIx3ThOikGqHmKxeyNN.jpg,[8],6.758,2.6765,2022-02-10,['Netflix']
Judy,"Thirty years after starring in ""The Wizard of Oz,"" beloved actress and singer Judy Garland arrives in London to perform sold-out shows at the Talk of the Town nightclub. While there, she reminisces with friends and fans and begins a whirlwind romance with musician Mickey Deans, her soon-to-be fifth husband.",36,movie,491283,/iqJhHjD6k6T07waELjMKDpQJUP.jpg,[8],6.716,2.3638,2019-09-27,['Netflix']
Death Whisperer,"When a remote village is plagued by a deadly curse, one brother must fight to save his family from a terrifying supernatural threat.",27,movie,1134433,/48TDjSJpCdJ4SBOHZX3G5IjaV02.jpg,[8],7.5,7.0958,2023-10-25,['Netflix']
Hereditary,"Following the death of the Leigh family matriarch, Annie and her children uncover disturbing secrets about their heritage. Their daily lives are not only impacted, but they also become entangled in a chilling fate from which they cannot escape, driving them to the brink of madness.",27,movie,493922,/4GFPuL14eXi66V96xBWY73Y9PfR.jpg,[8],7.3,27.3084,2018-06-07,['Netflix']
#Alive,"As a grisly virus rampages a city, a lone man stays locked inside his apartment, digitally cut off from seeking help and desperate to find a way out.",27,movie,614696,/lZPvLUMYEPLTE2df1VW5FHTYC8N.jpg,[8],7.236,5.6695,2020-06-24,['Netflix']
Fear Street: 1978,"In 1978, two rival groups at Camp Nightwing must band together to solve a terrifying mystery when horrors from their towns' history come alive.",27,movie,591274,/cQywpstS8m9VyU0ho5E0KTNqd50.jpg,[8],7.2,3.4611,2021-07-08,['Netflix']
Talk to Me,"When a group of friends discover how to conjure spirits using an embalmed hand, they become hooked on the new thrill, until one of them goes too far and unleashes terrifying supernatural forces.",27,movie,1008042,/kdPMUMJzyYAc4roD52qavX0nLIC.jpg,[8],7.159,17.1753,2023-07-26,['Netflix']
Fear Street: 1666,"In 1666, a colonial town is gripped by a hysterical witch-hunt that has deadly consequences for centuries to come, and it's up to teenagers in 1994 to finally put an end to their town's curse, before it's too late.",27,movie,591275,/rmEPtz3Ufzol2VWUAZYzOFaBio3.jpg,[8],7.108,3.6696,2021-07-14,['Netflix']
The House,"Across different eras, a poor family, an anxious developer and a fed-up landlady become tied to the same mysterious house in this animated dark comedy.",27,movie,926899,/xhE1EYcD6U7m5R8AT7yf29CCxia.jpg,[8],7.029,4.3353,2022-01-14,['Netflix']
Bone Tomahawk,"During a shootout in a saloon, Sheriff Hunt injures a suspicious stranger. The doctor's assistant, wife of the local foreman, tends to him in prison. That night, the town is attacked and they both disappear—only the arrow of a cannibal tribe is found. Hunt and a few of his men go in search of the prisoner and the foreman's wife.",27,movie,294963,/4MmTHpn2Y8emqvBgvOjufImUmKZ.jpg,[8],6.9,6.6989,2015-10-23,['Netflix']
Svaha: The Sixth Finger,"Pastor Park, the head of a religious investigation center that exposes cults and cult leaders, begins looking into a suspicious new religion called Deer Mount.",27,movie,556509,/yE6q03pfWg9xZ4a7MoeldDXMV5y.jpg,[8],6.9,1.9626,2019-02-20,['Netflix']
Blood Red Sky,"A woman with a mysterious illness is forced into action when a group of terrorists attempt to hijack a transatlantic overnight flight. In order to protect her son she will have to reveal a dark secret, and unleash the inner monster she has fought to hide.",27,movie,760883,/v7aOJKI5vxCHotHvN8O7SR6SpP6.jpg,[8],6.851,4.1611,2021-07-23,['Netflix']
Don't Let Go,"A detective suffering from a personal loss receives a call from his recently deceased niece. Being able to communicate across time, the two work together to try and stop the crime before it occurs.",27,movie,539651,/uNHueGo5TYCTLzoGULse65GC32Q.jpg,[8],6.843,3.4908,2019-08-30,['Netflix']
Home for Rent,"When her good tenants go bad, a landlord finds herself terrorized by a cult that seemingly has her husband enthralled — and her daughter in its sights.",27,movie,977177,/59TGKlReiFlAni4Cqrb16oVL9oi.jpg,[8],6.8,2.0014,2023-04-06,['Netflix']
The Pale Blue Eye,"West Point, New York, 1830. When a cadet at the burgeoning military academy is found hanged with his heart cut out, the top brass summons former New York City constable Augustus Landor to investigate. While attempting to solve this grisly mystery, the reluctant detective engages the help of one of the cadets: a strange but brilliant young fellow by the name of Edgar Allan Poe.",27,movie,800815,/9xkGlFRqrN8btTLU0KQvOfn2PHr.jpg,[8],6.84,4.0963,2022-12-22,['Netflix']
Re/Member,Six high schoolers stuck in a murderous time loop must find the scattered remains of an unknown victim to break the curse and finally see another day.,27,movie,991814,/cCTmZ93aBZ1FwHntiDpa2Lj92zs.jpg,[8],6.837,1.8325,2022-10-14,['Netflix']
Bird Box,"Five years after an ominous unseen presence drives most of society to suicide, a survivor and her two children make a desperate bid to reach safety.",27,movie,405774,/rGfGfgL2pEPCfhIvqHXieXFn7gp.jpg,[8],6.833,8.1104,2018-12-13,['Netflix']
Incantation,Inspired by the true story of a family who believed they were possessed by spirits. This film follows a woman who must protect her child from a curse.,27,movie,864370,/cWz28oGV3cSajWdziVQbqrYCmnX.jpg,[8],6.805,10.8732,2022-03-18,['Netflix']
The Old Ways,"Cristina, a journalist of Mexican origin, travels to her ancestral home in Veracruz to investigate a story of sorcery and healing. There, she is kidnapped by a group of locals who claim she's the devil incarnated.",27,movie,752505,/jYnedFgdnN62QXE8HAPVtQKNFFm.jpg,[8],6.785,1.8551,2021-04-04,['Netflix']
Day Shift,An LA vampire hunter has a week to come up with the cash to pay for his kid's tuition and braces. Trying to make a living these days just might kill him.,27,movie,755566,/tkl7n5r542S40hnYDI27lGNCACu.jpg,[8],6.776,5.2471,2022-08-12,['Netflix']
Till Death,"After a romantic evening at their secluded lake house, a woman wakes up handcuffed to her dead husband. Trapped and isolated in the dead of winter, she must fight off hired killers to escape her late spouse's twisted plan.",27,movie,672741,/bvwMvrX2XqZVOz35YuYbFx3Iggr.jpg,[8],6.723,3.604,2021-07-02,['Netflix']
Subservience,"With his wife out sick, a struggling father brings home a lifelike AI, only to have his self-aware new help want everything her new family has to offer... Like the affection of her owner and she'll kill to get it.",27,movie,1064028,/gBenxR01Uy0Ev9RTIw6dVBPoyQU.jpg,[8],6.695,21.7284,2024-08-15,['Netflix']
Fear Street: 1994,"After a series of brutal slayings, a teen and her friends take on an evil force that's plagued their notorious town for centuries.",27,movie,591273,/9J9Wy39ZjrVmfk7yMkulpcI5sy0.jpg,[8],6.693,4.3364,2021-06-28,['Netflix']
The Trip,"A dysfunctional couple head to a remote lakeside cabin under the guise of reconnecting, but each has secret designs to kill the other. Before they can carry out their respective plans, unexpected visitors arrive and the couple is faced with a greater danger than anything they could have plotted.",27,movie,760747,/ygTIsPG7dREi5AlO0S9EMbmvdae.jpg,[8],6.692,1.9636,2021-07-30,['Netflix']
Wendell & Wild,Two demon brothers enlist the aid of Kat Elliot — a tough teen with a load of guilt — to summon them to the Land of the Living. But what Kat demands in return leads to a brilliantly bizarre and comedic adventure like no other.,27,movie,511817,/s7XxXJ7ponaLAkxiySRxox2Ssc4.jpg,[8],6.682,3.5163,2022-10-21,['Netflix']
Zom 100: Bucket List of the Dead,"Bullied by his boss, worked around the clock, he's nothing more than a corporate drone. All it takes is a zombie outbreak for him to finally feel alive!",27,movie,1070514,/hV5S6D56BPZ27FSaVEojkvViS3N.jpg,[8],6.626,2.1145,2023-08-03,['Netflix']
Oxygen,"A woman wakes in a cryogenic chamber with no recollection of how she got there, and must find a way out before running out of air.",27,movie,471498,/u74DFoZGTcZ8cuHO8nvQkCqXEVP.jpg,[8],6.622,3.5368,2021-05-12,['Netflix']
Insidious: The Red Door,"To put their demons to rest once and for all, Josh Lambert and a college-aged Dalton Lambert must go deeper into The Further than ever before, facing their family's dark past and a host of new and more horrifying terrors that lurk behind the red door.",27,movie,614479,/d07phJqCx6z5wILDYqkyraorDPi.jpg,[8],6.578,12.85,2023-07-05,['Netflix']
I'm Thinking of Ending Things,Nothing is as it seems when a woman experiencing misgivings about her new boyfriend joins him on a road trip to meet his parents at their remote farm.,27,movie,500840,/5ynWWapdl45hJXUh0KIevxSG9JQ.jpg,[8],6.578,5.0357,2020-08-28,['Netflix']
The Whole Truth,"When two siblings stumble on a strange hole in the wall of their grandparents' house, horrifying incidents reveal sinister secrets about their family.",27,movie,895001,/6xo2OFHncAymOQtzHwPFF0nyHPl.jpg,[8],6.545,2.895,2021-12-02,['Netflix']
Ghost Lab,"After witnessing a haunting in their hospital, two doctors become dangerously obsessed with obtaining scientific proof that ghosts exist.",27,movie,710871,/A09Dqy91W40Q2iiD7IOJteDpJAa.jpg,[8],6.534,1.2249,2021-05-26,['Netflix']
Bulbbul,"A child bride grows up to be an enigmatic woman presiding over her household, harboring a painful past as supernatural murders of men plague her village.",27,movie,714338,/4XYEqHqvcf6vxFhNyeKZz5xbUfV.jpg,[8],6.5,1.6373,2020-06-24,['Netflix']
Thanksgiving,"After a Black Friday riot ends in tragedy, a mysterious Thanksgiving-inspired killer terrorizes Plymouth, Massachusetts - the birthplace of the holiday. Picking off residents one by one, what begins as random revenge killings are soon revealed to be part of a larger, sinister holiday plan.",27,movie,1071215,/f5f3TEVst1nHHyqgn7Z3tlwnBIH.jpg,[8],6.529,7.5964,2023-11-16,['Netflix']
The Curse of Bridge Hollow,A Halloween-hating dad reluctantly teams up with his teenage daughter when an evil spirit wreaks havoc by making their town's decorations come to life.,27,movie,864959,/t6P9l6tcVnWLS1ADUAfkUCGQhm0.jpg,[8],6.524,1.9432,2022-10-14,['Netflix']
Don't Listen,"After a tragic turn of events at the new home he's fixing up, Daniel hears a ghostly plea for help, spurring him to seek out a famous paranormal expert.",27,movie,726208,/lXvBgevABC9n5R6Gg76R3pN1h2M.jpg,[8],6.505,3.8543,2020-07-24,['Netflix']
Under the Shadow,"After Shideh's building is hit by a missile during the Iran-Iraq War, a superstitious neighbor suggests that the missile was cursed and might be carrying malevolent Middle-Eastern spirits. She becomes convinced a supernatural force within the building is attempting to possess her daughter Dorsa, and she has no choice but to confront these forces if she is to save her daughter and herself.",27,movie,375012,/bsHpzc7mVbJfZBaD0EISJkm3f3H.jpg,[8],6.496,2.6541,2016-09-30,['Netflix']
Before I Wake,An orphaned child's dreams—and nightmares—manifest physically as he sleeps.,27,movie,301804,/sI9neTbF3ECdpf2MpC88EMGJH13.jpg,[8],6.493,4.2096,2016-04-07,['Netflix']
We Have a Ghost,"After Kevin finds a ghost named Ernest haunting his new home, he becomes an overnight social media sensation. But when Kevin and Ernest go rogue to investigate the mystery of the latter's past, they become targets of the CIA.",27,movie,852096,/s7w7BgqsOVl2fBWUeZqIIH9UMQy.jpg,[8],6.49,3.1641,2023-02-24,['Netflix']
Tarot,"When a group of friends recklessly violate the sacred rule of Tarot readings, they unknowingly unleash an unspeakable evil trapped within the cursed cards. One by one, they come face to face with fate and end up in a race against death.",27,movie,719221,/gAEUXC37vl1SnM7PXsHTF23I2vq.jpg,[8],6.488,12.6811,2024-05-01,['Netflix']
Watcher,"As a serial killer stalks the city, Julia — a young actress who just moved to town with her husband — notices a mysterious stranger watching her from across the street.",27,movie,807356,/dXCjoI3jdtBrwPHgVsyNLkl8Rvs.jpg,[8],6.477,7.2121,2022-06-03,['Netflix']
The Perfection,"When troubled musical prodigy Charlotte seeks out Elizabeth, the new star pupil of her former school, the encounter sends both musicians down a sinister path with shocking consequences.",27,movie,529962,/tPDe68PDsgIGMs6wdJLtcwVVxA7.jpg,[8],6.458,2.9205,2018-09-20,['Netflix']
Unhinged,"Rachel is a divorced single mother whose bad day gets even worse. She's running late to drop her son off at school when she honks her horn impatiently at a fellow driver during rush-hour traffic. After an exchange of words, she soon realizes that the mysterious man is following her and her young son in his truck. A case of road rage quickly escalates, at horrifyingly psychotic proportions, into full-blown terror as Rachel discovers the psychopath's sinister plan for revenge. He is single-mindedly determined to teach her a deadly lesson.",27,movie,625568,/xfIcONZO4AiWpzm3jEpbR4llzVX.jpg,[8],6.445,6.9617,2020-07-16,['Netflix']
Night Teeth,"A college student moonlighting as a chauffeur picks up two mysterious women for a night of party-hopping across LA. But when he uncovers their bloodthirsty intentions—and their dangerous, shadowy underworld—he must fight to stay alive.",27,movie,669671,/7izkJOV6FnC5P7eDruKbVOWqpSX.jpg,[8],6.424,3.7803,2021-10-20,['Netflix']
His House,"After making a harrowing escape from war-torn South Sudan, a young refugee couple struggle to adjust to their new life in a small English town that has an unspeakable evil lurking beneath the surface.",27,movie,575774,/idh2QAy5NwBRN94ScmtWrukvOgJ.jpg,[8],6.42,6.2117,2020-01-27,['Netflix']
The Chalk Line,"After a couple finds a traumatized child of unknown origins, wife Paula must decipher the girl's strange behaviors to unlock her identity and dark past.",27,movie,960875,/ifxAT8LVbSCxAi290VplTwbEQNh.jpg,[8],6.409,2.6615,2022-09-09,['Netflix']
Mr. Harrigan's Phone,"Craig, a young boy living in a small town befriends an older, reclusive billionaire, Mr. Harrigan. The two form a bond over books and an iPhone, but when the man passes away the boy discovers that not everything dead is gone.",27,movie,723419,/gPn9e8eP7TeKQU4IeWAMzOajR40.jpg,[8],6.407,3.4632,2022-10-05,['Netflix']
Cargo,"After being infected in the wake of a violent pandemic and with only 48 hours to live, a father struggles to find a new home for his baby daughter.",27,movie,425972,/cdPSUck4tBRvRu6DFk6XciDrssn.jpg,[8],6.405,6.752,2017-10-06,['Netflix']
Gerald's Game,"When her husband's sex game goes wrong, Jessie (who is handcuffed to a bed in a remote lake house) faces warped visions, dark secrets and a dire choice.",27,movie,343674,/32dippiypDdaKv7XFEfUlQ7kPup.jpg,[8],6.392,4.7452,2017-09-29,['Netflix']
Don't Move,"A grieving woman in a secluded forest encounters a killer who injects her with a paralytic drug. As her body shuts down, her fight for survival begins.",27,movie,1063877,/cRDJxdnRb7ikKd6fVJTrGeaL34v.jpg,[8],6.352,10.7309,2024-10-24,['Netflix']
"tick, tick... BOOM!","On the brink of turning 30, a promising theater composer navigates love, friendship and the pressure to create something great before time runs out.",10402,movie,537116,/DPmfcuR8fh8ROYXgdjrAjSGA0o.jpg,[8],7.621,4.0309,2021-11-11,['Netflix']
Anima,"In a short musical film directed by Paul Thomas Anderson, Thom Yorke of Radiohead stars in a mind-bending visual piece. Best played loud.",10402,movie,610120,/xCBOjFAzsz8d2kABIPfwIAOeJ5t.jpg,[8],7.283,1.1548,2019-06-27,['Netflix']
Moxie,"Inspired by her mom's rebellious past and a confident new friend, a shy 16-year-old publishes an anonymous zine calling out sexism at her school.",10402,movie,583689,/aLBo1Ca9PggcWY98ItW5ZkdxTuA.jpg,[8],7.278,2.1381,2021-03-03,['Netflix']
One Piece Film Red,"Uta — the most beloved singer in the world. Her voice, which she sings with while concealing her true identity, has been described as “otherworldly.” She will appear in public for the first time at a live concert. As the venue fills with all kinds of Uta fans — excited pirates, the Navy watching closely, and the Straw Hats led by Luffy who simply came to enjoy her sonorous performance — the voice that the whole world has been waiting for is about to resound.",10402,movie,900667,/ogDXuVkO92GcETZfSofXXemw7gb.jpg,[8],7.2,7.5761,2022-08-06,['Netflix']
Biggie: I Got a Story to Tell,"Christopher Wallace, AKA The Notorious B.I.G., remains one of Hip-Hop’s icons, renowned for his distinctive flow and autobiographical lyrics. This documentary celebrates his life via rare behind-the-scenes footage and the testimonies of his closest friends and family.",10402,movie,797309,/wwMZiuoucmdVxZmj4HjYSLwAFJh.jpg,[8],7.181,1.7283,2021-03-01,['Netflix']
Adam Sandler: 100% Fresh,"Adam Sandler takes his comical musical musings back out on the road, from comedy clubs to concert halls to one very unsuspecting subway station.",10402,movie,517596,/ykIpbOWvqx3Jz6oMFss5ldIVkfU.jpg,[8],7.2,0.963,2018-10-23,['Netflix']
Kneecap,"When fate brings Belfast teacher JJ into the orbit of self-confessed ""low life scum"" Naoise and Liam Óg, the needle drops on a hip-hop act like no other. Rapping in their native Irish, they lead a movement to save their mother tongue.",10402,movie,1180629,/gEbQi5QWUg3CQ9R5dwvPBvbOX17.jpg,[8],7.169,4.6172,2024-08-02,['Netflix']
The Ballad of Buster Scruggs,"Vignettes weaving together the stories of six individuals in the old West at the end of the Civil War. Following the tales of a sharp-shooting songster, a wannabe bank robber, two weary traveling performers, a lone gold prospector, a woman traveling the West to an uncertain future, and a motley crew of strangers undertaking a carriage ride.",10402,movie,537996,/voxl654m7p36y8FLu8oQD7dfwwK.jpg,[8],7.136,8.1923,2018-11-09,['Netflix']
Rolling Thunder Revue: A Bob Dylan Story by Martin Scorsese,"Part documentary, part concert film, part fever dream, this film captures the troubled spirit of America in 1975 and the joyous music that Dylan performed during the fall of that year.",10402,movie,574638,/ixxELBgYj9OH8hz0XCrcZOJpIx9.jpg,[8],7.1,1.2961,2019-06-11,['Netflix']
Britney vs. Spears,Journalist Jenny Eliscu and filmmaker Erin Lee Carr investigate Britney Spears' fight for freedom by way of exclusive interviews and confidential evidence.,10402,movie,797594,/sd43f1ZDz8H8TDhcIbyKuUuJmIa.jpg,[8],7.044,1.1998,2021-09-27,['Netflix']
Barbie: Princess Adventure,"With new friends in a new kingdom, Barbie learns what it means to be herself when she trades places with a royal lookalike in this musical adventure.",10402,movie,738215,/AwkmMTKJBAatbeAVhTwhcU3Pyp4.jpg,[8],7.0,1.9619,2020-09-01,['Netflix']
I Used to Be Famous,A former boy band star unexpectedly gets a second shot at success when he forms a bond with a gifted young drummer.,10402,movie,1013228,/hJMnsf6vzgoNx0bv3uh3PTCjmks.jpg,[8],7.031,0.8917,2022-09-09,['Netflix']
"Barbie: Big City, Big Dreams","Barbie swaps the sunny shores of Malibu for the bright lights of Broadway to attend an excusive summer performing arts program and meets…Barbie!  Fast friends, the two discover they share more than a name as they explore New York City and all the amazing things they have in common.  As they compete for the coveted once-in-a-lifetime Spotlight Solo from Times Square, the friends discover competition isn’t all about winning, it’s about striving to be your best, overcoming doubts, and sharing the spotlight.",10402,movie,850818,/jeggetf6lrd0dhtcbqJH75Sik4K.jpg,[8],7.0,2.028,2021-08-20,['Netflix']
A Week Away,"Troubled teen Will Hawkins has a run-in with the law that puts him at an important crossroad: go to juvenile detention or attend a Christian summer camp. At first a fish-out-of-water, Will opens his heart, discovers love with a camp regular, and sense of belonging in the last place he expected to find it.",10402,movie,699102,/htTS07IvYv3rv57ftzNEprefwSq.jpg,[8],6.9,1.8314,2021-03-26,['Netflix']
Metal Lords,"For teenage misfits Hunter and Kevin, the path to glory is clear: Devote themselves to metal. Win Battle of the Bands. And be worshipped like gods.",10402,movie,739993,/r97txZRmBb75SGsIAWqmplWJnO3.jpg,[8],6.903,2.5508,2022-04-08,['Netflix']
A Beautiful Life,"When a young fisherman with a hidden talent gets discovered by a music producer, he must decide if he's ready to open himself up to stardom — and love.",10402,movie,1119173,/x6PvT4HAkK7phdj54Zao8rY5oBT.jpg,[8],6.893,2.52,2023-06-01,['Netflix']
Halftime,Global superstar Jennifer Lopez reflects on her multifaceted career and the pressure of life in the spotlight in this intimate documentary.,10402,movie,962192,/jUVglxBw7KSkcVEhvfJs1eipPnk.jpg,[8],6.8,2.084,2022-06-08,['Netflix']
Travis Scott: Look Mom I Can Fly,"While crafting his Grammy-nominated album ""Astroworld,"" Travis Scott juggles controversy, fatherhood and career highs in this intimate documentary.",10402,movie,625561,/oNOXntnRY7dFrgu1x6bQQmWBVdu.jpg,[8],6.83,2.2161,2019-08-28,['Netflix']
The Forty-Year-Old Version,"Desperate for a breakthrough as she nears the big 4-0, struggling New York City playwright Radha finds inspiration by reinventing herself as a rapper.",10402,movie,620897,/ilMExVn5xyfIWAnqngqAB0OFsE5.jpg,[8],6.759,1.7541,2020-01-25,['Netflix']
Beats,An agoraphobic hip-hop prodigy and a disgraced former music manager cross paths in Chicago’s South Side and help each other face demons of their pasts.,10402,movie,603519,/b8P13nIvkkizVBzd2RpegsRt5zP.jpg,[8],6.7,1.641,2019-06-19,['Netflix']
Ma Rainey's Black Bottom,Tensions rise when the trailblazing Mother of the Blues and her band gather at a Chicago recording studio in 1927. Adapted from August Wilson's play.,10402,movie,615667,/pvtyxijaBrCSbByXLcUIDDSvc40.jpg,[8],6.657,2.4987,2020-11-25,['Netflix']
Find Me Falling,"After a failed comeback album, a rock star retreats to a cliffside home on Cyprus, only to find his new life complicated by visitors — and an old flame.",10402,movie,1255350,/pMWpIPJgL4lYNKxSVMRDFWITeMW.jpg,[8],6.628,2.5192,2024-07-18,['Netflix']
Trouble,A pampered dog named Trouble must learn to live in the real world while trying to escape from his former owner's greedy children and must learn how to survive on the big-city streets.,10402,movie,570480,/yfTXk9T3iNxuOcnA72AirzueLxL.jpg,[8],6.6,2.3742,2019-08-08,['Netflix']
Jingle Jangle: A Christmas Journey,"An imaginary world comes to life in a holiday tale of an eccentric toymaker, his adventurous granddaughter, and a magical invention that has the power to change their lives forever.",10402,movie,622855,/5RbyHIVydD3Krmec1LlUV7rRjet.jpg,[8],6.6,2.886,2020-11-06,['Netflix']
Maria,"Maria Callas, the world's greatest opera singer, lives the last days of her life in 1970s Paris, as she confronts her identity and life.",10402,movie,1038263,/3oQRG0bwPUqE4N4n8z2kAzr7e40.jpg,[8],6.444,5.5549,2024-11-27,['Netflix']
The Call,"Connected by phone in the same home but 20 years apart, a serial killer puts another woman’s past — and life — on the line to change her own fate.",9648,movie,575604,/oz8hvZHg7tIdGwh0ErPRhobJKPR.jpg,[8],7.531,7.3934,2020-11-23,['Netflix']
A Jazzman's Blues,A tale of forbidden love and family drama unravels 40 years of secrets and lies against a soundtrack of juke joint blues in the Deep South.,9648,movie,921643,/3a6p9PnqD5ksDWiHkwWbkl6Jz7G.jpg,[8],7.5,1.7931,2022-09-16,['Netflix']
God's Crooked Lines,"Alice Gould, a private investigator, pretends to be mentally ill in order to enter a psychiatric hospital and gather evidence for the case she is working on: the death of a patient in unclear circumstances.",9648,movie,890980,/n3X9tWYFYfE96BoNgtVffuwzQo.jpg,[8],7.335,4.5096,2022-10-06,['Netflix']
What Happened to Monday,"In a world where families are limited to one child due to overpopulation, a set of identical septuplets must avoid being put to a long sleep by the government and dangerous infighting while investigating the disappearance of one of their own.",9648,movie,406990,/atOgZMJpMrTdpqvPiHVPfBhR61l.jpg,[8],7.162,13.7257,2017-08-18,['Netflix']
A Fall from Grace,"When a law-abiding woman gets indicted for murdering her husband, her lawyer soon realizes that a larger conspiracy may be at work.",9648,movie,651070,/h47JJZ015VF4neia33AFwTU37Yb.jpg,[8],7.015,2.247,2020-01-17,['Netflix']
Marry My Dead Body,"After finding an odd envelope, Policeman Ming-han's life takes a spooky turn: He's now wed to a ghost husband, and they must solve a crime together.",9648,movie,983883,/bmOaSOo5wB7cMDhhp6Msnd4IsLZ.jpg,[8],7.006,1.8801,2023-02-10,['Netflix']
Wicked Little Letters,"When the denizens of Littlehampton – including conservative Edith – begin receiving letters full of hilarious profanities, rowdy Irish migrant Rose is charged with the crime. Suspecting something amiss, the town's women band together to investigate.",9648,movie,975773,/scAU7YudKNVeZlOfgSEWntAUSJ.jpg,[8],6.9,4.8285,2024-02-23,['Netflix']
Photocopier,"When photos of her at a party cause her to lose a scholarship, a student investigates whether something devastating happened to her that night.",9648,movie,858815,/wjNNm0eZKNZ40Fqlc9QewDxy0by.jpg,[8],6.936,1.4777,2021-10-08,['Netflix']
The Good Nurse,"Suspicious that her colleague is responsible for a series of mysterious patient deaths, a nurse risks her own life to uncover the truth.",9648,movie,541134,/rSq6cq0LCcbro10jbEaPTEb3WmW.jpg,[8],6.889,3.7893,2022-10-19,['Netflix']
Ittefaq,"Police officer Dev investigates a double murder case that has only two witnesses - an acclaimed writer Vikram and a young homemaker Maya, who also happen to be the prime suspects in the case. He finds himself being torn between their own version's of what happened on the fateful night, and takes it upon himself to figure out the real story and capture the real murderer.",9648,movie,464458,/nwLVjxsBpTF6sDs1BJrx5OzJuAA.jpg,[8],6.9,1.6551,2017-11-03,['Netflix']
Black Mirror: Bandersnatch,"In 1984, a young programmer begins to question reality as he adapts a dark fantasy novel into a video game. A mind-bending tale with multiple endings.",9648,movie,569547,/fR0VZ0VE598zl1lrYf7IfBqEwQ2.jpg,[8],6.761,8.4061,2018-12-28,['Netflix']
Colors of Evil: Red,"When a girl's body is found on a beach in Poland's Tricity, a prosecutor teams up with the victim's mother on an impassioned quest for the truth.",9648,movie,1115395,/5NAdIXaF2AhewMFMqFvbxZmDC3M.jpg,[8],6.741,2.418,2024-05-29,['Netflix']
Reptile,"Following the brutal murder of a young real estate agent, a hardened detective attempts to uncover the truth in a case where nothing is as it seems, and by doing so dismantles the illusions in his own life.",9648,movie,866463,/bk4WUvoXSqPQGrhOAtt3AR0sUZf.jpg,[8],6.671,4.2288,2023-09-29,['Netflix']
Luther: The Fallen Sun,"A gruesome serial killer is terrorizing London while brilliant but disgraced detective John Luther sits behind bars. Haunted by his failure to capture the cyber psychopath who now taunts him, Luther decides to break out of prison to finish the job by any means necessary.",9648,movie,722149,/xsW7M4b4gawgFKCzcXHL2MSeswj.jpg,[8],6.656,4.4085,2023-02-24,['Netflix']
The Wonder,"Haunted by her past, a nurse travels from England to a remote Irish village in 1862 to investigate a young girl's supposedly miraculous fast.",9648,movie,823766,/npBvD1rRQHYGrxuwr2OrzXLso1w.jpg,[8],6.611,3.658,2022-11-02,['Netflix']
They Cloned Tyrone,A series of eerie events thrusts an unlikely trio onto the trail of a nefarious government conspiracy lurking directly beneath their neighborhood.,9648,movie,736769,/hnzXoDaK346U4ByfvQenu2DZnTg.jpg,[8],6.584,2.4307,2023-06-14,['Netflix']
Orion and the Dark,"A boy with an active imagination faces his fears on an unforgettable journey through the night with his new friend: a giant, smiling creature named Dark.",9648,movie,1139829,/k6iHs4daxm0RQqFQsE8oE5wWJjj.jpg,[8],6.571,6.2344,2024-02-01,['Netflix']
The Legacy of the Bones,Inspector Amaia Salazar must return to the Baztan valley in order to solve a series of suicides that seem to follow a similar pattern.,9648,movie,613099,/zIssbOj36nNSWr3M3jjqcQgNGbN.jpg,[8],6.569,2.0732,2019-12-05,['Netflix']
I Am All Girls,A special crimes investigator forms an unlikely bond with a serial killer to bring down a global child sex trafficking syndicate.,9648,movie,823855,/m6bUeV4mczG3z2YXXr5XDKPsQzv.jpg,[8],6.6,1.838,2021-05-14,['Netflix']
Luckiest Girl Alive,A successful woman in New York City finds her life upended when she is forced to confront a dark truth that threatens to unravel her meticulously crafted life.,9648,movie,799546,/e0vrbTmTf2ZcW5CIS9qJ8FDbsU9.jpg,[8],6.53,2.815,2022-09-30,['Netflix']
The Invisible Guardian,"When the naked body of a teenage girl is found on the banks of the River Baztán, it is quickly linked to a similar murder one month before. Soon, rumours are flying in the nearby village of Elizondo. Is this the work of a ritualistic killer or is it the basajaun, the ‘invisible guardian’ of Basque mythology?  Inspector Amaia Salazar leads the investigation, taking her back to the heart of the Basque country where she was born, and where she hoped never to return. Shrouded in mist and surrounded by impenetrable forests, it is a place of unresolved conflicts and a terrible secret from Amaia’s childhood that will come back to haunt her.  Faced with the superstitions of the village, Amaia must fight the demons of her past to confront the reality of a serial killer on the loose. But as she is drawn deeper into the investigation, she feels the presence of something darker lurking in the shadows…",9648,movie,392207,/uxR7CqLRdQ2QuOPP9ymunPrRBCq.jpg,[8],6.507,2.2896,2017-03-03,['Netflix']
Offering to the Storm,Inspector Amaia Salazar confronts the origins of her nightmares as she unfolds the darkest secrets of the Baztan valley. Part 3 in the Baztan Trilogy.,9648,movie,673174,/bLZeYC5XBi3SuJFhyNFpAGGneQH.jpg,[8],6.5,1.9829,2020-07-24,['Netflix']
Murder Mystery 2,"After starting their own detective agency, Nick and Audrey Spitz land a career-making case when their billionaire pal is kidnapped from his wedding.",9648,movie,638974,/s1VzVhXlqsevi8zeCMG9A16nEUf.jpg,[8],6.432,5.0825,2023-03-28,['Netflix']
River Wild,Follows a pair of siblings who love but distrust each other as they embark on a white-water rafting trip with a small group. One of their friends from childhood turns out to be more dangerous than he appears.,9648,movie,1000475,/3BtDo3lUFDcuoGVkygmVzXaUyU7.jpg,[8],6.4,2.4923,2023-08-01,['Netflix']
The Clovehitch Killer,A picture-perfect family is torn apart after Tyler finds a cache of disturbing images in his father's possession. He begins to suspect that the man he trusts most in the world may be responsible for the murder of 13 women ten years prior.,9648,movie,544431,/6NmsbUJqnopbnLun2E4KvtVNj8T.jpg,[8],6.418,3.8774,2018-11-16,['Netflix']
All the Bright Places,Two teens facing personal struggles form a powerful bond as they embark on a cathartic journey chronicling the wonders of Indiana.,10749,movie,342470,/4SafxuMKQiw4reBiWKVZJpJn80I.jpg,[8],7.639,6.2777,2020-02-28,['Netflix']
Us and Them,"Ten years ago, on a train home during the busy Spring Festival travel period, fate brings Xiaoxiao and Jianqing together. Like many young couples, they meet, fall in love, and strive to make it work, but eventually, the harsh realities of life make them drift apart. Ten years later, they run into each other again. Will they make the most of this second chance and rekindle what they once lost?",10749,movie,508747,/awAgLglirZsEqLff79Z8HaMrTXn.jpg,[8],7.6,3.9011,2018-04-28,['Netflix']
Anonymously Yours,"After an accidental text message turns into a digital friendship, Vale and Alex start crushing on each other without realizing they've met in real life.",10749,movie,899405,/kQu9rNkiB0nSSRGQX0B6u9sxwfw.jpg,[8],7.559,2.0043,2021-12-10,['Netflix']
Carol,"In 1950s New York, a department-store clerk who dreams of a better life falls for an older, married woman.",10749,movie,258480,/cJeled7EyPdur6TnCA5GYg0UVna.jpg,[8],7.497,5.9612,2015-11-20,['Netflix']
My Name Is Loh Kiwan,"After defecting from North Korea, Loh Kiwan struggles to obtain refugee status in Belgium, where he encounters a dejected woman who has lost all hope.",10749,movie,1039882,/x4BkphLO6abbGhceYEMhJERkvHo.jpg,[8],7.431,1.744,2024-02-19,['Netflix']
The Last Letter from Your Lover,A young journalist in London becomes obsessed with a series of letters she discovers that recounts an intense star-crossed love affair from the 1960s.,10749,movie,638449,/fDKK51YdOfu9pTmSRw7sHUhGFxm.jpg,[8],7.396,5.3162,2021-07-23,['Netflix']
Through My Window,"Raquel's longtime crush on her next-door neighbor turns into something more when he starts developing feelings for her, despite his family's objections.",10749,movie,818647,/jmkpZvMVIRrMFevxzOubSBfG0s0.jpg,[8],7.369,17.2177,2022-02-04,['Netflix']
2 Hearts,"When illness strikes two people who are polar opposites, life and death bring them together in surprising ways.",10749,movie,710356,/a7bW3uKOMPBnmHs8gnlpfhTD8YQ.jpg,[8],7.367,3.5868,2020-10-16,['Netflix']
The Hating Game,"Resolving to achieve professional success without compromising her ethics, Lucy embarks on a ruthless game of one-upmanship against cold and efficient nemesis Joshua, a rivalry that is complicated by her growing attraction to him.",10749,movie,603661,/prbZxJxGcy07y60eq8lCGMciTYz.jpg,[8],7.303,9.2658,2021-12-09,['Netflix']
Elisa & Marcela,"The film tells the true story of Elisa Sánchez Loriga and Marcela Gracia Ibeas, two women in 1901 Spain who fell deeply in love. To overcome societal and legal barriers to their relationship, Elisa assumes a male identity, enabling the pair to marry in secret. Their daring act makes them the first recorded same-sex couple to marry in Spain, but their love is tested as they face relentless persecution and sacrifice.",10749,movie,535356,/3EhDSSdfdSXpojbXNLc09IqYRRj.jpg,[8],7.3,3.0053,2019-05-24,['Netflix']
Her Blue Sky,"High school student Aoi Aioi lives with her elder sister, Akane, after a tragic accident took their parents away 13 years ago. Because Akane has since been taking care of her single-handedly, Aoi wants to move to Tokyo after her graduation to relieve her sister's burden and pursue a musical career, inspired by Akane's ex-boyfriend Shinnosuke ""Shinno"" Kanamuro. Shinno was part of a band until he left for Tokyo to become a professional guitarist after the sisters' parents passed away, and he was never to be seen again.",10749,movie,615165,/c2UTAPcfIrvgDVYzpX4R8RSV6tF.jpg,[8],7.3,4.4056,2019-10-11,['Netflix']
Without Saying Goodbye,The opposite lives of a workaholic architect and a fiery artist are upended when their chance encounter in breathtaking Peru shifts their views on life.,10749,movie,944664,/11SOeFmUEHahuyMOxxT1wdJ3iJs.jpg,[8],7.25,1.6493,2022-03-18,['Netflix']
Our Lovers,"Carlos is a professionally frustrated screenwriter, and Irene is not sure what she wants to do with her life. When Irene meets Carlos at a coffee shop, she approaches him and, although she doesn't know him, proposes to play a game.",10749,movie,381707,/9xaIsuEW4HZitbh1ZGTqCDqyQi3.jpg,[8],7.242,1.5075,2016-02-08,['Netflix']
Love at First Sight,"Hadley and Oliver begin falling in love on a flight from New York to London, but when they lose each other at customs, can they defy all odds to reunite?",10749,movie,353577,/vCMGlarDrcmhclBmnYoH7JUCDuA.jpg,[8],7.237,7.1528,2023-09-15,['Netflix']
Last Christmas,"Kate is a young woman who has a habit of making bad decisions, and her last date with disaster occurs after she accepts work as Santa's elf for a department store. However, after she meets Tom there, her life takes a new turn.",10749,movie,549053,/kDEjffiKgjuGo2DRzsqfjvW0CQh.jpg,[8],7.228,4.0219,2019-11-07,['Netflix']
Crazy About Her,"After a magical night together, Adri voluntarily turns himself into the psychiatric institution where Carla lives.",10749,movie,778730,/hPBJckYsL1UOsz44InZ2wYJyJTy.jpg,[8],7.222,3.2491,2021-02-26,['Netflix']
Shéhérazade,"Zachary, 17 years old, gets out of jail. Rejected by his mother, he hangs out in the mean streets of Marseille. He falls in love with Shéhérazade, a young prostitute of whom he becomes the pimp without realizing it...",10749,movie,518671,/zW8XIlWjND96WCMPwMZn1z9PG0K.jpg,[8],7.202,0.9752,2018-09-05,['Netflix']
Resort to Love,Aspiring pop star Erica ends up as the entertainment at her ex-fiancé’s wedding after reluctantly taking a gig at a luxurious island resort while in the wake of a music career meltdown.,10749,movie,785539,/7w4gX4zRlONqThjhmjdxw93FAXt.jpg,[8],7.196,1.8277,2021-07-29,['Netflix']
The Kissing Booth,"When teenager Elle's first kiss leads to a forbidden romance with the hottest boy in high school, she risks her relationship with her best friend.",10749,movie,454983,/7Dktk2ST6aL8h9Oe5rpk903VLhx.jpg,[8],7.192,10.1989,2018-05-11,['Netflix']
Nappily Ever After,"After an accident at the hair salon, Violet realizes she's not living life to the fullest. A soulful barber helps her put the pieces back together.",10749,movie,519035,/lxXsGqxUwSxypffv8hn3r332jf4.jpg,[8],7.185,2.1283,2018-09-21,['Netflix']
After We Collided,Tessa finds herself struggling with her complicated relationship with Hardin; she faces a dilemma that could change their lives forever.,10749,movie,613504,/kiX7UYfOpYrMFSAGbI6j1pFkLzQ.jpg,[8],7.17,11.5469,2020-09-02,['Netflix']
Rise of the Teenage Mutant Ninja Turtles: The Movie,"When a mysterious stranger arrives from the future with a dire warning, Leo is forced to rise and lead his brothers, Raph, Donnie, and Mikey in a fight to save the world from a terrifying alien species.",878,movie,765172,/rSmTqtb7gICeRwvsEmq0uJxR4XU.jpg,[8],7.2,4.611,2022-08-04,['Netflix']
Godzilla x Kong: The New Empire,"Following their explosive showdown, Godzilla and Kong must reunite against a colossal undiscovered threat hidden within our world, challenging their very existence – and our own.",878,movie,823464,/z1p34vh7dEOnLDmyCrlUVLuoDzd.jpg,[8],7.094,30.2027,2024-03-27,['Netflix']
Space Sweepers,"When the crew of a space junk collector ship called The Victory discovers a humanoid robot named Dorothy that's known to be a weapon of mass destruction, they get involved in a risky business deal which puts their lives at stake.",878,movie,581389,/bmemsraCG1kIthY74NjDnnLRT2Q.jpg,[8],7.075,4.9112,2021-02-05,['Netflix']
Don't Look Up,Two astronomers go on a media tour to warn humankind of a planet-killing comet hurtling toward Earth. The response from a distracted world: Meh.,878,movie,646380,/th4E1yqsE8DGpAseLiUrI60Hf8V.jpg,[8],7.072,9.4878,2021-12-08,['Netflix']
Wonderland,"In a world where an AI programme allows people to communicate with their deceased loved ones, a flight attendant and a mother question the meaning of reality and humanity.",878,movie,635996,/xGFjhFkqpOpFFUkEQjetKS11AWz.jpg,[8],7.072,4.0509,2024-06-05,['Netflix']
Despicable Me 4,"Gru and Lucy and their girls—Margo, Edith and Agnes—welcome a new member to the Gru family, Gru Jr., who is intent on tormenting his dad. Gru also faces a new nemesis in Maxime Le Mal and his femme fatale girlfriend Valentina, forcing the family to go on the run.",878,movie,519182,/wWba3TaojhK7NdycRhoQpsG0FaH.jpg,[8],7.056,76.47,2024-06-20,['Netflix']
Warriors of Future,"When a meteor carrying a destructive plant strikes the world, a suicide squad is given hours to save their post-apocalyptic city from total collapse.",878,movie,518896,/2l9LbxBSkJseoxYcIJjclnmxyq.jpg,[8],7.0,7.5917,2022-08-05,['Netflix']
The Adam Project,"After accidentally crash-landing in 2022, time-traveling fighter pilot Adam Reed teams up with his 12-year-old self on a mission to save the future.",878,movie,696806,/wFjboE0aFZNbVOF05fzrka9Fqyx.jpg,[8],7.022,6.2648,2022-03-11,['Netflix']
Next Gen,"A friendship with a top-secret robot turns a lonely girl's life into a thrilling adventure as they take on bullies, evil bots and a scheming madman.",878,movie,523777,/hUDDo5MPWM6rc6COQYhaoRNqvhE.jpg,[8],6.967,2.9688,2018-09-07,['Netflix']
The Platform,"A slab of food descends down a vertical facility. The residents above eat heartily, leaving those below starving and desperate. A rebellion is imminent.",878,movie,619264,/iXvQnzy6JCAx1PiQEKXuTY04ZHl.jpg,[8],6.966,17.5584,2019-11-08,['Netflix']
Jungle Beat: The Movie,The Jungle Beat animals think it’s the best thing ever when an alien arrives in the jungle bringing with him the power of speech. They also surprisingly think it’s the best thing ever when they find out that he’s been sent to conquer them.,878,movie,663459,/cgC67SOxd9xkjN4Bnvjtuj1vI8T.jpg,[8],6.927,1.9989,2020-06-26,['Netflix']
A Shaun the Sheep Movie: Farmageddon,"When an alien with amazing powers crash-lands near Mossy Bottom Farm, Shaun the Sheep goes on a mission to shepherd the intergalactic visitor home before a sinister organization can capture her.",878,movie,422803,/p08FoXVFgcRm5QZBaGj0VKa2W2Y.jpg,[8],6.925,4.0355,2019-09-26,['Netflix']
Venom: The Last Dance,"Eddie and Venom are on the run. Hunted by both of their worlds and with the net closing in, the duo are forced into a devastating decision that will bring the curtains down on Venom and Eddie's last dance.",878,movie,912649,/vGXptEdgZIhPg3cGlc7e8sNPC2e.jpg,[8],6.784,78.9772,2024-10-22,['Netflix']
Atlas,A brilliant counterterrorism analyst with a deep distrust of AI discovers it might be her only hope when a mission to capture a renegade robot goes awry.,878,movie,614933,/bcM2Tl5HlsvPBnL8DKP9Ie6vU4r.jpg,[8],6.751,11.6307,2024-05-23,['Netflix']
Freaks,"Kept locked inside the house by her father, 7-year-old Chloe lives in fear and fascination of the outside world, where Abnormals create a constant threat—or so she believes. When a mysterious stranger offers her a glimpse of what's really happening outside, Chloe soon finds that while the truth isn't so simple, the danger is very real.",878,movie,539892,/kc2cvuqESIiRX5QoZOoMTBq18kQ.jpg,[8],6.75,3.7968,2019-09-12,['Netflix']
Badland Hunters,"After a deadly earthquake turns Seoul into a lawless badland, a fearless huntsman springs into action to rescue a teenager abducted by a mad doctor.",878,movie,933131,/zVMyvNowgbsBAL6O6esWfRpAcOb.jpg,[8],6.737,5.9687,2024-01-26,['Netflix']
Spaceman,"Six months into a solo mission, a lonely astronaut confronts the cracks in his marriage with help from a mysterious creature he discovers on his ship.",878,movie,636706,/f46WvKEsBn98WJbPJcO47ZoKn6B.jpg,[8],6.729,7.8069,2024-02-23,['Netflix']
I Am Mother,"A teenage girl is raised underground by a robot ""Mother"", designed to repopulate the earth following an extinction event. But their unique bond is threatened when an inexplicable stranger arrives with alarming news.",878,movie,505948,/ayPSqlpYIbeq1RiDekx6W9WUqrL.jpg,[8],6.7,5.378,2019-06-07,['Netflix']
The Wandering Earth,"When the Sun begins to expand in such a way that it will inevitably engulf and destroy the Earth in a hundred years, united mankind finds a way to avoid extinction by propelling the planet out of the Solar System using gigantic engines, moving it to a new home located four light years away, an epic journey that will last thousands of years.",878,movie,535167,/vbuPrwclrYanFF7cVd7NHoqmWD1.jpg,[8],6.635,5.9327,2019-02-05,['Netflix']
The Electric State,"An orphaned teen hits the road with a mysterious robot to find her long-lost brother, teaming up with a smuggler and his wisecracking sidekick.",878,movie,777443,/sI2NiMU8o65hmIMY0JI9CjJ0p7f.jpg,[8],6.581,32.9309,2025-03-07,['Netflix']
Mighty Morphin Power Rangers: Once & Always,"After tragedy strikes, an unlikely young hero takes her rightful place among the Power Rangers to face off against the team's oldest archnemesis.",878,movie,1068141,/vc87upO8vcAGj9OmgH3AIz6ikKB.jpg,[8],6.6,1.5362,2023-04-19,['Netflix']
Godzilla: City on the Edge of Battle,"Humanity's desperate battle to reclaim the Earth from Godzilla continues. The key to defeating the King of the Monsters may be Mechagodzilla, a robotic weapon thought to have been lost nearly 20,000 years ago.",878,movie,492719,/8y1YhD6niL3aMfeEPhStHMWdPxH.jpg,[8],6.544,2.1555,2018-05-18,['Netflix']
Altered Carbon: Resleeved,"On the planet Latimer, Takeshi Kovacs must protect a tattooist while investigating the death of a yakuza boss alongside a no-nonsense CTAC.",878,movie,665251,/vlIYzx7cc4Wvaoh7ShjF2HZG45.jpg,[8],6.532,2.519,2020-03-19,['Netflix']
Alien Xmas,"A young elf mistakes a tiny alien for a Christmas gift, not knowing her new plaything has plans to destroy Earth's gravity — and steal all the presents.",878,movie,656561,/3UGrAX6D1AMVra80jmUMUOLq8Qr.jpg,[8],6.513,0.8876,2020-11-20,['Netflix']
Godzilla: The Planet Eater,"With no means for defeating Godzilla Earth, mankind watches as King Ghidorah, clad in a golden light, descends on the planet. The heavens and earth shake once again as the war moves to a higher dimension.",878,movie,536115,/fOA44BITFth0u4hMSOUgpK0kM6t.jpg,[8],6.508,3.6918,2018-11-09,['Netflix']
Paradise,A man sees the dark side of the time-manipulating biotech company he works for when a crushing debt forces his wife to give up 40 years of her own life.,878,movie,1140066,/yGz88hNPcHUJkUx7MPm0Ue6GZt7.jpg,[8],6.506,3.3207,2023-06-24,['Netflix']
Spectral,A special-ops team is dispatched to fight supernatural beings that have taken over a European city.,878,movie,324670,/fYtIWhTDgPTcutD24f53Dcc7BAE.jpg,[8],6.477,4.331,2016-12-09,['Netflix']
Project Power,"An ex-soldier, a teen and a cop collide in New Orleans as they hunt for the source behind a dangerous new pill that grants users temporary superpowers.",878,movie,605116,/TnOeov4w0sTtV2gqICqIxVi74V.jpg,[8],6.447,5.5564,2020-08-14,['Netflix']
Louis C.K.: Live at The Comedy Store,"This material was developed and prepared over the last year or so, mostly in comedy clubs. This special kind of goes back to when he used to just make noises and be funny for no particular reason. It felt right to him to shoot this special in a club to give it that live immediate intimate feeling. The show is about an hour long. The opening act, who is seen at the beginning (good place for an opening act) is Jay London. One of his favorite club comics going way back to the late 80s when he first started in working in New York.",10770,movie,321594,/9ULqaND2rzNFL4OAxCbSrY7UWem.jpg,[8],7.4,0.758,2015-01-27,['Netflix']
Trevor Noah: Son of Patricia,"Trevor Noah gets out from behind the ""Daily Show"" desk and takes the stage for a stand-up special that touches on racism, immigration, camping and more.",10770,movie,558341,/dQefCK4Y94gngyAaemJkoKakcEm.jpg,[8],7.0,0.3967,2018-11-20,['Netflix']
Jimmy Carr: Funny Business,British comedian Jimmy Carr unleashes his deadpan delivery and wickedly funny one-liners to a sold-out audience at the UK's Hammersmith Apollo.,10770,movie,387054,/2FIjVbiim46ir5r2PtXebz7d9tH.jpg,[8],6.874,0.438,2016-03-18,['Netflix']
The Princess Switch: Switched Again,"When Duchess Margaret unexpectedly inherits the throne & hits a rough patch with Kevin, it’s up to Stacy to save the day before a new lookalike — party girl Fiona — foils their plans.",10770,movie,643882,/e4qXQXXaVYvHBE3Rx5x3qrmxorB.jpg,[8],6.823,2.593,2020-11-19,['Netflix']
Kevin Hart: Irresponsible,"Stand-up comedian Kevin Hart talks about his family, travel and a year full of reckless behavior in front of a live sold-out crowd in London.",10770,movie,592136,/fpFsj2IQekSi9cjOlRyBiIoLBY4.jpg,[8],6.7,0.5064,2019-04-02,['Netflix']
A Christmas Prince,"When a reporter goes undercover as a nanny to get the inside scoop on a playboy prince, she gets tangled in some royal intrigue and ends up finding love - but will she be able to keep up her lie?",10770,movie,483104,/x0IGQsMzVbsF7noj5cCfEk1GU7s.jpg,[8],6.611,2.5726,2017-11-17,['Netflix']
Rocko's Modern Life: Static Cling,"After 20 years in space, Rocko returns to a technologically advanced O-Town and makes it his mission to get his favorite show back on the air.",10770,movie,439059,/k65BZ0njzoTXhJFeXhIZt6owqDI.jpg,[8],6.6,2.1757,2019-08-09,['Netflix']
Unbreakable Kimmy Schmidt: Kimmy vs. the Reverend,Kimmy's a famous author and she's about to marry a prince! But first she has to foil the Reverend's evil plot. It's your move: What should Kimmy do next?,10770,movie,683287,/3lOYicrgvA6982iVUpD9860qf7X.jpg,[8],6.5,1.3064,2020-05-12,['Netflix']
Kevin Hart: What Now?,"Comedian Kevin Hart performs in front of a crowd of 50,000 people at Philadelphia's outdoor venue, Lincoln Financial Field.",10770,movie,339927,/lFg4tx0jAYkgrcm1bPBlM0FbQvH.jpg,[8],6.5,2.227,2016-10-14,['Netflix']
Operation Christmas Drop,"While gathering evidence to support closing a tropical U.S. Air Force base, a congressional aide warms to its generous captain.",10770,movie,738646,/1fUcKFDy58DhWYd5Y7Nu5DgpxaE.jpg,[8],6.442,2.3003,2020-11-05,['Netflix']
A Christmas Prince: The Royal Wedding,"A year after Amber helped Richard secure the crown. The two are set to tie the knot in a royal Christmas wedding — but their plans are jeopardized when Amber finds herself second-guessing whether or not she's cut out to be queen, and Richard is faced with a political crisis that threatens to tarnish not only the holiday season but the future of the kingdom.",10770,movie,525041,/2bLQTbFWrsunSVQsvOWZAAGACbf.jpg,[8],6.396,2.3443,2018-11-30,['Netflix']
A Christmas Prince: The Royal Baby,"Christmas brings the ultimate gift to Aldovia: a royal baby. But first, Queen Amber must help her family and kingdom by finding a missing peace treaty.",10770,movie,587693,/4RErLw0APt8qQiee0d8VCKasWwl.jpg,[8],6.266,1.4547,2019-12-05,['Netflix']
American Son,Time passes and tension mounts in a Florida police station as an estranged interracial couple awaits news of their missing teenage son.,10770,movie,622963,/lEIlxhIyFsia7yCqbfD4UH8iIkN.jpg,[8],6.1,0.7417,2019-09-12,['Netflix']
The Lost Patient,The 19 years old Thomas wakes up in a hospital after three years in a coma. He doesn't remember anything. The psychologist Anna tells him that his family has been murdered and that he is the only survivor of the massacre while his sister Laura is still missing.,10770,movie,1006917,/tHwGtD4zT0IhKdc2JQNxHAJFGWn.jpg,[8],5.89,1.598,2022-11-25,['Netflix']
A Very Murray Christmas,"Bill Murray worries no one will show up to his TV show due to a massive snowstorm in New York City. Through luck and perseverance, guests arrive at Gotham’s Carlyle Hotel to help him — dancing and singing in holiday spirit.",10770,movie,364067,/2ir2DjNNXmMePsyc4inFa8oI23r.jpg,[8],5.243,1.5085,2015-12-04,['Netflix']
The Mauritanian,"The true story of the Mauritanian Mohamedou Ould Slahi, who was held at the U.S military's Guantanamo Bay detention center without charges for over a decade and sought help from a defense attorney for his release.",53,movie,644583,/lIADEa6oH74uUapjsPbNRzxus8M.jpg,[8],7.417,7.0251,2021-02-12,['Netflix']
Nowhere,"A young pregnant woman named Mia escapes from a country at war by hiding in a maritime container aboard a cargo ship. After a violent storm, Mia gives birth to the child while lost at sea, where she must fight to survive.",53,movie,1151534,/cVxIX8JJJB179zh7wcUt0A6TpQQ.jpg,[8],7.355,10.2545,2023-09-29,['Netflix']
Unlocked,A woman's life is turned upside-down when a dangerous man gets a hold of her lost cell phone and uses it to track her every move.,53,movie,740441,/yW43JgoYPnSois2V0bIpFQFuDWl.jpg,[8],7.334,4.6023,2023-02-17,['Netflix']
Kantara,"Shiva, a tribal vagabond lives with his mother in hamlet, stays away from the traditional Daivaradhane and Bhoota Kola legacy due to an unforgettable childhood incident. He is happy loafing around with his friends and doing petty jobs for his landlord. When Forest officer Murali enters the scene, it gives a fresh dimension to the man-vs-nature fight. Can Shiva save the forest from Murali? Or is Murali just a dummy bait cast by bigger fish?",53,movie,858485,/jIsKmkxMzdCZ0Ux1GVSnu8m6Na6.jpg,[8],7.19,4.6072,2022-09-30,['Netflix']
Time to Hunt,"Four young men want to leave their dystopian world behind and go to a distant paradise to execute a money robbery, a daring act that will have unexpected consequences.",53,movie,571785,/bkuuvDoPkOJpg0ZDzHkUWt8ZG5A.jpg,[8],7.19,2.9667,2020-02-22,['Netflix']
The Siege of Jadotville,Irish Commandant Pat Quinlan leads a stand off with troops against French and Belgian Mercenaries in the Congo during the early 1960s.,53,movie,334517,/adrno1y0mKpMwjSlMQojZEUk82V.jpg,[8],7.113,2.62,2016-09-19,['Netflix']
Steel Rain,"Amid a coup, a North Korean agent escapes south with the country's injured leader in an attempt to keep him alive and prevent a Korean war.",53,movie,435841,/zCXpkcMAUxtOp55bWMpBZjpHr5g.jpg,[8],7.1,1.7175,2017-12-14,['Netflix']
Kingdom: Ashin of the North,"Tragedy, betrayal and a mysterious discovery fuel a woman's vengeance for the loss of her tribe and family.",53,movie,845222,/piGZDwFW4urLYDWGiYJMrt6hdCS.jpg,[8],7.1,4.0381,2021-07-23,['Netflix']
Ballerina,"Grieving the loss of a best friend she couldn't protect, an ex-bodyguard sets out to fulfill her dear friend's last wish: sweet revenge.",53,movie,961268,/oE7xtGDqZnr7tFHfwb8oM9iRW6H.jpg,[8],7.028,7.112,2023-10-05,['Netflix']
Beasts of No Nation,"Based on the experiences of Agu, a child fighting in the civil war of an unnamed, fictional West African country. Follows Agu's journey as he's forced to join a group of soldiers. While he fears his commander and many of the men around him, his fledgling childhood has been brutally shattered by the war raging through his country, and he is at first torn between conflicting revulsion and fascination.",10752,movie,283587,/1D4vcJmJc58WXarpRtwgd2do9Rg.jpg,[8],7.593,3.447,2015-09-11,['Netflix']
The Last Kingdom: Seven Kings Must Die,"In the wake of King Edward's death, Uhtred of Bebbanburg and his comrades adventure across a fractured kingdom in the hopes of uniting England at last.",10752,movie,948713,/qcNDxDzd5OW9wE3c8nWxCBQoBrM.jpg,[8],7.244,5.6147,2023-04-14,['Netflix']
Kingdom 2: Far and Away,"It follows a young man who dreams of becoming a general and Ying Zheng, whose goal is unification.",10752,movie,961420,/wE4NqJosSPjiyqStBEv67mQbR1b.jpg,[8],7.2,2.4685,2022-07-15,['Netflix']
The Fortress,"Ancient Korea, 17th century. The powerful Khan of the Jurchen tribe of Manchuria, who fights the Ming dinasty to gain China, becomes the first ruler of the Qing dinasty and demands from King In-jo of Joseon to bow before him; but he refuses, being loyal to the Mings. On December 14th, 1636, the Qing horde invades Joseon, so King In-jo and his court shelter in the mountain fortress of Namhan and prepare to defend the kingdom.",10752,movie,437081,/ww0h7mVg9AdPEMjRJKAic1w3ELa.jpg,[8],6.7,2.7034,2017-10-03,['Netflix']
The Resistance Banker,"In the occupied Netherlands during World War II, banker Walraven van Hall is asked to use his financial contacts to help the Dutch resistance. With his brother Gijs, he comes up with a risky plan to take out huge loans and use the money to finance the Resistance.",10752,movie,497916,/sqAJF2muVamUQfmGmrRK9w8s1KS.jpg,[8],6.7,2.1871,2018-03-08,['Netflix']
Mosul,"When ISIS took their homes, families and city, one group of men fought to take it all back. Based on true events, this is the story of the Nineveh SWAT team, a renegade police unit who waged a guerrilla operation against ISIS in a desperate struggle to save their home city of Mosul.",10752,movie,618219,/dW1UNgDkVNreqYJk1YKo4ACa705.jpg,[8],6.68,2.2222,2019-09-04,['Netflix']
Blood & Gold,"At the end of World War II, a German soldier is looking for his daughter while an SS troop is looking for a Jewish treasure.",10752,movie,1098110,/oLRQP5cEjiT1DxeIHUYEV96Ijum.jpg,[8],6.668,2.1429,2023-04-21,['Netflix']
The Angel,"True story of Ashraf Marwan, who was President Nasser's son-in-law and special adviser and confidant to his successor Anwar Sadat - while simultaneously Israeli Intelligence's most precious asset of the 20th century. Based on NYT bestselling book 'The Angel: The Egyptian Spy Who Saved Israel' by Uri Bar-Joseph.",10752,movie,468362,/d5vBixJD1coOvHvr8N2pbyffxFU.jpg,[8],6.602,2.313,2018-05-15,['Netflix']
Mine,"After a failed assassination attempt, a soldier finds himself stranded in the desert. Exposed to the elements, he must survive the dangers of the desert and battle the psychological and physical toll of the treacherous conditions.",10752,movie,345009,/dYmkd3azwbamZ3wsIsMXQY5evjH.jpg,[8],6.597,4.0899,2016-10-06,['Netflix']
Thank You for Your Service,"A group of U.S. soldiers returning from Iraq struggle to integrate back into family and civilian life, while living with the memory of a war that threatens to destroy them long after they've left the battlefield.",10752,movie,347629,/z8OKWw6DAZAOyz8F421euawr3Hs.jpg,[8],6.547,2.54,2017-10-26,['Netflix']
Sand Castle,"Set during the occupation of Iraq, a squad of U.S. soldiers try to protect a small village.",10752,movie,390054,/aw2K9mV3DE4ez3glmKmBxpzrDPQ.jpg,[8],6.519,5.8773,2017-04-21,['Netflix']
Operation Mincemeat,"In 1943, two British intelligence officers concoct Operation Mincemeat, wherein their plan to drop a corpse with false papers off the coast of Spain would fool Nazi spies into believing the Allied forces were planning to attack by way of Greece rather than Sicily.",10752,movie,661231,/tfdfh1mK24VujxT5z11732asxdR.jpg,[8],6.501,2.7068,2022-04-01,['Netflix']
Da 5 Bloods,Four African-American Vietnam veterans return to Vietnam. They are in search of the remains of their fallen squad leader and the promise of buried treasure. These heroes battle forces of humanity and nature while confronted by the lasting ravages of the immorality of the Vietnam War.,10752,movie,581859,/yx4cp1ljJMDSFeEex0Zjv45b55E.jpg,[8],6.468,2.0531,2020-06-12,['Netflix']
Amina,"In 16th-century Zazzau, now Zaria, Nigeria, Amina must utilize her military skills and tactics to defend her family's kingdom. Based on a true story.",10752,movie,885110,/hMIQiwLpBfTfe3ZbRlNx4225Mgg.jpg,[8],6.4,1.1552,2021-11-04,['Netflix']
Sniper: Ghost Shooter,"Elite snipers Brandon Beckett and Richard Miller are fighting extremists in the Middle East when the Colonel gives them a new mission: to protect a gas pipeline stretching from the Republic of Georgia to Western Europe from extremists eager to make a political statement. But when skirmishes with the enemy lead to U.S. snipers being killed by a ghost shooter who locks into their exact location, a security breach is suspected. Fingers are pointed and battle lines are drawn, all leading up to an explosive climax.",10752,movie,407375,/fimBlLrgXmHhu7RnXJyAQP55mvB.jpg,[8],6.297,5.3665,2016-08-02,['Netflix']
Valley of the Dead,"During the Spanish Civil War, sworn enemies must work together when they encounter flesh-eating zombies created in a Nazi experiment.",10752,movie,613093,/avokvOwhjVR9GgISsSSgb2A343G.jpg,[8],6.2,2.0011,2020-10-08,['Netflix']
Army of the Dead,"Following a zombie outbreak in Las Vegas, a group of mercenaries take the ultimate gamble: venturing into the quarantine zone to pull off the greatest heist ever attempted.",10752,movie,503736,/z8CExJekGrEThbpMXAmCFvvgoJR.jpg,[8],6.23,6.8901,2021-05-14,['Netflix']
The Catcher Was a Spy,Former major league baseball player Moe Berg lives a double life working for the Office of Strategic Services in World War II Europe.,10752,movie,467952,/3aBv9Oln0aoBrEbkMabHIVat6CY.jpg,[8],6.2,2.15,2018-06-22,['Netflix']
Shadow in the Cloud,A WWII pilot traveling with top secret documents on a B-17 Flying Fortress encounters an evil presence on board the flight.,10752,movie,675327,/t7EUMSlfUN3jUSZUJOLURAzJzZs.jpg,[8],5.825,4.0409,2020-12-31,['Netflix']
War Machine,A rock star general bent on winning the “impossible” war in Afghanistan takes us inside the complex machinery of modern war. Inspired by the true story of General Stanley McChrystal.,10752,movie,354287,/bU2Q2rCH5VFrJNKSyx6wSmQZFsX.jpg,[8],5.608,4.2178,2017-05-26,['Netflix']
Horizon: An American Saga - Chapter 1,"In 1859, families discover the lure of the Old West as they settle in territories from Wyoming to Kansas. Meanwhile, a gruff cowboy soon finds himself on the run with a prostitute and a young boy after killing a fellow gunman.",37,movie,932086,/hqDkO0W9uk4aiwzn3pTeLO7NPZD.jpg,[8],6.897,6.9687,2024-06-26,['Netflix']
The Sisters Brothers,"Oregon, 1851. Hermann Kermit Warm, a chemist and aspiring gold prospector, keeps a profitable secret that the Commodore wants to know, so he sends the Sisters brothers, two notorious assassins, to capture him on his way to California.",37,movie,440161,/hbUGrEaJgFz9NWh34HHUb4vLjkG.jpg,[8],6.828,3.2828,2018-09-19,['Netflix']
The Power of the Dog,"A domineering but charismatic rancher wages a war of intimidation on his brother's new wife and her teen son, until long-hidden secrets come to light.",37,movie,600583,/kEy48iCzGnp0ao1cZbNeWR6yIhC.jpg,[8],6.766,7.0892,2021-10-25,['Netflix']
The Harder They Fall,"Gunning for revenge, outlaw Nat Love saddles up with his gang to take down enemy Rufus Buck, a ruthless crime boss who just got sprung from prison.",37,movie,618162,/su9WzL7lwUZPhjH6eZByAYFx2US.jpg,[8],6.6,3.9616,2021-10-22,['Netflix']
Strange Way of Life,"After 25 years, an ex hired gun visits his old colleague, who is now a small town sheriff. Their past relationship is explored, as is how they reflect on it in the present.",37,movie,963765,/uKOSFVplHUtvjtDEE5N4x8Hs9vL.jpg,[8],6.344,3.0875,2023-05-26,['Netflix']
The Killer,"In lawless badlands, reclusive Cabeleira sets out to discover the fate of his gunman father and grows to be a feared assassin himself.",37,movie,466190,/cPvW6PchT6Dsss3sStKilnhKvGT.jpg,[8],6.1,1.5984,2017-09-13,['Netflix']
Concrete Cowboy,"Sent to live with his estranged father for the summer, a rebellious teen finds kinship in a tight-knit Philadelphia community of Black cowboys.",37,movie,621954,/qRW2poVt06WCVlIhrolWS5af4YV.jpg,[8],6.029,0.8441,2020-09-13,['Netflix']
The Ridiculous 6,"When his long-lost outlaw father returns, Tommy ""White Knife"" Stockburn goes on an adventure-filled journey across the Old West with his five brothers.",37,movie,347969,/kPc80jywR5Nm2KIQjkY5i4VXSx4.jpg,[8],5.198,4.7567,2015-12-11,['Netflix']
Arcane,"Amid the stark discord of twin cities Piltover and Zaun, two sisters fight on rival sides of a war between magic technologies and clashing convictions.",10759,tv,94605,/fqldf2t8ztc9aiwn3k6mlX3tvRT.jpg,[8],8.779,39.9992,,['Netflix']
Frieren: Beyond Journey's End,"After the party of heroes defeated the Demon King, they restored peace to the land and returned to lives of solitude. Generations pass, and the elven mage Frieren comes face to face with humanity’s mortality. She takes on a new apprentice and promises to fulfill old friends’ dying wishes. Can an elven mind make peace with the nature of life and death? Frieren embarks on her quest to find out.",10759,tv,209867,/dqZENchTd7lp5zht7BdlqM7RBhD.jpg,[8],8.773,22.7305,,['Netflix']
Avatar: The Last Airbender,"In a war-torn world of elemental magic, a young boy reawakens to undertake a dangerous mystic quest to fulfill his destiny as the Avatar, and bring peace to the world.",10759,tv,246,/v2vn1coUMPKw0GI1KGC5J4IXtqp.jpg,[8],8.7,24.1685,,['Netflix']
Dan Da Dan,"In a bet to prove whether ghosts or aliens exist, two high schoolers face terrifying paranormal threats, gain superpowers and maybe even fall in love?!",10759,tv,240411,/6qfZAOEUFIrbUH3JvePclx1nXzz.jpg,[8],8.727,19.7758,,['Netflix']
One Piece,"Years ago, the fearsome Pirate King, Gol D. Roger was executed leaving a huge pile of treasure and the famous ""One Piece"" behind. Whoever claims the ""One Piece"" will be named the new King of the Pirates.

Monkey D. Luffy, a boy who consumed a ""Devil Fruit,"" decides to follow in the footsteps of his idol, the pirate Shanks, and find the One Piece. It helps, of course, that his body has the properties of rubber and that he's surrounded by a bevy of skilled fighters and thieves to help him along the way.

Luffy will do anything to get the One Piece and become King of the Pirates!",10759,tv,37854,/cMD9Ygz11zjJzAovURpO75Qg7rT.jpg,[8],8.726,52.4387,,['Netflix']
Fullmetal Alchemist: Brotherhood,"Disregard for alchemy’s laws ripped half of Edward Elric’s limbs from his body and left his brother Alphonse’s soul clinging to a suit of armor. To restore what was lost, the brothers seek the Philosopher’s Stone. Enemies and allies – the corrupt military, the Homunculi, and foreign alchemists – will alter the Elric brothers course, but their purpose will remain unchanged and their bond unbreakable.",10759,tv,31911,/5ZFUEOULaVml7pQuXxhpR2SmVUw.jpg,[8],8.694,27.4205,,['Netflix']
Fighting Spirit,"Makunouchi Ippo is an ordinary high school student in Japan. Since he spends most of his time away from school helping his mother run the family business, he doesn't get to enjoy his younger years like most teenagers. Always a target for bullying at school (the family fishing business grants him a distinct odor), Ippo's life is one of hardship. One of these after-school bullying sessions turns Ippo's life around for the better, as he is saved by a boxer named Takamura. He decides to follow in Takamura's footsteps and train to become a boxer, giving his life direction and purpose. Ippo's path to perfecting his pugilistic prowess is just beginning...",10759,tv,42705,/1LApB9C9kEkh2ZU2vzAhurNDipl.jpg,[8],8.655,34.5243,,['Netflix']
Demon Slayer: Kimetsu no Yaiba,"It is the Taisho Period in Japan. Tanjiro, a kindhearted boy who sells charcoal for a living, finds his family slaughtered by a demon. To make matters worse, his younger sister Nezuko, the sole survivor, has been transformed into a demon herself. Though devastated by this grim reality, Tanjiro resolves to become a “demon slayer” so that he can turn his sister back into a human, and kill the demon that massacred his family.",10759,tv,85937,/xUfRZu2mi8jH6SzQEJGP6tjBuYj.jpg,[8],8.65,17.6718,,['Netflix']
Hunter x Hunter,"Twelve-year-old Gon Freecss one day discovers that the father he had always been told was dead was alive. His Father, Ging, is a Hunter — a member of society's elite with a license to go anywhere or do almost anything. Gon, determined to follow in his father's footsteps, decides to take the Hunter Examination and eventually find his father to prove himself as a Hunter in his own right. But on the way, he learns that there is more to becoming a Hunter than previously thought, and the challenges that he must face are considered the toughest in the world.",10759,tv,46298,/i2EEr2uBvRlAwJ8d8zTG2Y19mIa.jpg,[8],8.649,53.7945,,['Netflix']
My Hero Academia,"For his entire life, Izuku has dreamed of being a hero—an ambitious goal for anyone, but an especially challenging one for a boy without superpowers. That’s right: in a world where 80% of the population has some sort of special gift, Izuku was unlucky enough to be born completely normal. But that won’t stop him from enrolling in one of the most prestigious hero academies in the world to learn what it truly means to be a hero.",10759,tv,65930,/47h1ReX6SSqwiTaz3kCC14f0vzt.jpg,[8],8.637,12.4844,,['Netflix']
Scissor Seven,"Seeking to recover his memory, a scissor-wielding, hairdressing, bungling quasi-assassin stumbles into a struggle for power among feuding factions.",10759,tv,79141,/rCxPTLTfcNhgD8F6VwKxfCAAbf8.jpg,[8],8.584,19.0859,,['Netflix']
Jujutsu Kaisen,"Yuji Itadori is a boy with tremendous physical strength, though he lives a completely ordinary high school life. One day, to save a classmate who has been attacked by curses, he eats the finger of Ryomen Sukuna, taking the curse into his own soul. From then on, he shares one body with Ryomen Sukuna. Guided by the most powerful of sorcerers, Satoru Gojo, Itadori is admitted to Tokyo Jujutsu High School, an organization that fights the curses... and thus begins the heroic tale of a boy who became a curse to exorcise a curse, a life from which he could never turn back.",10759,tv,95479,/fHpKWq9ayzSk8nSwqRuaAUemRKh.jpg,[8],8.579,68.6101,,['Netflix']
Delicious in Dungeon,"Dungeons, dragons... and delicious monster stew!? Adventurers foray into a cursed buried kingdom to save their friend, cooking up a storm along the way.",10759,tv,207784,/9t3DYdGxK3i4WRzKvIZwJd4kBnr.jpg,[8],8.575,19.5221,,['Netflix']
JoJo's Bizarre Adventure,"Follow the intergenerational feud between the Joestar Family and various forces of evil, the most prominent of which is Dio Brando and his followers.",10759,tv,45790,/ogAWwbh3frWtiTyyXrZaVFtqCgp.jpg,[8],8.569,39.9122,,['Netflix']
Dr. STONE,"One fateful day, all of humanity was petrified by a blinding flash of light. After several millennia, high schooler Taiju awakens and finds himself lost in a world of statues. However, he's not alone! His science-loving friend Senku's been up and running for a few months and he's got a grand plan in mind, to kickstart civilization with the power of science!",10759,tv,86031,/rocRrglJfYkglKilmFaStvo5EvS.jpg,[8],8.555,6.5155,,['Netflix']
Alchemy of Souls,"A powerful sorceress in a blind woman's body encounters a man from a prestigious family, who wants her help to change his destiny.",10759,tv,135157,/q2IiPRSXPOZ6qVRj36WRAYEQyHs.jpg,[8],8.529,25.8757,,['Netflix']
Our Planet,Experience our planet's natural beauty and examine how climate change impacts all living creatures in this ambitious documentary of spectacular scope.,10759,tv,83880,/wRSnArnQBmeUYb5GWDU595bGsBr.jpg,[8],8.528,4.6799,,['Netflix']
The Umbrella Academy,"A dysfunctional family of superheroes comes together to solve the mystery of their father's death, the threat of the apocalypse and more.",10759,tv,75006,/qhcwrnnCnN8NE1N6XXKHFmveJR9.jpg,[8],8.527,30.1617,,['Netflix']
The Rising of the Shield Hero,"Iwatani Naofumi, a run-of-the-mill otaku, finds a book in the library that summons him to another world. He is tasked with joining the sword, spear, and bow as one of the Four Cardinal Heroes and fighting the Waves of Catastrophe as the Shield Hero. Excited by the prospect of a grand adventure, Naofumi sets off with his party. However, merely a few days later, he is betrayed and loses all his money, dignity, and respect. Unable to trust anyone anymore, he employs a slave named Raphtalia and takes on the Waves and the world. But will he really find a way to overturn this desperate situation?",10759,tv,83095,/yjq2n0agGJfmZQ9NpbYIhuBofcq.jpg,[8],8.526,14.3577,,['Netflix']
BLUE EYE SAMURAI,"Driven by a dream of revenge against those who made her an outcast in Edo-period Japan, a young warrior cuts a bloody path toward her destiny.",10759,tv,225180,/fXm3JT4WLQVnwukdvghtAblc1wc.jpg,[8],8.525,10.3801,,['Netflix']
Vincenzo,"At the age of eight, Park Joo Hyeong left for Italy after being adopted. Now an adult, he is known as Vincenzo Cassano and employed by a Mafia family as a consigliere. Due to warring Mafia factions, he flies to South Korea where he gets involved with lawyer Hong Cha Young. She is the type of attorney who will do anything to win a case. Now back in his motherland, he gives an unrivalled conglomerate a taste of his own medicine—with a side of his own version of justice.",10759,tv,117376,/dvXJgEDQXhL9Ouot2WkBHpQiHGd.jpg,[8],8.521,22.8764,,['Netflix']
Black Clover,"Asta and Yuno are two orphans who want the same thing: to become the Wizard King. Locked in a friendly rivalry, they work hard towards their goal. While Yuno excels at magic, Asta has a problem uncommon in this world: he has no powers! But, on the day they receive their grimoires, they surprise everyone. To reach their goal, they’ll each find their own path to greatness—with or without magic.",10759,tv,73223,/kaMisKeOoTBPxPkbC3OW7Wgt6ON.jpg,[8],8.5,17.571,,['Netflix']
Mob Psycho 100,"Shigeo Kageyama, a.k.a. ""Mob,"" is a boy who has trouble expressing himself, but who happens to be a powerful esper. Mob is determined to live a normal life and keeps his ESP suppressed, but when his emotions surge to a level of 100%, something terrible happens to him! As he's surrounded by false espers, evil spirits, and mysterious organizations, what will Mob think? What choices will he make?",10759,tv,67075,/vR7hwaGQ0ySRoq1WobiNRaPs4WO.jpg,[8],8.5,33.5287,,['Netflix']
Magi,"This story is about the flow of fate and the battle to keep the world on the right path. Aladdin is a boy who has set out to explore the world after being trapped in a room for most of his life. His best friend is a flute with a djinn in it named Ugo. Soon enough, Aladdin discovers he is a Magi, a magician who chooses kings, and he was born to choose kings who will follow the righteous path, battling against those who want to destroy fate. Follow his adventures as he meets others from 1001 Arabian Nights, like Ali Baba and Sinbad, and fights to keep the balance of world in check!",10759,tv,60654,/cDIDw98GGkVvyDa2ko0KGmE5g2A.jpg,[8],8.5,8.5089,,['Netflix']
Vinland Saga,"For a thousand years, the Vikings have made quite a name and reputation for themselves as the strongest families with a thirst for violence. Thorfinn, the son of one of the Vikings' greatest warriors, spends his boyhood in a battlefield enhancing his skills in his adventure to redeem his most-desired revenge after his father was murdered.",10759,tv,88803,/vUHlpA5c1NXkds59reY3HMb4Abs.jpg,[8],8.499,8.6994,,['Netflix']
Overlord,"In the year 2138, virtual reality gaming is booming. Yggdrasil, a popular online game is quietly shut down one day. However, one player named Momonga decides to not log out. Momonga is then transformed into the image of a skeleton as ""the most powerful wizard."" The world continues to change, with non-player characters (NPCs) beginning to feel emotion. Having no parents, friends, or place in society, this ordinary young man Momonga then strives to take over the new world the game has become.",10759,tv,64196,/aSjpVCanDAwCopdjIgWwrxOWnWf.jpg,[8],8.5,21.5045,,['Netflix']
Tomorrow,"Once guiding the 'dead', now saving those who want to die! The Afterlife Office Human Fantasy.",10759,tv,136369,/7pOC2Wr6aavn6OPkFJ9YqhCV5hW.jpg,[8],8.477,5.8307,,['Netflix']
Cyberpunk: Edgerunners,"In a dystopia riddled with corruption and cybernetic implants, a talented but reckless street kid strives to become a mercenary outlaw — an edgerunner.",10759,tv,105248,/lqcDVZ8pyk08AVftMBildDR3QUK.jpg,[8],8.473,11.0674,,['Netflix']
Record of Ragnarok,"Before eradicating humankind from the world, the gods give them one last chance to prove themselves worthy of survival. Let the Ragnarok battles begin.",10759,tv,114868,/kTs2WNZOukpWdNhoRlH94pSJ3xf.jpg,[8],8.461,12.7194,,['Netflix']
Trollhunters: Tales of Arcadia,"After uncovering a mysterious amulet, an average teen assumes an unlikely destiny and sets out to save two worlds.",10759,tv,68267,/9VZmMzINVdO3ZYGsKItU39pNO2l.jpg,[8],8.44,17.4465,,['Netflix']
The Seven Deadly Sins,"The “Seven Deadly Sins”—a group of evil knights who conspired to overthrow the kingdom of Britannia—were said to have been eradicated by the Holy Knights, although some claim that they still live. Ten years later, the Holy Knights have staged a Coup d'état and assassinated the king, becoming the new, tyrannical rulers of the kingdom. Elizabeth, the king's only daughter, sets out on a journey to find the “Seven Deadly Sins,” and to enlist their help in taking back the kingdom.",10759,tv,62104,/gxTojpKEOtue85EEFlozwRbDXwJ.jpg,[8],8.431,4.5863,,['Netflix']
The Untamed,"Wei Wu Xian and Lan Wang Ji, two talented disciples of respected clans, meet during cultivation training and accidentally discover a secret carefully hidden for many years. Taking on the legacy of their ancestors, they decide to rid the world of the ominous threat.",10759,tv,90761,/8TZbpPpLQVS2i7P7yUVhrFlFsmW.jpg,[8],8.4,12.6502,,['Netflix']
Weak Hero,"With the aid of unexpected friends, a gifted but introverted student confronts bullies and violent foes — unaware of how dangerous his world will become.",10759,tv,200709,/xRw3akJQdfgqx0x4fiHW7nIkEUJ.jpg,[8],8.409,27.5929,,['Netflix']
Naruto,"Naruto Uzumaki, a mischievous adolescent ninja, struggles as he searches for recognition and dreams of becoming the Hokage, the village's leader and strongest ninja.",10759,tv,46260,/xppeysfvDKVx775MFuH8Z9BlpMk.jpg,[8],8.364,64.6215,,['Netflix']
The Seven Deadly Sins: Four Knights of the Apocalypse,"As a prophecy of doom unfolds on the peaceful land of Britannia, a purehearted boy sets out on a journey of discovery — and revenge.",10759,tv,218843,/6SWVJvCIC9B16u6wASZ8FEaNssz.jpg,[8],8.362,33.6406,,['Netflix']
Outer Banks,"A tight-knit group of teens unearths a long-buried secret, setting off a chain of illicit events that takes them on an adventure they'll never forget.",10759,tv,100757,/ovDgO2LPfwdVRfvScAqo9aMiIW.jpg,[8],8.362,33.6339,,['Netflix']
Rurouni Kenshin,"Ten years have passed since the end of Bakumatsu, an era of war that saw the uprising of citizens against the Tokugawa shogunate. The revolutionaries wanted to create a time of peace, and a thriving country free from oppression. The new age of Meiji has come, but peace has not yet been achieved. Swords are banned but people are still murdered in the streets. Orphans of war veterans are left with nowhere to go, while the government seems content to just line their pockets with money.",10759,tv,210879,/9qvWdco2AsLvl6xIwUEh0MbyG4E.jpg,[8],8.4,16.0846,,['Netflix']
KENGAN ASHURA,"Ohma Tokita enters a hidden world where corporate disputes are settled in brutal gladiator bouts. Forget the money, he just wants to fight — and win.",10759,tv,90660,/tqR96OMBKzHNCNwJB3f3NsCkXbL.jpg,[8],8.352,12.8046,,['Netflix']
MASHLE: MAGIC AND MUSCLES,"In the magic realm, magic is everything—everyone can use it, and one’s social status is determined by their skill level. Deep in the forest, oblivious to the ways of the world, lives Mash. Thanks to his daily training, he’s become a fitness god, but he harbors a secret that could turn his life upside down—he can’t use magic! When he’s found out, rather than his life being over, he’s unexpectedly enrolled in magic school, where he must beat the competition!",10759,tv,204832,/yORTvQOQTZzZ9JRIpRH4QaIaQBm.jpg,[8],8.3,20.5617,,['Netflix']
Dragons: Race to the Edge,"Unlock the secrets of the Dragon Eye and come face to face with more dragons than anyone has ever imagined as Hiccup, Toothless and the Dragon Riders soar to the edge of adventure.",10759,tv,78173,/y5sNfaTvWR3ObILyf9uV6deAcKT.jpg,[8],8.3,25.3747,,['Netflix']
Jurassic World: Chaos Theory,The Camp Cretaceous gang comes together to unravel a mystery when they discover a global conspiracy that brings danger to dinosaurs — and to themselves.,10759,tv,237512,/c2Od0cY2IeayDj5osUxZSAD1QK.jpg,[8],8.341,21.3293,,['Netflix']
Dorohedoro,"Amnesiac Caiman seeks to undo his lizard head curse by killing the sorcerer responsible, with his friend Nikaido's help. In the Hole, that's a threat.",10759,tv,94404,/u4RhmbMlKzeshDE2Wf3uxZuGck2.jpg,[8],8.3,7.5811,,['Netflix']
The Uncanny Counter,"A group of supernatural demon hunters known as ""Counters,"" each with unique abilities, disguise themselves as employees of a noodle restaurant, while tracking down evil spirits that terrorize the mortal world.",10759,tv,113268,/bsbuXbQqryQ8aJlwXFkFXbrYko1.jpg,[8],8.3,25.5526,,['Netflix']
Teenage Mutant Ninja Turtles,"The Teenage Mutant Ninja Turtles are back in an all-new animated series on Nickelodeon! Surfacing topside for the first time on their fifteenth birthday, the titular turtles, Leonardo, Michelangelo, Raphael and Donatello, find that life out of the sewers isn't exactly what they thought it would be. Now the turtles must work together as a team to take on new enemies that arise to take over New York City.",10759,tv,51817,/n0DN6kJf0kGeuNFUYLT6eZe5ERR.jpg,[8],8.3,37.3503,,['Netflix']
Bloodhounds,Two young boxers band together with a benevolent moneylender to take down a ruthless loan shark who preys on the financially desperate.,10759,tv,127529,/5rmiPl3WgngnVYLbYWDloF1WXR1.jpg,[8],8.305,16.8804,,['Netflix']
BNA,"Morphed into a raccoon beastman, Michiru seeks refuge, and answers, with the aid of wolf beastman Shirou inside the special zone of Anima-City.",10759,tv,92592,/fwFYXaQz0mrY8v1HDky2wJsYa7t.jpg,[8],8.3,4.8539,,['Netflix']
Cells at Work! CODE BLACK,"Alcohol, smoking, and stress—in the body subjected to these irritants, the cells responsible for maintaining life seem to fight a war that never ends. Due to a severe shortage of workers, Red Blood Cell AA2153 has to quickly learn to deliver oxygen and collect carbon dioxide, even in dangerous conditions. Meanwhile, White Blood Cell U-1196 has to do her part by dealing with germs and viruses during life-threatening situations. In the midst of these crises, they have to work together to keep the body healthy, despite not knowing if their sacrifices will be worthwhile. Cells at Work! Code Black takes a different approach by showing the grittier side of the jobs our cells perform.",10759,tv,101873,/lZQKzmE3P5CJ9Bj0wK4jMZuengp.jpg,[8],8.3,3.7284,,['Netflix']
All of Us Are Dead,A high school becomes ground zero for a zombie virus outbreak. Trapped students must fight their way out — or turn into one of the rabid infected.,10759,tv,99966,/pTEFqAjLd5YTsMD6NSUxV6Dq7A6.jpg,[8],8.291,24.7237,,['Netflix']
Sweet Home,"As humans turn into savage monsters and the world plunges into terror, a handful of survivors fight for their lives — and to hold on to their humanity.",10759,tv,96648,/zcugNxDg59YwIf3dUHsrHmO7pc1.jpg,[8],8.3,27.4557,,['Netflix']
High-Rise Invasion,"High-school girl Yuri suddenly finds herself on the rooftop of a high-rise building. She's trapped in a bizarre world surrounded by skyscrapers, where a masked man cracked open a man's head with an axe before her eyes. Finding a way to survive this bizarre world, find her beloved brother, and escape becomes her top priority, but she is beset by danger not just from the mysterious Masks, which possess both inhuman strength and cruelty, but other survivors turned cruel or desparate by the insanity of the high-rise world.",10759,tv,112163,/7VJGXWLpgQrUwdmF7r111Sa7bHw.jpg,[8],8.3,4.0995,,['Netflix']
The Apothecary Diaries,"Maomao lived a peaceful life with her apothecary father. Until one day, she's sold as a lowly servant to the emperor's palace. But she wasn't meant for a compliant life among royalty. So when imperial heirs fall ill, she decides to step in and find a cure! This catches the eye of Jinshi, a handsome palace official who promotes her. Now, she's making a name for herself solving medical mysteries!",16,tv,220542,/e3ojpANrFnmJCyeBNTinYwyBCIN.jpg,[8],8.693,68.929,,['Netflix']
Slam Dunk,"Sakuragi Hanamichi is a junior high punk used to getting into fights and being rejected by girls but upon entering high school he meets the girl of his dreams, Haruko Akagi. He will do anything in order to win her heart including joining the school basketball team that is aiming to conquer the nation lead by Haruko's brother. The problem is that Sakuragi has never played basketball before and a freshman sensation is stealing the spotlight and Haruko's affection from him.",16,tv,42573,/gpkM8VeiYyQuEg9qkAoNplktwe4.jpg,[8],8.6,14.6157,,['Netflix']
Death Note,"Light Yagami is an ace student with great prospects—and he’s bored out of his mind. But all that changes when he finds the Death Note, a notebook dropped by a rogue Shinigami death god. Any human whose name is written in the notebook dies, and Light has vowed to use the power of the Death Note to rid the world of evil. But will Light succeed in his noble goal, or will the Death Note turn him into the very thing he fights against?",16,tv,13916,/tCZFfYTIwrR7n94J6G14Y4hAFU6.jpg,[8],8.636,17.3424,,['Netflix']
Haikyu!!,"Inspired by a small-statured pro volleyball player, Shouyou Hinata creates a volleyball team in his last year of middle school. Unfortunately the team is matched up against the ""King of the Court"" Tobio Kageyama's team in their first tournament and inevitably lose. After the crushing defeat, Hinata vows to surpass Kageyama. After entering high school, Hinata joins the volleyball team only to find that Tobio has also joined.",16,tv,60863,/h0bVEP8doITKTfrkEhzgGesYuQz.jpg,[8],8.6,20.594,,['Netflix']
Neon Genesis Evangelion,"At the turn of the century, the Angels returned to Earth, seeking to wipe out humanity in an apocalyptic fury. Devastated, mankind's last remnants moved underground to wait for the day when the Angels would come back to finish the job. Fifteen years later, that day has come... but this time, humanity is ready to fight back with terrifying bio-mechanical weapons known as the Evangelions. Watch as Shinji, Rei, Asuka and the rest of the mysterious shadow agency Nerv battle to save earth from total annihilation.",16,tv,890,/y2ah9t0navXyIvoHg1uIbIHO3tt.jpg,[8],8.6,14.9972,,['Netflix']
Scavengers Reign,When a deep space freighter is damaged by a solar flare its surviving crew are stranded on a beautiful and unforgiving planet. They begin to learn the true nature of this planet as they try to survive long enough to escape or be rescued.,16,tv,204154,/bFlVZV8TQbs8hcIY7PVYonYFMgK.jpg,[8],8.569,8.2848,,['Netflix']
Your Lie in April,"Kousei Arima was a genius pianist until his mother's sudden death took away his ability to play. Each day was dull for Kousei. But, then he meets a violinist named Kaori Miyazono who has an eccentric playing style. Can the heartfelt sounds of the girl's violin lead the boy to play the piano again?",16,tv,61663,/rRjfH3ckTYz8z8aSkJshFL4VyK9.jpg,[8],8.579,15.766,,['Netflix']
BoJack Horseman,"Meet the most beloved sitcom horse of the '90s , 20 years later. He's a curmudgeon with a heart of...not quite gold...but something like gold. Copper?",16,tv,61222,/6JFWzlChcGgLiIUo2COgNlWGFKy.jpg,[8],8.546,49.8568,,['Netflix']
Monster,"Kenzou Tenma, a Japanese brain surgeon in Germany, finds his life in utter turmoil after getting involved with a psychopath that was once a former patient.",16,tv,30981,/n5XNKXnoXpoXyfiCtXHOf8q8PFM.jpg,[8],8.513,16.7482,,['Netflix']
Violet Evergarden,"The war is over, and Violet Evergarden needs a job. Scarred and emotionless, she takes a job as a letter writer to understand herself and her past.",16,tv,75214,/61EwFPqc0r1uJo6la49J55F8bQ8.jpg,[8],8.482,8.7112,,['Netflix']
Kuroko's Basketball,"In the story, Kagami Taiga has just enrolled into Seirin High School when he meets Kuroko Tetsuya of the school's basketball team. Kuroko happens to be the shadowy sixth member of the legendary Generation of Miracles basketball team. Together, Kagami and Kuroko aim to take their team to the inter-high school championship - against Kuroko's former teammates.",16,tv,45783,/qi8dlAgQEeahpEn1AOb5BJEOcVB.jpg,[8],8.475,35.4684,,['Netflix']
BEASTARS,"In a world where beasts of all kinds coexist, a gentle wolf awakens to his own predatory urges as his school deals with a murder within its midst.",16,tv,90937,/sh9iNWkleOjEHRHj8WPHhmMi8HL.jpg,[8],8.473,15.1282,,['Netflix']
She-Ra and the Princesses of Power,"In this reboot of the '80s series, a magic sword transforms an orphan girl into warrior She-Ra, who unites a rebellion to fight against evil.",16,tv,79732,/y6YLtlnV5FGh3Mhs5SUc80IQSV5.jpg,[8],8.473,20.8713,,['Netflix']
The Quintessential Quintuplets,"Fuutarou Uesugi is a poor, antisocial ace student who one day meets the rich transfer student Itsuki Nakano. They argue but when Uesugi realizes he is to be her tutor, he tries to get on better terms. While trying to do so he meets four other girls.",16,tv,84669,/mrahUSmFjae8UHtlOcZ58ytmAGu.jpg,[8],8.5,10.8462,,['Netflix']
Romantic Killer,"Living her best single life, romance is the last thing on Anzu's mind — until a tiny match-making wizard suddenly turns her life into a clichéd romcom.",16,tv,208730,/ocCtP4MdXE0keyfmrt6X4JRbhmy.jpg,[8],8.431,4.2341,,['Netflix']
From Me to You: Kimi ni Todoke,"Nicknamed ""Sadako"" for her spooky appearance, high schooler Sawako begins to break out of her shell when she befriends popular boy Kazehaya.",16,tv,68854,/kka0aBfSmhxYopCW0FzDWzljRhG.jpg,[8],8.412,12.2919,,['Netflix']
My Happy Marriage,"Miyo's abusive family deems her worthless – but together with her powerful husband-to-be, her true self and hidden powers slowly begin to shine.",16,tv,196944,/5RZIBqSYHhpQF6s8Dgw2aXlA4ZS.jpg,[8],8.4,21.2148,,['Netflix']
The Way of the Househusband,"After disappearing from the underworld, the legendary yakuza known as the ""Immortal Dragon"" resurfaces — as a fiercely devoted stay-at-home husband.",16,tv,112160,/p63rAZt0s8kedJtdxGwD5VYZafc.jpg,[8],8.401,4.7181,,['Netflix']
Great Teacher Onizuka,"About Eikichi Onizuka, a 22-year-old ex-gangster member and a virgin. He has one ambition that no one ever expected from him. His solely life purpose is to become the greatest high school teacher ever.",16,tv,43017,/cgcvNzLUQUjkur8zfhHwcadwzVz.jpg,[8],8.392,11.3644,,['Netflix']
Tear Along the Dotted Line,A cartoonist in Rome with his armadillo-for-a-conscience reflects on his path in life and a would-be love as he and his friends travel outside the city.,16,tv,135918,/jD8abZSQ9zMOsqr1M7zButnzCuz.jpg,[8],8.387,2.5716,,['Netflix']
Lookism,"In a society that favors good looks, a high school outcast leads a double life switching between his two bodies that are polar opposites in appearance.",16,tv,210942,/qkoM63HDuCOSwxGfb0pljrgns9I.jpg,[8],8.4,4.8229,,['Netflix']
Komi Can't Communicate,"At a high school full of unique characters, Tadano helps his shy and unsociable classmate Komi reach her goal of making friends with 100 people.",16,tv,123876,/xGciZiSIEmkqgcv4ouWmkhmXmPH.jpg,[8],8.37,11.3102,,['Netflix']
The Good Bad Mother,A tragic accident leaves an ambitious prosecutor with the mind of a child – forcing him and his mother to embark on a journey to heal their relationship.,35,tv,214999,/vtDLhvpTk1xcaBCKubSH0if575G.jpg,[8],8.944,10.6764,,['Netflix']
Reply 1988,Take a nostalgic trip back to the late 1980s through the lives of five families and their five teenage kids living in a small neighbourhood in Seoul.,35,tv,64010,/mqhYVbe20pB0PQXVZVdtbMakOCF.jpg,[8],8.8,11.1993,,['Netflix']
Mr. Queen,"A modern chef suddenly becomes trapped inside the body of a queen from the Joseon era, which causes chaos for everyone involved.",35,tv,108261,/kLy4FzvHV8kJTNzMDXNnXHFG5zq.jpg,[8],8.54,8.1893,,['Netflix']
Hotel Del Luna,"When he's invited to manage a hotel for dead souls, an elite hotelier gets to know the establishment's ancient owner and her strange world.",35,tv,90447,/8bizZsXoAsOTbhyFKfBogC8mgG2.jpg,[8],8.536,11.331,,['Netflix']
It's Okay to Not Be Okay,"Desperate to escape from his emotional baggage and the heavy responsibility he’s had all his life, a psychiatric ward worker begins to heal with help from the unexpected – a woman who writes fairy tales but doesn’t believe in them.",35,tv,96462,/5pKlA16OaTLm57alV4EWuxIfO2O.jpg,[8],8.524,19.1982,,['Netflix']
Miss Night and Day,"A bittersweet romantic comedy about a job seeker who suddenly gets stuck in time as an old-ager one day, and an extraordinary internship with a prosecutor who is caught up in her all day and night.",35,tv,231749,/yfE5kgRsgZD9lXtCS0dnfOz7Kk5.jpg,[8],8.5,7.2654,,['Netflix']
Crash Landing on You,"A paragliding mishap drops a South Korean heiress in North Korea -- and into the life of an army officer, who decides he will help her hide.",35,tv,94796,/jTESfFcPm6TniFWpEBUnQnwtKTC.jpg,[8],8.492,16.3933,,['Netflix']
My Demon,"A pitiless demon becomes powerless after getting entangled with an icy heiress, who may hold the key to his lost abilities — and his heart.",35,tv,218539,/xBnscv5BrJREKVSvh0le61y4KDk.jpg,[8],8.491,20.7729,,['Netflix']
Business Proposal,"In disguise as her friend, Ha-ri shows up to a blind date to scare him away. But plans go awry when he turns out to be her CEO — and makes a proposal.",35,tv,154825,/iLh7L8ZuvgdxFaM9sImyv2iKYLe.jpg,[8],8.491,20.5725,,['Netflix']
Hospital Playlist,"Every day is extraordinary for five doctors and their patients inside a hospital, where birth, death and everything in between coexist.",35,tv,96102,/clYgUKk4CzmKpEukW2I2oDg9k1Q.jpg,[8],8.464,19.9525,,['Netflix']
Julie and the Phantoms,Teenage Julie finds her passion for music and life while helping the Phantoms -- a trio of ghostly guys -- become the band they were never able to be.,35,tv,106292,/m6uNY62Rx6gpUkC7urCOrOTlaj2.jpg,[8],8.443,5.0604,,['Netflix']
Wednesday,"Wednesday Addams is sent to Nevermore Academy, a bizarre boarding school where she attempts to master her psychic powers, stop a monstrous killing spree of the town citizens, and solve the supernatural mystery that affected her family 25 years ago — all while navigating her new relationships.",35,tv,119051,/9PFonBhy4cQy7Jz20NpMygczOkv.jpg,[8],8.427,27.0813,,['Netflix']
Club de Cuervos,"When the patriarch of a prominent family dies, his heirs battle to determine who will gain control of his beloved soccer team: The Cuervos of Nuevo Toledo.",35,tv,63314,/fctsQt5NjZg5VxFVr9amJpHCjzo.jpg,[8],8.407,17.4473,,['Netflix']
Our Beloved Summer,"Years after filming a viral documentary in high school, two bickering ex-lovers get pulled back in front of the camera — and into each other's lives.",35,tv,135897,/bA15g6OLmhQ2HkURRaCztA2jwqI.jpg,[8],8.4,4.7818,,['Netflix']
Drake & Josh,"Fifteen-year-old Drake and Josh are schoolmates, but not close friends. Drake views Josh as weird and a bit of a goof. So, imagine Drake's shock when he finds out that this ""goof"" is about to become his new step-brother and roommate when his mother marries Josh's father. A spin off of The Amanda Show.",35,tv,2038,/udCvGctktHvvf8w51XyTPfcmzDa.jpg,[8],8.366,28.5447,,['Netflix']
Tale of the Nine Tailed,A TV producer discovers a secret supernatural world as she becomes entangled with a former deity who's spent centuries searching for his lost lover.,35,tv,108284,/jXx9vLO9bwKxl81oVQnzEH7960V.jpg,[8],8.359,11.6535,,['Netflix']
On My Block,"In a rough Los Angeles neighborhood, four smart, funny and streetwise teens find their lifelong friendship tested as they begin high school.",35,tv,76747,/w6oviv65UEducvjAdH3sYYaxdu2.jpg,[8],8.334,14.1679,,['Netflix']
A Love So Beautiful,"Love is as tough as it is sweet for a lovestruck teenager, whose relationship with her next-door neighbor transforms as they grow into adulthood.",35,tv,114395,/hZQsdmWWB2kKDLJyfHvk8dR5VTJ.jpg,[8],8.329,10.5866,,['Netflix']
Queen of Tears,The queen of department stores and the prince of supermarkets weather a marital crisis—until love miraculously begins to bloom again.,35,tv,215720,/7ZXLZ3KYL3IVvsSHBZaHjcNQzNU.jpg,[8],8.324,21.0551,,['Netflix']
The Disastrous Life of Saiki K.,"Gifted with a wide assortment of supernatural abilities ranging from telepathy to x-ray vision, Kusuo Saiki finds this so-called blessing to be nothing but a curse. As all the inconveniences his powers cause constantly pile up, all Kusuo aims for is an ordinary, hassle-free life—a life where ignorance is bliss.",35,tv,67676,/tpym31HVeQgenaubvCxkMF3kFHy.jpg,[8],8.323,12.2056,,['Netflix']
Merlí. Sapere Aude,"In this drama set at a university, a wayward philosophy student navigate life on campus while seeking guidance from an intriguing new professor.",35,tv,95601,/kMHA8Ya0dLjif2gnhdWEZ0TprIP.jpg,[8],8.274,4.5137,,['Netflix']
Heartland,"Life is hard on the Flemings' ranch in the Alberta foothills where abused or neglected horses find refuge with a kind, hard-working family. Debts abound and the bank is about to foreclose. Can they keep the ranch running?",35,tv,14929,/uc2gtWczT58BiAUJWFz9P5aZmNF.jpg,[8],8.3,58.1677,,['Netflix']
Henry Danger,"When 13-year-old Henry Hart lands a job as Danger, the sidekick-in-training to superhero Captain Man, he must learn to navigate a double life balancing the challenges of 8th grade with the crazy adventures of a real-life crime fighter!",35,tv,61852,/f3TEP5SROTpL6e520ohhSNbUv1E.jpg,[8],8.272,45.3606,,['Netflix']
Boys Over Flowers,Unassuming high school girl Jan-di stands up to — and eventually falls for — a spoiled rich kid who belongs to the school's most powerful clique.,35,tv,16420,/9Wup52WspaRW0CcR7yNGyyXM4Ef.jpg,[8],8.267,18.7874,,['Netflix']
Breaking Bad,"Walter White, a New Mexico chemistry teacher, is diagnosed with Stage III cancer and given a prognosis of only two years left to live. He becomes filled with a sense of fearlessness and an unrelenting desire to secure his family's financial future at any cost as he enters the dangerous world of drugs and crime.",80,tv,1396,/ineLOBPG8AZsluYwnkMpHRyu7L.jpg,[8],8.924,123.5858,,['Netflix']
Better Call Saul,"Six years before Saul Goodman meets Walter White. We meet him when the man who will become Saul Goodman is known as Jimmy McGill, a small-time lawyer searching for his destiny, and, more immediately, hustling to make ends meet. Working alongside, and, often, against Jimmy, is “fixer” Mike Ehrmantraut. The series tracks Jimmy’s transformation into Saul Goodman, the man who puts “criminal” in “criminal lawyer"".",80,tv,60059,/zjg4jpK1Wp2kiRvtt5ND0kznako.jpg,[8],8.691,62.8507,,['Netflix']
Peaky Blinders,"A gangster family epic set in 1919 Birmingham, England and centered on a gang who sew razor blades in the peaks of their caps, and their fierce boss Tommy Shelby, who means to move up in the world.",80,tv,60574,/vUUqzWa2LnHIVqkaKVlVGkVcZIW.jpg,[8],8.5,68.9674,,['Netflix']
Beyond Evil,"As a killing resembling a cold case resurfaces in a small town, the chase for the truth falls on two policemen who each harbor secrets of their own.",80,tv,116612,/qvR2V6BlXrJ7VTuhEfnXc4rTJTR.jpg,[8],8.5,5.3592,,['Netflix']
Girl from Nowhere,"A mysterious, clever girl named Nanno transfers to different schools, exposing the lies and misdeeds of the students and faculty at every turn.",80,tv,83639,/9hDXqzN5l4lBmEtb8IstXr91k8z.jpg,[8],8.49,17.7054,,['Netflix']
Lucifer,"Bored and unhappy as the Lord of Hell, Lucifer Morningstar abandoned his throne and retired to Los Angeles, where he has teamed up with LAPD detective Chloe Decker to take down criminals. But the longer he's away from the underworld, the greater the threat that the worst of humanity could escape.",80,tv,63174,/ekZobS8isE6mA53RAiGDG93hBxL.jpg,[8],8.45,84.4796,,['Netflix']
Riverdale,"Set in the present, the series offers a bold, subversive take on Archie, Betty, Veronica and their friends, exploring the surreality of small-town life, the darkness and weirdness bubbling beneath Riverdale’s wholesome facade.",80,tv,69050,/d8mmn9thQ5dBk2qbv6BCqGUXWK3.jpg,[8],8.435,54.6201,,['Netflix']
Dark,A missing child causes four families to help each other for answers. What they could not imagine is that this mystery would be connected to innumerable other secrets of the small town.,80,tv,70523,/apbrbWs8M9lyOpJYU5WXrpFbk1Z.jpg,[8],8.419,33.3982,,['Netflix']
Shanty Town,A group of courtesans attempts to escape the grasp of a notorious kingpin – but political corruption and blood ties make freedom a near-impossible goal.,80,tv,217460,/a7jRDMea7ADCtPphb9nOMp2dkgK.jpg,[8],8.4,2.1729,,['Netflix']
Fire Country,"Seeking redemption and a shortened prison sentence, young convict Bode Donovan joins a firefighting program that returns him to his small Northern California hometown, where he and other inmates work alongside elite firefighters to extinguish massive blazes across the region.",80,tv,202297,/6XnA02VRG4dhBpTZWGZuXQdYGDW.jpg,[8],8.4,19.1409,,['Netflix']
Stranger,"Hwang Shi Mok underwent brain surgery as a child to curb his violent temper, which left him devoid of emotions. Hwang becomes a prosecutor known for his piercing intelligence and logic, but he is ostracized because he lacks empathy and social skills. He is also one of only a handful of upright prosecutors who have refused to take bribes. One day, he encounters a stabbing victim while investigating corruption. He meets Lieutenant Han Yeo Jin at the crime scene. They join forces to root out corruption at the prosecutors’ office and solve a serial murder case.",80,tv,70626,/blbbtx7DyvZ3JTGyc9MCArDL79b.jpg,[8],8.303,7.9065,,['Netflix']
White Collar,"In exchange for his freedom, charming con artist Neal Caffrey provides his expertise to help straight-man FBI agent Peter Burke catch elusive white-collar criminals.",80,tv,21510,/417XNiGvdzCsG9kDnnQJYaBsIrx.jpg,[8],8.247,51.7266,,['Netflix']
My Name,"Following her father's murder, a revenge-driven woman puts her trust in a powerful crime boss — and enters the police force under his direction.",80,tv,110356,/l3Bn2jgYndSFvcPpddqMxQXiiCe.jpg,[8],8.23,12.7405,,['Netflix']
Ozark,"A financial adviser drags his family from Chicago to the Missouri Ozarks, where he must launder $500 million in five years to appease a drug boss.",80,tv,69740,/pCGyPVrI9Fzw6rE1Pvi4BIXF6ET.jpg,[8],8.2,28.2367,,['Netflix']
Dexter,"Dexter Morgan, a blood spatter pattern analyst for the Miami Metro Police also leads a secret life as a serial killer, hunting down criminals who have slipped through the cracks of justice.",80,tv,1405,/q8dWfc4JwQuv3HayIZeO84jAXED.jpg,[8],8.211,135.1694,,['Netflix']
Brooklyn Nine-Nine,"A single-camera ensemble comedy following the lives of an eclectic group of detectives in a New York precinct, including one slacker who is forced to shape up when he gets a new boss.",80,tv,48891,/hgRMSOt7a1b8qyQR68vUixJPang.jpg,[8],8.208,78.4666,,['Netflix']
El marginal,An ex-cop entered a prison as convicted under a false identity in order to infiltrate within a group of prisoners that has just kidnapped the teenage daughter of an important national judge.,80,tv,67166,/p1GFsUK5nCVHYNtjRxoGyfGdD9C.jpg,[8],8.2,6.2038,,['Netflix']
Sintonia,"Told through three different characters' perspectives, the story of Sintonia explores the interconnection of the music, drug traffic, and religion in São Paulo. In the quest to be somebody, many paths will converge.",80,tv,78074,/safjAD2bBNT1grB23rFff5ChwDv.jpg,[8],8.185,5.2802,,['Netflix']
Kakegurui,"Hyakkaou Private Academy. An institution for the privileged with a very peculiar curriculum. You see, when you're the sons and daughters of the wealthiest of the wealthy, it's not athletic prowess or book smarts that keep you ahead. It's reading your opponent, the art of the deal. What better way to hone those skills than with a rigorous curriculum of gambling? At Hyakkaou Private Academy, the winners live like kings, and the losers are put through the wringer. But when Yumeko Jabami enrolls, she's gonna teach these kids what a high roller really looks like!",80,tv,72305,/xsZOMx3ojsER12lRHNe7TcT7YqM.jpg,[8],8.173,6.0864,,['Netflix']
Blood Sisters,"Connected by a dangerous secret, best friends Sarah and Kemi are forced to flee after a wealthy groom disappears at his own engagement party.",80,tv,197428,/tUXHRoecSwzKc0k15sIIriQqwJs.jpg,[8],8.2,1.69,,['Netflix']
Extracurricular,"Determined to escape a dead-end life, a gifted high school student turns to a world of serious crime to ensure he can pay for college.",80,tv,90814,/sgzV6RNvc3e7LyRdht11NTS6tVv.jpg,[8],8.144,4.7481,,['Netflix']
BAKI,"While martial arts champion Baki Hanma trains hard to surpass his legendary father, five violent death row inmates descend upon Tokyo to take him on.",80,tv,80623,/j4bL0G8h8k49MuXKYfZqhXqk2rI.jpg,[8],8.116,16.6687,,['Netflix']
S.W.A.T.,A locally born and bred S.W.A.T. lieutenant is torn between loyalty to the streets and duty to his fellow officers when he's tasked to run a highly-trained unit that's the last stop for solving crimes in Los Angeles.,80,tv,71790,/1rTEcLsnOoKXfDdGlbg0RHDvoaE.jpg,[8],8.1,131.5631,,['Netflix']
Your Honor,New Orleans judge Michael Desiato is forced to confront his own deepest convictions when his son is involved in a hit and run that embroils an organized crime family.,80,tv,86430,/5NDs12paqvz4Jug3f13fC9XmSVN.jpg,[8],8.097,10.9533,,['Netflix']
Signal, Detectives from the present and a detective from the past communicate via walkie-talkie to solve a long-time unsolved case.,80,tv,64840,/4MzvA9GpzztBTFWw5nHENj7hU9a.jpg,[8],8.1,5.2951,,['Netflix']
Prison Break,"Due to a political conspiracy, an innocent man is sent to death row and his only hope is his brother, who makes it his mission to deliberately get himself sent to the same prison in order to break the both of them out, from the inside out.",80,tv,2288,/5E1BhkCgjLBlqx557Z5yzcN0i88.jpg,[8],8.1,124.9072,,['Netflix']
MINDHUNTER,An agent in the FBI's Elite Serial Crime Unit develops profiling techniques as he pursues notorious serial killers and rapists.,80,tv,67744,/fbKE87mojpIETWepSbD5Qt741fp.jpg,[8],8.08,16.6982,,['Netflix']
The End of the F***ing World,"James is 17 and is pretty sure he is a psychopath. Alyssa, also 17, is the cool and moody new girl at school. The pair make a connection and she persuades him to embark on a darkly comedic road trip in search of her real father.",80,tv,74577,/vZQKQcB5n91c6tBofAVXq88Uuti.jpg,[8],8.057,21.8481,,['Netflix']
Narcos,A gritty chronicle of the war against Colombia's infamously violent and powerful drug cartels.,80,tv,63351,/rTmal9fDbwh5F0waol2hq35U4ah.jpg,[8],8.047,34.1711,,['Netflix']
D.P.,A young private's assignment to capture army deserters reveals the painful reality endured by each enlistee during his compulsory call of duty.,80,tv,110534,/3LqTNjibg3XySzP2iUHyKinEyw7.jpg,[8],8.032,8.5526,,['Netflix']
Elite,"When three working class kids enroll in the most exclusive school in Spain, the clash between the wealthy and the poor students leads to tragedy.",80,tv,76669,/3NTAbAiao4JLzFQw6YxP1YZppM8.jpg,[8],8.026,49.4454,,['Netflix']
Top Boy,"Two seasoned drug dealers return to the gritty street of London, but their pursuit of money and power is threatened by a young and ruthless hustler.",80,tv,93544,/mGZpOEaLZTRzWeQMq5SZM5BbDZg.jpg,[8],8.0,12.7221,,['Netflix']
Locked Up,"Set up to take the blame for corporate fraud, young Macarena Ferreiro is locked up in a high-security women's prison surrounded by tough, ruthless criminals in this tense, provocative Spanish thriller.",80,tv,62455,/1kH9u5DkoDUuIlhFFWjz9VSlKhC.jpg,[8],8.009,18.6284,,['Netflix']
DAHMER - Monster: The Jeffrey Dahmer Story,This series examines the gruesome and horrific true crimes of Jeffrey Dahmer and the systemic failures that enabled one of America’s most notorious serial killers to continue his murderous spree in plain sight for over a decade.,80,tv,113988,/f2PVrphK0u81ES256lw3oAZuF3x.jpg,[8],7.993,14.2406,,['Netflix']
How to Sell Drugs Online (Fast),"To win back his ex-girlfriend, a nerdy teen starts selling ecstasy online out of his bedroom -- and becomes one of Europe's biggest dealers.",80,tv,88236,/iC1pIyIaX2oslYtytmPHKqvZFfv.jpg,[8],7.959,28.8649,,['Netflix']
Warrior,"A gritty, action-packed crime drama set during the brutal Tong Wars of San Francisco’s Chinatown in the second half of the 19th century. The series follows Ah Sahm, a martial arts prodigy who immigrates from China to San Francisco under mysterious circumstances, and becomes a hatchet man for one of Chinatown’s most powerful tongs.",80,tv,73544,/hR9qPFMI6BoR63XK6BBX5Ueghan.jpg,[8],7.962,26.3132,,['Netflix']
Killing Eve,"A security consultant hunts for a ruthless assassin. Equally obsessed with each other, they go head to head in an epic game of cat-and-mouse.",80,tv,72750,/4wKhTVw8aGq5AZMa0Q1spERdi7n.jpg,[8],7.96,21.9802,,['Netflix']
Unbelievable,"A teenager is charged with lying about her rape allegation, but two determined investigative female detectives discover a far more sinister truth.",80,tv,91275,/jHOrNJNM03Lsjdw7nsw7TlqBOhd.jpg,[8],7.961,8.7143,,['Netflix']
Juvenile Justice,A tough judge balances her aversion to minor offenders with firm beliefs on justice and punishment as she tackles complex cases inside a juvenile court.,80,tv,112833,/xH2wTVlsUlYeFEOVGFDaamHkMCm.jpg,[8],7.955,7.8702,,['Netflix']
Carmen Sandiego,"A master thief who uses her skills for good, Carmen Sandiego travels the world foiling V.I.L.E.'s evil plans -- with help from her savvy sidekicks.",80,tv,74728,/jpis9X6awQ1X5MBm9eHRUc0N0pu.jpg,[8],7.9,10.0185,,['Netflix']
Narcos: Mexico,See the rise of the Guadalajara Cartel as an American DEA agent learns the danger of targeting narcos in 1980s Mexico.,80,tv,80968,/uYcZMiIIUv8NPebpqKbUGhf2M3y.jpg,[8],7.933,17.0028,,['Netflix']
Elite Short Stories: Guzmán Caye Rebe,"Rebe hosts an intimate house warming party for her friends, but the situation takes a dramatic turn with the help of drugs and unexpected visitors.",80,tv,126531,/4Y3jaO9schbo32WB2fGQv1en8ZB.jpg,[8],7.9,1.3011,,['Netflix']
PLUTO,"When the world's seven most advanced robots and their human allies are murdered one by one, Inspector Gesicht soon discovers that he's also in danger.",80,tv,91997,/agf5sETjlO35s3EDA7wwGliZ5UW.jpg,[8],7.896,7.6603,,['Netflix']
The Gentlemen,"When aristocratic Eddie inherits the family estate, he discovers that it's home to an enormous weed empire — and its proprietors aren't going anywhere.",80,tv,236235,/tw3tzfXaSpmUZIB8ZNqNEGzMBCy.jpg,[8],7.861,13.985,,['Netflix']
Gangs of London,"When the head of a criminal organisation, Finn Wallace is assassinated, the sudden power vacuum his death creates threatens the fragile peace between the intricate web of gangs operating on the streets of the city. Now it’s up to the grieving, volatile and impulsive Sean Wallace to restore control and find those responsible for killing his father.",80,tv,85021,/tcs6El8ZI1s9CUSHJcrGP6b01F9.jpg,[8],7.862,23.1989,,['Netflix']
Good Girls,"Three ""good girl"" suburban wives and mothers suddenly find themselves in desperate circumstances and decide to stop playing it safe and risk everything to take their power back.",80,tv,71715,/gPjcbxrYfbrJNq1Ja8EGd0XtUnC.jpg,[8],7.862,22.2655,,['Netflix']
The Snitch Cartel: Origins,"In Cali during the '60s and '70s, two brothers juggle family, romance and the joint pursuit of a burning ambition: to rule Colombia's drug industry.",80,tv,128252,/sjkzeJJOdr59VdkB4BjlSVfJmq2.jpg,[8],7.846,6.886,,['Netflix']
Adolescence,"When a 13-year-old is accused of the murder of a classmate, his family, therapist and the detective in charge are all left asking: what really happened?",80,tv,249042,/tDHWWReefmOOjBCJZUck8cNwssk.jpg,[8],7.848,85.1836,,['Netflix']
The Last Dance,"A 10-part documentary chronicling the untold story of Michael Jordan and the Chicago Bulls dynasty with rare, never-before-seen footage and sound from the 1997-98 championship season – plus over 100 interviews with famous figures and basketball’s biggest names.",99,tv,79525,/oVf4xGGbDtwVHiKn8uTuSriY7PH.jpg,[8],8.24,10.1094,,['Netflix']
Formula 1: Drive to Survive,"Drivers, managers and team owners live life in the fast lane - both on and off the track - during one cutthroat season of Formula 1 racing.",99,tv,87083,/bTvsFzYK4ZdbcAIPSEJ3i8uLHSh.jpg,[8],8.223,19.2445,,['Netflix']
Money Heist: From Tokyo to Berlin,"The filmmakers and actors behind ""Money Heist"" characters like Tokyo and the Professor talk about the emotional and artistic process of filming Money Heist.",99,tv,132719,/7YuQcbPXgk6CP75TOeCY4VGkJgt.jpg,[8],8.1,4.4518,,['Netflix']
Beckham,"With never-before-seen footage, this docuseries follows David Beckham's meteoric rise from humble beginnings to global football stardom.",99,tv,235345,/y9d3trMAczZWFqYvGSW6V695vf3.jpg,[8],8.068,2.4758,,['Netflix']
Life on Our Planet,"Life's extraordinary journey to conquer, adapt and survive on Earth across billions of years comes alive in this groundbreaking nature docuseries.",99,tv,213609,/xli64UUAmxX1ZAQGvBjEDrcBc3k.jpg,[8],8.027,5.5387,,['Netflix']
Greatest Events of World War II in Colour,"Using highly advanced colourisation techniques, critical moments from World War II, from Stalingrad to The Battle of Britain, are shown in a whole new light.",99,tv,91724,/xXefTgnkQb5YhQRx6Co1PMpdGWV.jpg,[8],7.976,5.4302,,['Netflix']
Arnold,"This intimate docuseries follows Arnold Schwarzenegger's multifaceted life and career, from bodybuilding champ to Hollywood icon to politician.",99,tv,226135,/o9KmWrG9rbFhB7jWW4vFHTmqv28.jpg,[8],7.911,2.954,,['Netflix']
Conversations with a Killer: The Jeffrey Dahmer Tapes,"Serial killer Jeffrey Dahmer confesses to his gruesome crimes in unguarded interviews, offering an unsettling view into a disturbed mind.",99,tv,209167,/hsdNCScC2rk23fLuHNNgBXtI891.jpg,[8],7.835,3.0682,,['Netflix']
Making a Murderer,"Filmed over 10 years, this real-life thriller follows a DNA exoneree who, while exposing police corruption, becomes a suspect in a grisly new crime.",99,tv,64439,/sy2nV3rCcJQaRK5M0NWvvTU7CBx.jpg,[8],7.835,4.4086,,['Netflix']
Chef's Table,Meet culinary stars around the world who are redefining gourmet food with innovative dishes and tantalizing desserts.,99,tv,62391,/2aTdai1vsWr2NjdYEBDxA2hffXb.jpg,[8],7.77,4.1997,,['Netflix']
Unsolved Mysteries,"Real cases of perplexing disappearances, shocking murders and paranormal encounters fuel this gripping revival of the iconic documentary series.",99,tv,105177,/5Gn9hoJZUiJX5yb4datIcoq3Day.jpg,[8],7.7,5.5036,,['Netflix']
Wild Wild Country,"When a controversial cult leader builds a utopian city in the Oregon desert, conflict with the locals escalates into a national scandal.",99,tv,77601,/kprB5Jj2LYQAYlqVQMEucT2vGt.jpg,[8],7.713,2.5253,,['Netflix']
Down to Earth with Zac Efron,"Actor Zac Efron journeys around the world with wellness expert Darin Olien in a travel show that explores healthy, sustainable ways to live.",99,tv,105288,/eGGHsfDkZXek0qGJ1wsuoVzHEOh.jpg,[8],7.7,2.2968,,['Netflix']
Don't F**k with Cats: Hunting an Internet Killer,A group of online justice seekers track down a guy who posted a video of him killing kittens.,99,tv,96129,/Crc4XkhLddMTNJfj1iLca0w1Bb.jpg,[8],7.597,3.0155,,['Netflix']
The Staircase,"Academy Award-winning documentary filmmaker, Jean-Xavier de Lestrade, presents a gripping courtroom thriller, offering a rare and revealing inside look at a high-profile murder trial. In 2001, author Michael Peterson was arraigned for the murder of his wife Kathleen, whose body was discovered lying in a pool of blood on the stairway of their home. Granted unusual access to Peterson's lawyers, home and immediate family, de Lestrade's cameras capture the defense team as it considers its strategic options. The series is an engrossing look at contemporary American justice that features more twists than a legal bestseller.",99,tv,21421,/djPx89ayJ9rmVXRMDCaBlGQkzkv.jpg,[8],7.527,2.9598,,['Netflix']
Conversations with a Killer: The Ted Bundy Tapes,"A unique look inside the mind of an infamous serial killer with this cinematic self-portrait crafted from statements made by Ted Bundy, including present-day interviews, archival footage and audio recordings from death row.",99,tv,85833,/4N6ESz7e88292owYSOYn3Bq3x4q.jpg,[8],7.471,2.7497,,['Netflix']
Explained,"This documentary series, made in partnership with Vox, explain some of the world's current trends, from politics, to science to pop culture.",99,tv,79746,/4iiV2Fh4EA5of5B9Wtgllu0WDWA.jpg,[8],7.469,7.6109,,['Netflix']
The Keepers,This docuseries examines the decades-old murder of Sister Catherine Cesnik and its suspected link to a priest accused of abuse.,99,tv,26101,/kgZE2Hx2zCGNJMPbOet9B7IcWbu.jpg,[8],7.461,2.0527,,['Netflix']
Rise of Empires: Ottoman,Ottoman Sultan Mehmed II wages an epic campaign to take the Byzantine capital of Constantinople and shapes the course of history for centuries.,99,tv,96481,/neSEJU1hazhkqKp1tzwec9q2FKg.jpg,[8],7.5,11.4658,,['Netflix']
"The Mind, Explained","Ever wonder what's happening inside your head? From dreaming to anxiety disorders, discover how your brain works with this illuminating series.",99,tv,93514,/8ShULolWRDYbyACvWK9NbsWcqFJ.jpg,[8],7.443,3.2959,,['Netflix']
Keep Sweet: Pray and Obey,"In interviews and rare home video footage, ex-FLDS members share the truth about their isolated community — and the events that pushed them to leave.",99,tv,202880,/4Nmb8R9fO9ezzTDZKE5hwkPhu7M.jpg,[8],7.438,1.6322,,['Netflix']
Night Stalker: The Hunt for a Serial Killer,"Beneath the sunlit glamour of 1985 L.A. lurks a relentlessly evil serial killer. In this true-crime story, two detectives won't rest until they catch him.",99,tv,114705,/fOX6cKsDSCRKrDCk4vWFv2MgzM3.jpg,[8],7.436,2.6686,,['Netflix']
High Score,"This docuseries traces the history of classic video games, featuring insights from the innovators who brought these worlds and characters to life.",99,tv,106754,/ooN2RcOSi2tpfL1P6wCRI7LGq8I.jpg,[8],7.429,1.3155,,['Netflix']
Conversations with a Killer: The John Wayne Gacy Tapes,He dined with the powerful. He preyed on the vulnerable. Beneath a smiling exterior was the horrifying darkness of a sadistic serial killer.,99,tv,197248,/dSwfINzvtVJZYy1L7fsrRfOetAm.jpg,[8],7.427,2.9699,,['Netflix']
The Trials of Gabriel Fernandez,A boy’s brutal murder and the public trials of his guardians and social workers prompt questions about the system’s protection of vulnerable children.,99,tv,99626,/qCkV7N9fsd5mRcvBfusYeojbX0b.jpg,[8],7.415,1.7884,,['Netflix']
Neymar: The Perfect Chaos,"Beloved worldwide but also a lightning rod for criticism, Neymar shares the highs and lows of his personal life and brilliant football career.",99,tv,153519,/nZNd2kJMNg2qz89pQ0gVvPP064z.jpg,[8],7.37,1.9893,,['Netflix']
How to Become a Tyrant,The documentary series explores different political figures throughout history.,99,tv,127626,/kdWrvDC6ApgZL9HxDVYTXwtHZkM.jpg,[8],7.4,2.427,,['Netflix']
Night on Earth,"This nature series’ new technology lifts night’s veil to reveal the hidden lives of the world’s creatures, from lions on the hunt to bats on the wing.",99,tv,97861,/dKrX0hF1CqLWlCXnksd7jvrb7tw.jpg,[8],7.3,3.051,,['Netflix']
Evil Genius,This baffling true crime story starts with the grisly death of a pizza man who robs a bank with a bomb around his neck - and gets weirder from there.,99,tv,79126,/nyG5snyr6nqbIBwn6vTCYFQkxsi.jpg,[8],7.337,2.1087,,['Netflix']
The Last Czars,"When social upheaval sweeps Russia in the early 20th century, Czar Nicholas II resists change, sparking a revolution and ending a dynasty.",99,tv,90665,/quGmzISvzZeAd3ijCLbVMIfEHni.jpg,[8],7.336,2.8228,,['Netflix']
Cheer,"The stakes on the mat are high, but for these cheerleaders, the only thing more brutal than their workouts and more exceptional than their performances are the stories of adversity and triumph behind the athletes themselves.",99,tv,97401,/5GzthY7qguoUs43K9qmwHJWjI05.jpg,[8],7.299,2.3061,,['Netflix']
Turning Point: 9/11 and the War on Terror,"Modern history can be divided into two time frames: before 9/11 and after 9/11. This five-part docuseries is a cohesive chronicle of the September 11, 2001 attacks on the U.S., offering illuminating perspectives and personal stories of how the catastrophic events of that day changed the course of the nation.",99,tv,131651,/jZsV8GInbLWcAX3mAFxE6gE8bTR.jpg,[8],7.288,3.0472,,['Netflix']
Top Secret UFO Projects Declassified,"Though claims of extraterrestrial encounters have long been dismissed, many believe the existence of UFOs is not just likely, but a certainty.",99,tv,129677,/eB5aBU9TVZ3Lk7G7Ppy6Ym0rtAd.jpg,[8],7.243,2.0561,,['Netflix']
Inside Bill's Brain: Decoding Bill Gates,Take a trip inside the mind of Bill Gates as the billionaire opens up about those who influenced him and the audacious goals he's still pursuing.,99,tv,93016,/5RIVJnpIkPt90EwJQwPzqS1UTPG.jpg,[8],7.23,2.4724,,['Netflix']
The Confession Killer,Henry Lee Lucas rose to infamy when he confessed to hundreds of unsolved murders. This docuseries examines the truth -- and horrifying consequences.,99,tv,95986,/9EICsJ2tAagT3crgGnvWRErv1pO.jpg,[8],7.221,0.8831,,['Netflix']
Killer Inside: The Mind of Aaron Hernandez,"Via interviews with friends, players and insiders, this docuseries examines how Aaron Hernandez went from an NFL star to a convicted killer.",99,tv,97062,/2MfrqxkMGIqsCHYTz2pMhEoOJpB.jpg,[8],7.203,1.8805,,['Netflix']
The Movies That Made Us,"These blockbusters brought us together and gave us the time of our lives. Meet the actors, directors and industry insiders who made them happen.",99,tv,93219,/1EpwMUmY6BhF1r082c3SYzR1rFP.jpg,[8],7.188,7.8154,,['Netflix']
Age of Samurai: Battle for Japan,Dynamic reenactments and expert commentaries bring to life the tumultuous history and power struggles of a warring 16th-century feudal Japan.,99,tv,93736,/wIKQRtc2kKiBmBnkOjjvMqIDfah.jpg,[8],7.1,3.6039,,['Netflix']
The Devil Next Door,"A Cleveland grandfather is brought to trial in Israel, accused of being the infamous Nazi death camp guard known as Ivan the Terrible.",99,tv,94813,/sLv7OzCqqCoMG2l464BNXhwni3q.jpg,[8],7.116,2.8711,,['Netflix']
Amend: The Fight for America,"Will Smith hosts this look at the evolving, often lethal, fight for equal rights in America through the lens of the US Constitution's 14th Amendment.",99,tv,118043,/zvgMH7sIBhBtXZ10td59zNDYqrt.jpg,[8],7.102,3.5435,,['Netflix']
Jeffrey Epstein: Filthy Rich,Stories from survivors fuel this docuseries examining how convicted sex offender Jeffrey Epstein used his wealth and power to carry out his abuses.,99,tv,103506,/vV72HIa2a1nnqb5nCHUf5Dn2Y5d.jpg,[8],7.096,1.4936,,['Netflix']
Challenger: The Final Flight,"Engineers, officials and the crew members' families provide their perspective on the 1986 Space Shuttle Challenger disaster and its aftermath.",99,tv,108298,/nJqCgP3vzu79mtf3i51Dv2B20Oy.jpg,[8],7.074,1.8288,,['Netflix']
Dirty Money,"From crippling payday loans to cars that cheat emissions tests, this investigative series exposes brazen acts of corporate greed and corruption.",99,tv,76307,/hAnNeIPSzV0a8jxE3nkEdCtYWp8.jpg,[8],7.047,4.4081,,['Netflix']
The Sons of Sam: A Descent Into Darkness,"The Son of Sam case grew into a lifelong obsession for journalist Maury Terry, who became convinced that the murders were linked to a Satanic cult.",99,tv,122672,/jtswwFmnOv14Li1hdry8tZiZ4Mk.jpg,[8],7.026,1.8488,,['Netflix']
Crime Scene: The Vanishing at the Cecil Hotel,The notorious Cecil Hotel grows in infamy when guest Elisa Lam vanishes. A dive into crime's darkest places.,99,tv,116989,/9s5Za1RYXSjIA1g0KO1R7uywGlA.jpg,[8],6.991,2.334,,['Netflix']
The Business of Drugs,"To detail how drugs push people into risky — even deadly — behaviors, a former CIA analyst investigates the economics of six illicit substances.",99,tv,105305,/blyObONhcnleib1xqcwS9uvAfIM.jpg,[8],7.0,0.7646,,['Netflix']
Haunted,"Real people sit down with friends and family to share terrifying true stories from their past, re-created through chilling re-enactments.",99,tv,83247,/35sVWjQKLdJpxtTuHI79pW4e5IC.jpg,[8],6.923,3.0821,,['Netflix']
Pandemic: How to Prevent an Outbreak,"In this docuseries, meet the heroes on the front lines of the battle against influenza and learn about their efforts to stop the next global outbreak.",99,tv,96557,/cHo4wXphisnd2MFZFa6EHDJLwkA.jpg,[8],6.882,1.4368,,['Netflix']
Ancient Aliens,"Did intelligent beings from outer space visit Earth thousands of years ago? From the age of the dinosaurs to ancient Egypt, from early cave drawings to continued mass sightings in the US, each episode gives historic depth to the questions, speculations, provocative controversies, first-hand accounts and grounded theories surrounding this age old debate.",99,tv,32608,/8yR1FK6z1Gx0pyvyXRJrvbxOyuU.jpg,[8],6.874,49.9806,,['Netflix']
When Life Gives You Tangerines,"In Jeju, a spirited girl and a steadfast boy's island story blossoms into a lifelong tale of setbacks and triumphs — proving love endures across time.",18,tv,219246,/Afrz3QAcQcsT6w4S5wrKUxmYPWM.jpg,[8],9.027,117.6914,,['Netflix']
Anne with an E,"A coming-of-age story about an outsider who, against all odds and numerous challenges, fights for love and acceptance and for her place in the world. The series centers on a young orphaned girl in the late 1890’s, who, after an abusive childhood spent in orphanages and the homes of strangers, is mistakenly sent to live with an elderly woman and her aging brother. Over time, 13-year-old Anne will transform their lives and eventually the small town in which they live with her unique spirit, fierce intellect and brilliant imagination.",18,tv,70785,/6P6tXhjT5tK3qOXzxF9OMLlG7iz.jpg,[8],8.66,26.0734,,['Netflix']
Stranger Things,"When a young boy vanishes, a small town uncovers a mystery involving secret experiments, terrifying supernatural forces, and one strange little girl.",18,tv,66732,/uOOtwVbSr4QDjAGIifLDwpb2Pdl.jpg,[8],8.596,69.5662,,['Netflix']
Heartstopper,Teens Charlie and Nick discover their unlikely friendship might be something more as they navigate school and young love in this coming-of-age series.,18,tv,124834,/dQc0QbDiHjGmWxTfKtBgYtS4bj5.jpg,[8],8.59,15.0482,,['Netflix']
Navillera,A 70-year-old with a dream and a 23-year-old with a gift lift each other out of harsh realities and rise to the challenge of becoming ballerinos.,18,tv,119464,/dq16SAQOPj5Qs8SIU0C3dAh7k0a.jpg,[8],8.6,3.7683,,['Netflix']
Band of Brothers,"Drawn from interviews with survivors of Easy Company, as well as their journals and letters, Band of Brothers chronicles the experiences of these men from paratrooper training in Georgia through the end of the war. As an elite rifle company parachuting into Normandy early on D-Day morning, participants in the Battle of the Bulge, and witness to the horrors of war, the men of Easy knew extraordinary bravery and extraordinary fear - and became the stuff of legend. Based on Stephen E. Ambrose's acclaimed book of the same name.",18,tv,4613,/8JMXquNmdMUy2n2RgW8gfOM0O3l.jpg,[8],8.6,19.5038,,['Netflix']
Young Royals,"Prince Wilhelm adjusts to life at his prestigious new boarding school, Hillerska, but following his heart proves more challenging than anticipated.",18,tv,125910,/uGGAoM8ojRHOXj16n6xWiccKr34.jpg,[8],8.5,11.2098,,['Netflix']
My Mister,"In a world that is less than kind, a young woman and a middle-aged man develop a sense of kinship as they find warmth and comfort in one another.",18,tv,76662,/o5cBRMF6syh4yUBgZ2Ust8LvcxA.jpg,[8],8.516,6.4562,,['Netflix']
Hidden Love,"Since high school, Sang Zhi has had a crush on Duan Jiaxu. When fate brings them together again, they find a chance to embark on a sweet relationship.",18,tv,210733,/riGzESa9N9toumP9OhMmg0QvFPD.jpg,[8],8.5,26.0827,,['Netflix']
Extraordinary Attorney Woo,"With a genius-level IQ, Woo Young-woo learns to embrace her extraordinary self while forming a tight-knit community of friends and allies.",18,tv,197067,/zuNOQVI4rEaqwknrfQUVKtlKE2C.jpg,[8],8.484,11.3796,,['Netflix']
My Holo Love,Unexpected love finds a lonely woman when she forms a connection with a humanlike hologram who looks exactly like his prickly creator.,18,tv,96160,/nLbKNyUKq6WMMoPuL712m43MVhc.jpg,[8],8.481,4.3786,,['Netflix']
When the Phone Rings,A rising politician and his mute wife's tense marriage begins to unravel after a call from a kidnapper turns their lives upside down.,18,tv,253905,/glWP5Y7CVeqrOjJpLckQjuLFjQJ.jpg,[8],8.5,10.8353,,['Netflix']
The Queen's Gambit,"In a 1950s orphanage, a young girl reveals an astonishing talent for chess and begins an unlikely journey to stardom while grappling with addiction.",18,tv,87739,/zU0htwkhNvBQdVSIKB9s6hgVeFK.jpg,[8],8.5,14.222,,['Netflix']
The Glory,"Years after surviving horrific abuse in high school, a woman puts an elaborate revenge scheme in motion to make the perpetrators pay for their crimes.",18,tv,136283,/uUM4LVlPgIrww07OoEKrGWlS1Ej.jpg,[8],8.454,14.2462,,['Netflix']
Legacies,"In a place where young witches, vampires, and werewolves are nurtured to be their best selves in spite of their worst impulses, Klaus Mikaelson’s daughter, 17-year-old Hope Mikaelson, Alaric Saltzman’s twins, Lizzie and Josie Saltzman, among others, come of age into heroes and villains at The Salvatore School for the Young and Gifted.",18,tv,79460,/qTZIgXrBKURBK1KrsT7fe3qwtl9.jpg,[8],8.44,38.2489,,['Netflix']
Itaewon Class,"In a colorful Seoul neighborhood, an ex-con and his friends fight a mighty foe to make their ambitious dreams for their street bar a reality.",18,tv,96162,/uW91bKQhdkwPLAE2lJJkY5xdyJg.jpg,[8],8.432,8.5489,,['Netflix']
Hilda,"Fearless, free-spirited Hilda finds new friends, adventure and magical creatures when she leaves her enchanted forest home and journeys to the city.",10751,tv,82456,/omZffYTCEh5TKRJkAlrUhI6QhSO.jpg,[8],8.249,9.6362,,['Netflix']
Scooby-Doo! Mystery Incorporated,"This incarnation of the popular cartoon series finds Scooby and the gang living in Crystal Cove, a small town with a long history of ghost sightings, monster tales and other mysteries ripe for the sleuths to solve once and for all. But the longstanding Crystal Cove residents, who bank on the town's reputation to attract tourists, are prepared to do what it takes to protect their turf.",10751,tv,18123,/crKsdtMuN7Y2JdXmmkzIrQzzo36.jpg,[8],8.236,20.1556,,['Netflix']
Find Me in Paris,"When Lena Grisky, a Russian Princess and student at the Paris Opera Ballet School accidentally time travels to present day, she must quickly adapt if she hopes to keep her secret and hide from the dangerous Time Collectors.",10751,tv,82199,/uOTYMzTlXFbWDZCxxc0vX9CvBsl.jpg,[8],8.119,19.5189,,['Netflix']
Young Sheldon,"The early life of child genius Sheldon Cooper, later seen in The Big Bang Theory.",10751,tv,71728,/kidkbZRBGbsEIrX7pODRSKi9ipl.jpg,[8],8.053,87.7354,,['Netflix']
The Thundermans,"Meet The Thundermans, a typical suburban family that happens to have astounding superpowers. At the center of the action are the 14-year-old Thunderman twins, who share the same bathroom, the same school, and the same annoying little siblings. Their only difference? The sister is a super student with a super sunny disposition who super looks forward to being a superhero someday, and her twin brother is a super villain.",10751,tv,58981,/1tIYEyjK1LLcX0jYK3ZouT7601o.jpg,[8],8.0,37.936,,['Netflix']
Jurassic World Camp Cretaceous,Six teens attending an adventure camp on the opposite side of Isla Nublar must band together to survive when dinosaurs wreak havoc on the island.,10751,tv,93741,/nkCbCmlwjwT6QL44DqG7qE9ch8H.jpg,[8],8.015,25.3849,,['Netflix']
The Cuphead Show!,Follow the misadventures of the impulsive Cuphead and his cautious but persuadable brother Mugman in this animated series based on the hit video game.,10751,tv,103786,/l6nGUyxKCi7ODvyfc8qQShliVEd.jpg,[8],7.944,7.2167,,['Netflix']
Danger Force,Captain Man has a new crew of superhero sidekicks - Danger Force. Captain Man and Schwoz create a fake school to train the kids to harness their uncontrollable superpowers to fight crime.,10751,tv,99583,/gsvZYRnpcYJoefRlFWFKx9o0P4H.jpg,[8],7.9,14.3661,,['Netflix']
Free Rein,"A 15-year-old from LA spends the summer at her mom's childhood home on an island off the coast of England, where she bonds with a mysterious horse.",10751,tv,72462,/wqyFaf0nuthVW914JbZHaWLp6Ds.jpg,[8],7.9,7.092,,['Netflix']
Avatar the Last Airbender,A young boy known as the Avatar must master the four elemental powers to save a world at war — and fight a ruthless enemy bent on stopping him.,10751,tv,82452,/lzZpWEaqzP0qVA5nkCc5ASbNcSy.jpg,[8],7.861,16.8099,,['Netflix']
Maya and the Three,A spirited princess with the heart of a warrior embarks on a mission to fulfill an ancient prophecy and save humanity from the wrath of vengeful gods.,10751,tv,132141,/zUBixNeHU0cbSUH7JMktl9OMEMV.jpg,[8],7.8,5.1255,,['Netflix']
Barbie: Dreamhouse Adventures,"Barbie, her sisters, friends and neighbour Ken share vlogs filmed in her Dreamhouse.",10751,tv,89092,/6MraV12DdZjQEgQztjTQ2s9t5CK.jpg,[8],7.8,9.8674,,['Netflix']
H2O: Just Add Water,H2O: Just Add Water revolves around three teenage girls facing everyday teen problems with an added twist: they cope with the burden of growing a giant fin and transforming into mermaids whenever they come in contact with water.,10751,tv,2260,/bZdQV2HByX7rgSxj1dWgy5Sn09n.jpg,[8],7.809,29.0224,,['Netflix']
Tom and Jerry Tales,Tom and Jerry Tales is an American animated television series featuring the cat-and-mouse duo Tom and Jerry.,10751,tv,676,/gthxkV1MHAwqsVNLIU93MDm3ApL.jpg,[8],7.801,19.677,,['Netflix']
Bella and the Bulldogs,"A head cheerleader's life takes an unexpected twist when her rifle-like throwing arm takes her from the sidelines to becoming her middle school’s starting quarterback. Bella Dawson is a confident, caring and talented teenager, who suddenly finds herself fulfilling a lifelong dream but also having to navigate the world of her teammates Troy, Sawyer and Newt, without losing her two best friends, Pepper and Sophie from the cheer squad.",10751,tv,62725,/5jTmX79QjbuBuVnH9xVoA8jFAMT.jpg,[8],7.7,13.1114,,['Netflix']
The Magic School Bus,An eccentric schoolteacher takes her class on wondrous educational field trips with the help of a magical school bus.,10751,tv,7248,/ovs5zx5ZF8G5EO6lzjmnGvKZ2Zk.jpg,[8],7.612,18.1933,,['Netflix']
Rugrats,"Focuses on a group of toddlers, most prominently Tommy, Chuckie, Phil, Lil, and Angelica, and their day-to-day lives, usually involving common life experiences that become adventures in the babies' imaginations. Adults in the series are almost always unaware of what the children are up to; however, this only provides more room for the babies to explore and discover their surroundings.",10751,tv,3022,/wmsINbZuEBLNP2Z26Xffx5NHJpW.jpg,[8],7.6,48.9144,,['Netflix']
Barbie: Life in the Dreamhouse,"The series is set as a reality TV-esque show following Barbie, her sisters and her friends in the day-to-day activities that take place in the Dreamhouse and surrounding areas. Much of the humor in the show derives from parodying and lampooning both the traditional reality TV format and the Barbie franchise itself.",10751,tv,61838,/c7HIZXKDaDekFAIcWU7bxP8cTv6.jpg,[8],7.559,42.0546,,['Netflix']
Total Drama Island,"Total Drama Island focuses on twenty-two teenagers' arrival at Camp Wawanakwa to compete on a reality television show. The contestants are divided into two teams and must compete in challenges every three days. While the winning team earns invincibility, the losing team has to vote off one of their own players. Whoever is voted off must walk the Dock of Shame to the Boat of Losers and leave the island. The teams eventually dissolve and the elimination process continues until the last contestant standing wins a grand prize of $100,000.",10751,tv,6618,/ljySwT7dVMfenB5Q3qCF3mRu9S7.jpg,[8],7.489,10.1277,,['Netflix']
The Big Show Show,Former WWE wrestler the Big Show is out of the ring and ready for an even tougher challenge: raising three daughters with his wife in Florida.,10751,tv,100963,/dsuQtGTIol9sUZFw1yJjqONKs5G.jpg,[8],7.5,2.383,,['Netflix']
The Boss Baby: Back in the Crib,"Framed for a corporate crime, an adult Ted Templeton turns back into the Boss Baby to live undercover with his brother, Tim, posing as one of his kids.",10751,tv,197429,/18f8ASmigtrQTm8MARHD8Af47db.jpg,[8],7.448,7.3915,,['Netflix']
The Bureau of Magical Things,"When ordinary teenager Kyra touches a mysterious book, she is transformed into a Tri-ling-–part-human, part-fairy and part-elf. In addition to acquiring amazing magical powers, Kyra discovers a secret world of magic all around her.",10751,tv,82791,/sM1E094qxukl7GOt8EC1uVDxkXR.jpg,[8],7.429,8.6073,,['Netflix']
My Wife and Kids,"Michael Kyle is a loving husband and modern-day patriarch who rules his household with a unique and distinct parenting style. As he teaches his three children some of life's lessons, he does so with his own brand of humor.",10751,tv,2692,/eyQsN8bU27fdIs2D66gFmcIo0dM.jpg,[8],7.429,28.0914,,['Netflix']
Sonic Boom,"The speedy blue hedgehog Sonic with sidekick Tails and pals Knuckles, Amy and Sticks tries to ward off the evil plans of Dr. Eggman, who is hellbent on taking over the world. Sonic faces regular battles with Eggman's henchmen, including loyal robots Orbot and Cubot, evil interns, and giant, robotic monsters.",10751,tv,62211,/7Dyz0Lw5vbffyq90kLjL5scPs9C.jpg,[8],7.4,20.6537,,['Netflix']
Fuller House,"D.J. Tanner-Fuller is a widow and mother of three. Things become too much to handle, so she asks for help from her sister Stephanie and her best-friend Kimmy.",10751,tv,63623,/gp9u9KgxQmk5zKBcup5J8cslikd.jpg,[8],7.42,18.2251,,['Netflix']
The Ranch,"Being a pro athlete didn't pan out for Colt. Now he's helping his dad and brother keep the ranch afloat, and figuring out how he fits into the family.",10751,tv,65493,/lrbHBAxF9Ir83rxgeBrfmEJriLt.jpg,[8],7.4,18.297,,['Netflix']
A Series of Unfortunate Events,"The orphaned Baudelaire children face trials, tribulations and the evil Count Olaf, all in their quest to uncover the secret of their parents' death.",10751,tv,65294,/qg7WXAatXyQq6zO3SnWnRJEayeZ.jpg,[8],7.396,16.5649,,['Netflix']
3Below: Tales of Arcadia,"After crash-landing on Earth, two royal teen aliens on the run struggle to blend in with humans as they evade intergalactic bounty hunters.",10751,tv,84154,/eWoplw8QJhSGDnhyYCrs9OugdTj.jpg,[8],7.384,12.468,,['Netflix']
Man Vs Bee,"A man finds himself at war with a bee while house-sitting a luxurious mansion. Who will win, and what irreparable damage will be done in the process?",10751,tv,197588,/c80mxgOPvSWJBcgWoI5bf3et5Ws.jpg,[8],7.19,4.6629,,['Netflix']
The Wonder Years,"A coming of age story set in the late 1960s that takes a nostalgic look at a black middle-class family in Montgomery, Alabama through the point-of-view of imaginative 12 year-old Dean. With the wisdom of his adult years, Dean’s hopeful and humorous recollections show how his family found their “wonder years” in a turbulent time. Inspired by the classic series of the same name.",10751,tv,126164,/stTtZ97QiXTvCQFDF6rNfFfFt9K.jpg,[8],7.1,8.3918,,['Netflix']
The Smurfs,"Blue and small, standing only three apples high, the Smurfs might be hard to tell apart at first. However, each Smurf is a distinct individual with his or her own personality, their names say it all",10751,tv,123591,/uiOT3X9p9eB1V5QQeSP0yAIP5gV.jpg,[8],7.0,9.4339,,['Netflix']
He-Man and the Masters of the Universe,Mighty teen Adam and his heroic squad of misfits discover the legendary power of Grayskull — and their destiny to defend Eternia from sinister Skeletor.,10751,tv,96659,/khU0nt0PAbX0t6IpBBvTxm1uzoZ.jpg,[8],7.027,7.126,,['Netflix']
Pocoyo,"Pocoyo, the curious toddler dressed all in blue, joins Pato the yellow duck, Elly the pink elephant, Loula the dog, Sleepy Bird and many others in learning new things and having fun.",10751,tv,2437,/1fmaC3t96Napg7TR9SsfOX8q11X.jpg,[8],7.0,49.3808,,['Netflix']
Fast & Furious Spy Racers,A government agency recruits teen driver Tony Toretto and his thrill-seeking friends to infiltrate a criminal street racing circuit as undercover spies.,10751,tv,95594,/cI7zYWuYTmKEdXITcUKPzjc2EW5.jpg,[8],6.975,17.6317,,['Netflix']
Masha and the Bear,"Masha is an energetic three-year-old who can’t seem to keep herself out of trouble. Bear is a warm, fatherly figure that does his best to guide his friend and keep her from harm, often ending up the unintended victim of her misadventures.",10751,tv,46080,/wPkeRunw71Mm10xQYKAwGG0NLgt.jpg,[8],6.877,17.1934,,['Netflix']
The Letter for the King,A young boy holds the fate of the kingdom in his hands when he embarks on a quest to deliver a secret message in this sweeping fantasy series.,10751,tv,99356,/4Pwp6tqn0bKRQsbisuJ0t5rBub0.jpg,[8],6.847,2.8077,,['Netflix']
The A List,"Romance, rivalry and radical mystery collide as a group of teens attend a remote island sleepaway camp in this suspenseful, supernatural drama.",10751,tv,85427,/dbYZv30YGh0bwCNslXkw0NFHTpy.jpg,[8],6.662,8.9388,,['Netflix']
Justice League Unlimited,The galaxy's most powerful superheroes return to battle the allied villains and criminal plots that endanger the universe.,10762,tv,84200,/8PY0OZ1xUbguPipb0a1uL6mg5Ka.jpg,[8],8.257,16.862,,['Netflix']
Yu-Gi-Oh! Duel Monsters,"Bullies often target someone frail and weak—someone exactly like Yûgi Muto. He treasures his Millennium Puzzle, an ancient Egyptian artifact that was brought into his grandfather's game shop. Believing that solving the puzzle will grant him his wish, he completes the puzzle, unleashing a new personality within him, the soul of the ""King of Games."" The new personality named Yami Yûgi is the exact opposite of Yûgi. Upon any injustice toward him, Yami Yûgi takes over Yûgi's body and forces the opponent into a ""Shadow Game"".",10762,tv,902,/ra8CKkCHjSok8L9meEP4WuOukNK.jpg,[8],8.244,29.8566,,['Netflix']
Sonic Prime,"When an explosive battle with Dr. Eggman shatters the universe, Sonic races through parallel dimensions to reconnect with his friends and save the world.",10762,tv,115577,/mlDVnjgx89bmGvtXnKYDbowpadV.jpg,[8],8.235,7.5498,,['Netflix']
Kipo and the Age of Wonderbeasts,"A sheltered girl gets a crash course in survival when a mutant attack sends her to the surface, far from the safety of her underground home.",10762,tv,95599,/4yPluNRnnaO68VOhwDTA46wDXVN.jpg,[8],8.2,13.2828,,['Netflix']
Victorious,Aspiring singer Tori Vega navigates life while attending a performing arts high school called Hollywood Arts.,10762,tv,31251,/vdYmwL33rB2MnTc8IpTzU7YkcTn.jpg,[8],8.219,35.4398,,['Netflix']
Ben 10,"When 10-year-old Ben Tennyson discovers a mysterious device, he gains the power to change into ten different alien heroes, each with uniquely awesome powers. With such abilities at his disposal, Ben realizes a greater responsibility to help others and stop evildoers, but that doesn't mean he's above a little superpowered mischief now and then.",10762,tv,4686,/eogRp6oAPK0SEvQmCrQ78LTlSdp.jpg,[8],8.167,34.7899,,['Netflix']
Glitch Techs,Game-world monsters are wreaking real-world havoc. Here comes tech support!,10762,tv,98494,/hQMgyyCihjbzgLy7WwtQ3dAvRzm.jpg,[8],8.1,3.2116,,['Netflix']
Miraculous: Tales of Ladybug & Cat Noir,"Marinette and Adrien, two Parisian teenagers, are entrusted with powerful jewels in order to transform into superheroes Ladybug and Cat Noir. But neither hero knows the other's true identity — or that they're classmates!",10762,tv,65334,/3bxuTGk0c98gQkgBcKzC6HxQ8B6.jpg,[8],8.1,148.5247,,['Netflix']
iCarly,"Watch Carly, Sam, and Freddie, as they try to balance their everyday 8th grade lives with their newfound fame managing and starring in the most awesome show on the web.",10762,tv,5371,/qfNwTxvQUkvxAddBHWQyd1ltM8I.jpg,[8],8.0,39.3746,,['Netflix']
The Batman,"A young billionaire Bruce Wayne fights crime and evil as the mysterious vigilante, The Batman.",10762,tv,2022,/3w7koeOR2x71XYMJDGpygxYtScI.jpg,[8],7.973,16.904,,['Netflix']
The Baby-Sitters Club,"In this contemporary take on the beloved book series, five best friends launch a baby-sitting business that's big on fun and adventure.",10762,tv,100412,/afyG6cPl0jeV3SwNwyZxRG0Q9wd.jpg,[8],8.0,3.6932,,['Netflix']
Little Witch Academia,"When she was a little girl, Atsuko ""Akko"" Kagari saw a magic show performed by a witch named Shiny Chariot.  From that day on she wanted to be just like her.  Enrolling at Luna Nova Magical Academy and having no magical background, can she become a witch like her idol Shiny Chariot?",10762,tv,69293,/93Lz0LwbScZ5bmuqoIngLv1LKNb.jpg,[8],7.9,5.5103,,['Netflix']
Goosebumps,"Anything can turn spooky in this horror anthology series based on the best-selling books by master of kid horror, R.L. Stine. In every episode, see what happens when regular kids find themselves in scary situations, and how they work to confront and overcome their fears.",10762,tv,5835,/q2QsZaG8ucaAZXvpQ6c4wTGqvkB.jpg,[8],7.887,27.6192,,['Netflix']
Sam & Cat,"Sam Puckett is loud, independent, and tough as nails, while Cat Valentine is sweet as pie and super flighty. But that doesn't stop this unlikely pair from becoming best buds and roomies!

Together, they're a power duo with a love for fun and adventure -- it's just too bad that it doesn't come cheap. Burgers at their favorite robot restaurant Bots don't grow on trees, after all. A booming out-of-home babysitting business quickly becomes the answer to their empty-pocket problems, but also an extra reason for countless wacky adventures to come!",10762,tv,45666,/8zL3NVH0owqVDxKvlnG3Df5aWuT.jpg,[8],7.6,9.0255,,['Netflix']
The Fairly OddParents,"The zany, fast-paced adventures of a 10-year-old boy and his fairy godparents, who inadvertently create havoc as they grant wishes for their pint-sized charge.",10762,tv,4630,/3ryMj7tIvVtiXyI2tLvHYTjOjq4.jpg,[8],7.6,65.3879,,['Netflix']
Kung Fu Panda: The Dragon Knight,"Follow the adventures of Po, who partners up with a no-nonsense English knight named Wandering Blade to find a collection of four powerful weapons before a mysterious pair of weasels do, and save the world from destruction.",10762,tv,129959,/7C9TKvU5dNyhvoG9kQvRFsg6vlA.jpg,[8],7.539,13.8477,,['Netflix']
Transformers: War for Cybertron: Siege,"On their dying planet, the Autobots and Decepticons battle fiercely for control of the AllSpark in the Transformers universe's origin story.",10762,tv,100617,/lBUPQLk9gEg8Mg6noHcew8Aag0M.jpg,[8],7.5,2.5248,,['Netflix']
The Worst Witch,"Mayhem and mishaps follow young witch Mildred Hubble wherever she goes. She just can't help it! But with her friends' help, Mildred always manages to avoid disaster just in time.",10762,tv,69581,/fLhJKgPKeBsQaSe0i7VOnRQl37r.jpg,[8],7.381,15.6852,,['Netflix']
Star Trek: Prodigy,"A motley crew of young rebellious aliens commandeer an old Starfleet ship and must figure out how to work together while navigating a greater galaxy, in search for a better future. These six young outcasts know nothing about the ship they have commandeered, but over the course of their adventures together, they will each be introduced to Starfleet and the ideals it represents.",10762,tv,106393,/Kzbua4muneu2naElRDKX7aEJFW.jpg,[8],7.3,10.3845,,['Netflix']
The Healing Powers of Dude,"Noah, an 11-year-old boy with social anxiety disorder, has to start middle school, he turns to a mutt named Dude, a sarcastic emotional support dog who might need Noah as much as Noah needs him.",10762,tv,97441,/oM3TaNKBnq8O8cDcuhrDUtY6pDk.jpg,[8],7.1,2.3894,,['Netflix']
Power Rangers,"A team of teenagers with attitude are recruited to save Angel Grove from the evil witch, Rita Repulsa, and later, Lord Zedd, Emperor of all he sees, and their horde of monsters.",10762,tv,2328,/qx3SJlAp2RK656TusqKx1qEqVMW.jpg,[8],7.08,49.9771,,['Netflix']
The Boss Baby: Back in Business,"With a little help from his brother and accomplice, Tim, Boss Baby tries to balance family life with his job at Baby Corp headquarters.",10762,tv,77606,/nYpYVa8236T9lOuGGW9nrNAN4T2.jpg,[8],7.07,30.7061,,['Netflix']
Pup Academy,Welcome to a secret world where pups learn to be a human's best friend. Follow three unlikely puppies - and their human friends - as they work together to discover the power of friendship and create everlasting bonds between dogs and humans.,10762,tv,93265,/idjldYg3bgxyzmfHMCOKdvDG1RM.jpg,[8],7.01,3.6238,,['Netflix']
Thomas & Friends,"Thomas & Friends is a British children's television series, which had its first broadcast on the ITV network on 4 September 1984. It is based on The Railway Series of books by the Reverend Wilbert Awdry and his son, Christopher Awdry. These books deal with the adventures of a group of anthropomorphised locomotives and road vehicles who live on the fictional Island of Sodor. The books were based on stories Wilbert told to entertain his son, Christopher during his recovery from measles. From Series one to four, many of the stories are based on events from Awdry's personal experience.",10762,tv,2304,/s8RtAklJqHo6iMtKz1FIVBm92R2.jpg,[8],6.6,53.8133,,['Netflix']
Peppa Pig,"Peppa Pig is an energetic piggy who lives with Mummy, Daddy, and little brother George. She loves to jump in mud puddles and make loud snorting noises.",10762,tv,12225,/4iKa2PWRB28ON5sBV7IQm7HjK6c.jpg,[8],6.6,49.5015,,['Netflix']
Johnny Test,"Young Johnny is gung-ho and full of courage. Johnny's brainiac twin sisters, Susan and Mary, use Johnny as their guinea pig for their outrageous scientific experiments. If they can dream it up, Johnny will do it; as long as his genetically engineered super dog, Dukey, can come along.",10762,tv,1769,/cGceNrHpUl3utUzE502xSY8l9ST.jpg,[8],6.3,28.5545,,['Netflix']
Supernatural,"When they were boys, Sam and Dean Winchester lost their mother to a mysterious and demonic supernatural force. Subsequently, their father raised them to be soldiers. He taught them about the paranormal evil that lives in the dark corners and on the back roads of America ... and he taught them how to kill it. Now, the Winchester brothers crisscross the country in their '67 Chevy Impala, battling every kind of supernatural threat they encounter along the way. ",9648,tv,1622,/KoYWXbnYuS3b0GyQPkbuexlVK9.jpg,[8],8.297,184.8691,,['Netflix']
Black Mirror,"Twisted tales run wild in this mind-bending anthology series that reveals humanity's worst traits, greatest innovations and more.",9648,tv,42009,/seN6rRfN0I6n8iDXjlSMk1QjNcq.jpg,[8],8.293,218.3244,,['Netflix']
Vagabond,"Stuntman Cha Dal-geon gets involved in a tragic airplane crash and ends up discovering a national corruption scandal in the process. Go Hae-ri, the oldest daughter of a deceased marine, decides to work for the National Intelligence Service as a secret ops agent in order to support her mom and younger siblings, although all she wanted to do is to become a civil servant.",9648,tv,92983,/8Sud9wqG7WZMXesZhPZ4lergRvp.jpg,[8],8.3,10.349,,['Netflix']
The Midnight Gospel,"Traversing trippy worlds inside his universe simulator, Clancy the space caster explores existential questions about life, death and everything in between.",9648,tv,96713,/1uDlOGtHpvQOpMkmfe1cObQW4Xl.jpg,[8],8.249,5.7667,,['Netflix']
Kingdom,"In this zombie thriller set in Korea's medieval Joseon dynasty which has been defeated by corruption and famine, a mysterious rumor of the king’s death spreads, as does a strange plague that renders the infected immune to death and hungry for flesh. The crown prince, fallen victim to a conspiracy, sets out on a journey to unveil the evil scheme and save his people.",9648,tv,70593,/AsICtiVtz4icMQQRwDvOzfaTzjK.jpg,[8],8.227,10.4533,,['Netflix']
Chilling Adventures of Sabrina,"As her 16th birthday nears, Sabrina must choose between the witch world of her family and the human world of her friends. Based on the Archie comic.",9648,tv,79242,/yxMpoHO0CXP5o9gB7IfsciilQS4.jpg,[8],8.2,19.5766,,['Netflix']
Gossip Girl,An exclusive group of privileged teens from a posh prep school on Manhattan's Upper East Side whose lives revolve around the blog of the all-knowing albeit ultra-secretive Gossip Girl.,9648,tv,1395,/mRvSUuU1VQQkZZ578jKJpcUCuL8.jpg,[8],8.199,53.0828,,['Netflix']
Alice in Borderland,"With his two friends, a video-game-obsessed young man finds himself in a strange version of Tokyo where they must compete in dangerous games to win.",9648,tv,110316,/20mOwAAPwZ1vLQkw0fvuQHiG7bO.jpg,[8],8.166,26.1275,,['Netflix']
Abyss,"After meeting an untimely demise in separate incidents, Cha Min and Go Se-yeon discover they’ve come back to life in new bodies they don’t recognize.",9648,tv,88328,/ttcqbLutnHABQwDiW1k7dxnsJLV.jpg,[8],8.13,5.4975,,['Netflix']
The Haunting of Hill House,"The Crains, a fractured family, confront haunting memories of their old home and the terrifying events that drove them from it.",9648,tv,72844,/38PkhBGRQtmVx2drvPik3F42qHO.jpg,[8],8.1,12.8173,,['Netflix']
Gyeongseong Creature,"Gyeongseong, 1945. In Seoul's grim era under colonial rule, an entrepreneur and a sleuth fight for survival and face a monster born out of human greed.",9648,tv,135238,/5wliFAD8Pjjj0YYSmupqjOldnWt.jpg,[8],8.1,7.6658,,['Netflix']
Happiness,"A new type of deadly virus spread throughout the city, and the apartment where has different social classes of people is sealed off. With the fear of the virus, and the conflicts of the different classes, the residents have to spend and survive in the new habitation.",9648,tv,135340,/j3Q4Vamcb0p7uoXMkkvIp36oMJe.jpg,[8],8.1,43.4296,,['Netflix']
Little Women,"Three sisters, who only have each other and never enough money, get entangled in a conspiracy involving the rich and powerful.",9648,tv,134675,/oK6q2rDVXNpPyZaZhhiqG2g5Wty.jpg,[8],8.043,3.8647,,['Netflix']
A Korean Odyssey,A self-serving mythical creature's bid for invincibility backfires when he finds himself at the mercy of a woman who can see otherworldly beings.,9648,tv,75123,/uJfF9m2bDXZf6Lng8kkyd0o0Qjz.jpg,[8],8.01,6.3441,,['Netflix']
Ajin,"17 years ago, immortals first appeared on the battlefields of Africa. Later, rare, unknown new immortal lifeforms began appearing among humans, and they became known as ""Ajin"" (demi-humans). Just before summer vacation, a Japanese high school student is instantly killed in a traffic accident on his way home from school. However, he is revived, and a price is placed on his head. Thus begins a boy's life on the run from all of humankind.",9648,tv,65292,/fnHBwIKxwrFleSzvHzTqcAzDRM.jpg,[8],8.0,6.4657,,['Netflix']
100 Days My Prince,"Lee Yool falls off a cliff and nearly dies in an attempted assassination. He loses his memory, and wanders for 100 days under a new name and personality. During this period, he meets Hong Sim, head of the first detective agency in Joseon.",9648,tv,81821,/5GoF6fZGqEycUqgcCNmBCN3OdWM.jpg,[8],8.0,4.481,,['Netflix']
Lost,"Stripped of everything, the survivors of a horrific plane crash  must work together to stay alive. But the island holds many secrets.",9648,tv,4607,/og6S0aTZU6YUJAbqxeKjCa3kY1E.jpg,[8],7.9,91.6619,,['Netflix']
Squid Game,"Hundreds of cash-strapped players accept a strange invitation to compete in children's games. Inside, a tempting prize awaits — with deadly high stakes.",9648,tv,93405,/1QdXdRYfktUSONkl1oD5gc6Be0s.jpg,[8],7.864,71.2423,,['Netflix']
First Kill,"Falling in love is tricky for teens Juliette and Calliope: One's a vampire, the other's a vampire hunter — and both are ready to make their first kill.",9648,tv,111616,/hwSy1vVaRzV70ZvAEsl6FGOHNlH.jpg,[8],7.831,3.3803,,['Netflix']
Dead Boy Detectives,Two teen ghosts work alongside a clairvoyant to solve mysteries for their supernatural clientele — until a powerful witch complicates their plans.,9648,tv,132750,/346ju9C5zy0tkzfQoetOYtM74gw.jpg,[8],7.828,6.3982,,['Netflix']
Kakegurui,"Children from influential families in politics and businesses attend the Hyakkaou Private Academy. There, the hierarchy of the students are classified by a series of games. Students that win the games are on the ruling side and the students who lose become slaves. One day, a mysterious girl, Yumeko Jabami (Minami Hamabe), is transferred to Hyakkaou Private Academy. She looks pure and pretty, but she is actually a compulsive gambler and seeks out the thrill of taking calculated risks.",9648,tv,76409,/iLrKRd4z9AwFNhnfpB6LpRctW7L.jpg,[8],7.8,3.4981,,['Netflix']
The Night Agent,"Brought together by a midnight phone call, an FBI agent and a cybersecurity expert must unravel an ever-growing web of political conspiracies.",9648,tv,129552,/4c5yUNcaff4W4aPrkXE6zr7papX.jpg,[8],7.8,22.6389,,['Netflix']
Forged in Fire,Competitors re-create weapons from historical periods ranging from Japanese katanas to medieval broadswords to ancient throwing blades. Each entry is judged on its artistry as well as its functionality and accuracy.,10764,tv,62884,/qTeChgTbGdrxRy6X3TFRW83e1U2.jpg,[8],7.8,37.001,,['Netflix']
Physical: 100,"In this fierce fitness competition, one hundred contestants in top physical shape compete to claim the honor of best body.",10764,tv,210905,/vl9XwsuGGzvbAWlHLTNTFIWcgK6.jpg,[8],7.656,3.8427,,['Netflix']
Queer Eye,"An all-new “Fab Five” advise men on fashion, grooming, food, culture and design in this modern reboot of the Emmy Award-winning reality series.",10764,tv,76922,/bBWNZ7cae2LXfTuQULsAAufPObs.jpg,[8],7.428,12.959,,['Netflix']
Haunted: Latin America,"Real people's terrifying tales of the chilling, unexplained and paranormal come to life with dramatic reenactments in this reality series.",10764,tv,120587,/q4DF2tw0Pjl56bN1V1atnLyuugn.jpg,[8],7.3,1.141,,['Netflix']
Prank Encounters,Monstrous frights meet hilarious reveals on this hidden-camera prank show as real people become the stars of their own full-blown horror movie.,10764,tv,94515,/w0wXyx4NsjF9ZXeZJHf1daQmGSX.jpg,[8],7.1,2.6448,,['Netflix']
Pawn Stars,"Go inside the colorful world of the pawn business. At the Gold & Silver Pawn Shop on the outskirts of Las Vegas, generations of the Harrison family run the family business, and there’s clashing and camaraderie every step of the way.",10764,tv,21755,/8GeBQWQOTu7yLwNfCV6iWyL8xNf.jpg,[8],7.088,60.9676,,['Netflix']
Deadliest Catch,"Forty-foot waves, 700 pound crab pots, freezing temperatures and your mortality staring you in the face…it's all in a day's work for these modern day prospectors. During each episode we will watch crews race to meet their quota and make it home safely.",10764,tv,2612,/aqF7wHfA2n89zbBqG6DLuDjrHut.jpg,[8],7.1,46.5266,,['Netflix']
I Am Georgina,"Join Georgina Rodríguez — mom, influencer, businesswoman and Cristiano Ronaldo's partner — in this emotional and in-depth portrait of her daily life.",10764,tv,156077,/70e3SQBIAcjKSibWoyCA7lBMZA8.jpg,[8],7.1,3.15,,['Netflix']
Gold Rush,"Follow the lives of ambitious miners as they head north in pursuit of gold. With new miners, new claims, new machines and new ways to pull gold out of the ground, the stakes are higher than ever. But will big risks lead to an even bigger pay out?",10764,tv,34634,/zRlu3idMmqfrtnw7h2qHaAGzxnw.jpg,[8],7.0,65.3705,,['Netflix']
American Pickers,"Pickers like Mike Wolfe and Frank Fritz are on a mission to recycle America, even if it means diving into countless piles of grimy junk or getting chased off a gun-wielding homeowner’s land. Hitting back roads from coast to coast, the two men earn a living by restoring forgotten relics to their former glory, transforming one person’s trash into another’s treasure.",10764,tv,32025,/obWweSxU8XrAtCqteHLasV8ktmD.jpg,[8],6.9,12.2722,,['Netflix']
Raw,"A regularly scheduled, live, year-round program featuring some of the biggest WWE Superstars.",10764,tv,4656,/pv5WNnLUo7mpT8k901Lo8UovrqI.jpg,[8],6.754,113.4298,,['Netflix']
28 Days Haunted,Three teams each spend 28 days in some of America's most haunted locations for a paranormal experiment based on the theories of Ed and Lorraine Warren.,10764,tv,210922,/AqcHMbvN4lkYUXKNalOxOFe025K.jpg,[8],6.7,1.2283,,['Netflix']
Too Hot to Handle,"On the shores of paradise, gorgeous singles meet and mingle. But there’s a twist. To win a $100,000 grand prize, they’ll have to give up sex.",10764,tv,102085,/jr21CagMMfglh7YVgcyov3Cj833.jpg,[8],6.63,16.2386,,['Netflix']
Squid Game: The Challenge,"In this reality competition show inspired by ""Squid Game,"" 456 players put their skills to the ultimate test for a life-changing $4.56 million prize.",10764,tv,204082,/y85L9DWoaM2MYNg1p8QRywxXJsa.jpg,[8],6.319,12.1578,,['Netflix']
Project Runway,"Aspiring fashion designers compete for a chance to break into the industry. Each week, a designer is eliminated from the competition after exhibiting their work in front of a judges' panel.",10764,tv,1685,/3JKvoVulQXwibxdGQYqBQyZBlBj.jpg,[8],6.233,59.1193,,['Netflix']
Love Between Fairy and Devil,"When a low-ranked fairy accidentally resurrects a powerful demon, their fates become cosmically entangled as the world is thrown into turmoil.",10765,tv,130368,/mNgUuTGkOj19Z09zKa76bE6J5Di.jpg,[8],8.3,11.5039,,['Netflix']
Dynasty,"Follows two of America’s wealthiest families, the Carringtons and the Colbys, as they feud for control over their fortune and their children focusing on Fallon Carrington, the daughter of billionaire Blake Carrington, and her soon-to-be stepmother, Cristal, a Hispanic woman marrying into this WASP family and America’s most powerful class.",10766,tv,72002,/rVQ35erLIoV8hyh7lIKAMiChmOO.jpg,[8],8.1,39.2424,,['Netflix']
The Marked Heart,A man hell-bent on exacting revenge on the organ trafficking organization that murdered his wife becomes involved with the woman who received her heart.,10766,tv,158916,/M1q0HuyRnqxP8Si54srsPREFIH.jpg,[8],7.708,7.5404,,['Netflix']
Pecados Capitales,,10766,tv,113531,/eSIdXo9HFDCw65ZBA6SPzxGEfNF.jpg,[8],7.6,19.193,,['Netflix']
Comedians in Cars Getting Coffee,"Jerry takes his comedy pals out for coffee in a selection of his classic automobiles. Larry David sums it up best when he says, 'You've finally made a show about nothing.'",10767,tv,59717,/hpK5MsFa7k7RQdClvRglBo0wAoT.jpg,[8],7.228,39.6434,,['Netflix']
The Graham Norton Show,Each week celebrity guests join Irish comedian Graham Norton to discuss what's being going on around the world that week. The guests poke fun and share their opinions on the main news stories. Graham is often joined by a band or artist to play the show out.,10767,tv,1220,/vrbqaBXB8AALynQzpWz6JdCPEJS.jpg,[8],7.176,117.3371,,['Netflix']
The Last Kingdom,"A show of heroic deeds and epic battles with a thematic depth that embraces politics, religion, warfare, courage, love, loyalty and our universal search for identity. Combining real historical figures and events with fictional characters, it is the story of how a people combined their strength under one of the most iconic kings of history in order to reclaim their land for themselves and build a place they call home.",10768,tv,63333,/8eJf0hxgIhE6QSxbtuNCekTddy1.jpg,[8],8.254,45.8238,,['Netflix']
Vikings,"The adventures of Ragnar Lothbrok, the greatest hero of his age. The series tells the sagas of Ragnar's band of Viking brothers and his family, as he rises to become King of the Viking tribes. As well as being a fearless warrior, Ragnar embodies the Norse traditions of devotion to the gods. Legend has it that he was a direct descendant of Odin, the god of war and warriors.",10768,tv,44217,/bQLrHIRNEkE3PdIWQrZHynQZazu.jpg,[8],8.097,113.782,,['Netflix']
The Pacific,"Track the intertwined real-life stories of three U.S. Marines – Robert Leckie, John Basilone, and Eugene Sledge – across the vast canvas of the Pacific Theater during World War II. A companion piece to the 2001 miniseries Band of Brothers.",10768,tv,16997,/x9Y1IMFdY8Ma222KcQadFEau0EB.jpg,[8],7.779,12.9491,,['Netflix']
Bodyguard,A troubled war veteran is assigned to protect a controversial politician who may be the target of a terror plot.,10768,tv,80307,/5DUJTrHTRLHLCKWriPhdusQogAv.jpg,[8],7.769,11.5436,,['Netflix']
Vikings: Valhalla,"In this sequel to ""Vikings,"" a hundred years have passed and a new generation of legendary heroes arises to forge its own destiny — and make history.",10768,tv,116135,/rDFy1fUU6OC3Mm0CLFB7u0fGwVN.jpg,[8],7.718,23.3458,,['Netflix']
The Diplomat,"In the midst of an international crisis, a career diplomat lands in a high-profile job she’s unsuited for, with tectonic implications for her marriage and her political future.",10768,tv,203857,/cOKXV0FalCYixNmZYCfHXgyQ0VX.jpg,[8],7.495,7.2287,,['Netflix']
Fauda,"A top Israeli agent comes out of retirement to hunt for a Palestinian militant he thought he'd killed, setting a chaotic chain of events into motion.",10768,tv,69557,/j8RWvUgEEweL3BCOLCU4s7SFBmv.jpg,[8],7.442,13.7644,,['Netflix']
The Law According to Lidia Poët,"In late 19th-century Turin, the young Lidia Poët, fights against everything and everyone to get what is rightfully hers: to be enrolled in the official register of lawyers. A profession, at the time, reserved exclusively for men. Nevertheless, nothing could stop her dream of becoming the first female lawyer in Italy.",10768,tv,218896,/bhTLskf3XNALpk3tZGm7lG2ChAx.jpg,[8],7.373,5.3683,,['Netflix']
Caliphate,"National Security agent Fatima receives a tip that a terrorist attack against Sweden is in the planning stage. Meanwhile Sulle, a teenage girl in Stockholm, gets interested in her student assistant who opens doors to a new and fascinating world - the true path. Kalifat is a thriller about the intermingled fates of five young women who get caught up in the seducing and destroying force of religious fundamentalism.",10768,tv,92891,/6HF7rBN0deZ9SjZks5YslH7ha5c.jpg,[8],7.278,3.0941,,['Netflix']
Designated Survivor,"Tom Kirkman, a low-level cabinet member is suddenly appointed President of the United States after a catastrophic attack during the State of the Union kills everyone above him in the Presidential line of succession.",10768,tv,67026,/5R125JAIh1N38pzHp2dRsBpOVNY.jpg,[8],7.133,30.5081,,['Netflix']
The Liberator,"A diverse, dedicated, rough-and-tumble squad of soldiers spearheads the Allied invasion of Italy during World War II.",10768,tv,111462,/kivHJpsGFWgqnDMRDnnpOSgLD1s.jpg,[8],7.084,1.7433,,['Netflix']
Wolf,"Tasked with risky missions across Turkey, members of a special-operations police unit confront danger and tragedy both on the field and at home.",10768,tv,75365,/jSJy27yMybtzou7eiUZTa03zWFI.jpg,[8],7.059,2.9314,,['Netflix']
The Barrier,One family’s fight for survival in a future dystopian Madrid illustrates the disparity between two worlds separated by a fence — and so much more.,10768,tv,93522,/qvlAuCWqBkXH9tO9kO6CTupA9XT.jpg,[8],7.048,3.1819,,['Netflix']
Zero Day,"A former U.S. President is called out of retirement to find the source of a deadly cyberattack, only to discover a vast web of lies and conspiracies.",10768,tv,216082,/odIyR46aAX59dvQ1ON4P53ow1aE.jpg,[8],6.996,19.5395,,['Netflix']
Madam Secretary,"After years away from the CIA, Elizabeth McCord is pulled back into the political arena. The newly appointed Secretary of State is tough, fair, and smart, driving international diplomacy, wrangling office politics, and circumventing protocol as she negotiates global and domestic issues, both at the White House and at home.",10768,tv,61378,/6Nl1ablo4DNTLb4ZH7Mycz81AEt.jpg,[8],6.982,26.8915,,['Netflix']
Secret City,"Beneath the placid facade of Canberra, amidst rising tension between China and America, senior political journalist Harriet Dunkley uncovers a secret city of interlocked conspiracies, putting innocent lives in danger including her own.",10768,tv,66357,/c8MWyp6WuA3QT1WwTc3SmASEhN2.jpg,[8],6.582,5.2842,,['Netflix']
Troy: Fall of a City,"A rich story of love, intrigue, betrayal and belonging told from the perspective of the Trojan royal family at the heart of the siege of Troy.",10768,tv,71181,/wPLiUBrVav1ssvRwcr0M3Xq92Vi.jpg,[8],5.929,5.6346,,['Netflix']
Wynonna Earp,Wyatt Earp's great granddaughter Wynonna battles demons and other creatures with her unique abilities and a posse of dysfunctional allies - the only thing that can bring the paranormal to justice.,37,tv,65988,/qnIaDelA81dmFaXrhpz6M6dpGSD.jpg,[8],7.9,17.4524,,['Netflix']
Godless,"A ruthless outlaw terrorizes the West in search of a former member of his gang, who’s found a new life in a quiet town populated only by women.",37,tv,73467,/ePOD0ofGWFDTbZR84QhM7kpYMPX.jpg,[8],7.756,5.2693,,['Netflix']
American Primeval,A mother and son fleeing from their past form a found family while confronting a harsh landscape of freedom and cruelty in the American West.,37,tv,215866,/ff0s9OHGNSZL6cVteIb7LNvTnJD.jpg,[8],7.649,12.8178,,['Netflix']
Avengers: Endgame,"After the devastating events of Avengers: Infinity War, the universe is in ruins due to the efforts of the Mad Titan, Thanos. With the help of remaining allies, the Avengers must assemble once more in order to undo Thanos' actions and restore order to the universe once and for all, no matter what consequences may be in store.",28,movie,299534,/ulzhLuWrPK07P1YkdWQLZnQh1JL.jpg,[337],8.237,26.4337,2019-04-24,['Disney+']
Avengers: Infinity War,"As the Avengers and their allies have continued to protect the world from threats too large for any one hero to handle, a new danger has emerged from the cosmic shadows: Thanos. A despot of intergalactic infamy, his goal is to collect all six Infinity Stones, artifacts of unimaginable power, and use them to inflict his twisted will on all of reality. Everything the Avengers have fought for has led up to this moment - the fate of Earth and existence itself has never been more uncertain.",28,movie,299536,/7WsyChQLEftFiDOVTGkv3hFpyyt.jpg,[337],8.235,39.8142,2018-04-25,['Disney+']
Guardians of the Galaxy Vol. 3,"Peter Quill, still reeling from the loss of Gamora, must rally his team around him to defend the universe along with protecting one of their own. A mission that, if not completed successfully, could quite possibly lead to the end of the Guardians as we know them.",28,movie,447365,/r2J02Z2OpNTctfOSN1Ydgii51I3.jpg,[337],7.949,20.3545,2023-05-03,['Disney+']
Raya and the Last Dragon,"Long ago, in the fantasy world of Kumandra, humans and dragons lived together in harmony. But when an evil force threatened the land, the dragons sacrificed themselves to save humanity. Now, 500 years later, that same evil has returned and it’s up to a lone warrior, Raya, to track down the legendary last dragon to restore the fractured land and its divided people.",28,movie,527774,/5nVhgCzxKbK47OLIKxCR1syulOn.jpg,[337],7.839,17.2321,2021-03-03,['Disney+']
Logan,"In the near future, a weary Logan cares for an ailing Professor X in a hideout on the Mexican border. But Logan's attempts to hide from the world and his legacy are upended when a young mutant arrives, pursued by dark forces.",28,movie,263115,/fnbjcRDYn6YviCcePDnGdyAkYsB.jpg,[337],7.82,16.9912,2017-02-28,['Disney+']
Deadpool,"The origin story of former Special Forces operative turned mercenary Wade Wilson, who, after being subjected to a rogue experiment that leaves him with accelerated healing powers, adopts the alter ego Deadpool. Armed with his new abilities and a dark, twisted sense of humor, Deadpool hunts down the man who nearly destroyed his life.",28,movie,293660,/3E53WEZJqP6aM84D8CckXx4pIHw.jpg,[337],7.622,19.1358,2016-02-09,['Disney+']
Guardians of the Galaxy Vol. 2,The Guardians must fight to keep their newfound family together as they unravel the mysteries of Peter Quill's true parentage.,28,movie,283995,/y4MBh0EjBlMuOzv9axM4qJlmhzz.jpg,[337],7.6,17.63,2017-04-19,['Disney+']
Avatar: The Way of Water,"Set more than a decade after the events of the first film, learn the story of the Sully family (Jake, Neytiri, and their kids), the trouble that follows them, the lengths they go to keep each other safe, the battles they fight to stay alive, and the tragedies they endure.",28,movie,76600,/t6HIqrRAclMCA60NsSmeqe9RmNV.jpg,[337],7.609,31.4455,2022-12-14,['Disney+']
Deadpool & Wolverine,"A listless Wade Wilson toils away in civilian life with his days as the morally flexible mercenary, Deadpool, behind him. But when his homeworld faces an existential threat, Wade must reluctantly suit-up again with an even more reluctant Wolverine.",28,movie,533535,/8cdWjvZQUExUUTzyp4t6EDMubfO.jpg,[337],7.604,63.9979,2024-07-24,['Disney+']
Spies in Disguise,"Super spy Lance Sterling and scientist Walter Beckett are almost exact opposites. Lance is smooth, suave and debonair. Walter is… not. But what Walter lacks in social skills he makes up for in smarts and invention, creating the awesome gadgets Lance uses on his epic missions. But when events take an unexpected turn, Walter and Lance suddenly have to rely on each other in a whole new way.",28,movie,431693,/e7rWcrnuNej3JeVjqmRu0jVeRa4.jpg,[337],7.6,6.5009,2019-12-04,['Disney+']
Thor: Ragnarok,"Thor is imprisoned on the other side of the universe and finds himself in a race against time to get back to Asgard to stop Ragnarok, the destruction of his home-world and the end of Asgardian civilization, at the hands of a powerful new threat, the ruthless Hela.",28,movie,284053,/rzRwTcFvttcN1ZpX2xv4j3tSdJu.jpg,[337],7.584,20.9357,2017-10-02,['Disney+']
Shang-Chi and the Legend of the Ten Rings,Shang-Chi must confront the past he thought he left behind when he is drawn into the web of the mysterious Ten Rings organization.,28,movie,566525,/d08HqqeBQSwN8i8MEvpsZ8Cb438.jpg,[337],7.523,22.3686,2021-09-01,['Disney+']
Rogue One: A Star Wars Story,A rogue band of resistance fighters unite for a mission to steal the Death Star plans and bring a new hope to the galaxy.,28,movie,330459,/i0yw1mFbB7sNGHCs7EXZPzFkdA1.jpg,[337],7.5,9.8687,2016-12-14,['Disney+']
Deadpool 2,Wisecracking mercenary Deadpool battles the evil and powerful Cable and other bad guys to save a boy's life.,28,movie,383498,/to0spRl1CMDvyUbOnbb4fTk3VAd.jpg,[337],7.489,13.1639,2018-05-15,['Disney+']
Incredibles 2,"Elastigirl springs into action to save the day, while Mr. Incredible faces his greatest challenge yet – taking care of the problems of his three children.",28,movie,260513,/9lFKBtaVIhP7E2Pk0IY1CwTKTMZ.jpg,[337],7.454,9.9533,2018-06-14,['Disney+']
Captain America: Civil War,"Following the events of Age of Ultron, the collective governments of the world pass an act designed to regulate all superhuman activity. This polarizes opinion amongst the Avengers, causing two factions to side with Iron Man or Captain America, which causes an epic battle between former allies.",28,movie,271110,/rAGiXaUfPzY7CDEyNKUofk3Kw2e.jpg,[337],7.445,21.9951,2016-04-27,['Disney+']
Doctor Strange,"After his career is destroyed, a brilliant but arrogant surgeon gets a new lease on life when a sorcerer takes him under her wing and trains him to defend the world against evil.",28,movie,284052,/uGBVj3bEbCoZbDjjl9wTxcygko1.jpg,[337],7.417,16.6243,2016-10-25,['Disney+']
Spider-Man: Far From Home,"Peter Parker and his friends go on a summer trip to Europe. However, they will hardly be able to rest - Peter will have to agree to help Nick Fury uncover the mystery of creatures that cause natural disasters and destruction throughout the continent.",28,movie,429617,/4q2NNj4S5dG2RLF9CpXsej7yXl.jpg,[337],7.41,15.8153,2019-06-28,['Disney+']
Black Panther,"King T'Challa returns home to the reclusive, technologically advanced African nation of Wakanda to serve as his country's new leader. However, T'Challa soon finds that he is challenged for the throne by factions within his own country as well as without. Using powers reserved to Wakandan kings, T'Challa assumes the Black Panther mantle to join with ex-girlfriend Nakia, the queen-mother, his princess-kid sister, members of the Dora Milaje (the Wakandan 'special forces') and an American secret agent, to prevent Wakanda from being dragged into a world war.",28,movie,284054,/uxzzxijgPIY7slzFvMotPv8wjKA.jpg,[337],7.373,22.5746,2018-02-13,['Disney+']
Spider-Man: Homecoming,"Following the events of Captain America: Civil War, Peter Parker, with the help of his mentor Tony Stark, tries to balance his life as an ordinary high school student in Queens, New York City, with fighting crime as his superhero alter ego Spider-Man as a new threat, the Vulture, emerges.",28,movie,315635,/c24sv2weTHPsmDa7jEMN0m2P3RT.jpg,[337],7.331,37.4638,2017-07-05,['Disney+']
"Miraculous World: London, At the Edge of Time","To save the future from a terrible fate, Marinette becomes Chronobug and teams up with Bunnyx to defeat a mysterious opponent who travels through time. Who is this new supervillain, and why are they obsessed with exposing Marinette's secret superhero identity? Marinette's only hope is to defeat her new opponent to prevent the end of Ladybug and time itself!",28,movie,1147416,/6AtoMpHvs9pxd30KsyK8QmJ9W9M.jpg,[337],7.309,44.5938,2024-11-14,['Disney+']
Maleficent: Mistress of Evil,"Maleficent and her goddaughter Aurora begin to question the complex family ties that bind them as they are pulled in different directions by impending nuptials, unexpected allies, and dark new forces at play.",28,movie,420809,/vloNTScJ3w7jwNwtNGoG8DbTThv.jpg,[337],7.304,16.0632,2019-10-16,['Disney+']
Avengers: Age of Ultron,"When Tony Stark tries to jumpstart a dormant peacekeeping program, things go awry and Earth’s Mightiest Heroes are put to the ultimate test as the fate of the planet hangs in the balance. As the villainous Ultron emerges, it is up to The Avengers to stop him from enacting his terrible plans, and soon uneasy alliances and unexpected action pave the way for an epic and unique global adventure.",28,movie,99861,/4ssDuvEDkSArWEdyBl2X5EHvYKU.jpg,[337],7.271,20.7374,2015-04-22,['Disney+']
Doctor Strange in the Multiverse of Madness,"Doctor Strange, with the help of mystical allies both old and new, traverses the mind-bending and dangerous alternate realities of the Multiverse to confront a mysterious new adversary.",28,movie,453395,/ddJcSKbcp4rKZTmuyWaMhuwcfMz.jpg,[337],7.262,16.3898,2022-05-04,['Disney+']
Star Wars: The Force Awakens,"Thirty years after defeating the Galactic Empire, Han Solo and his allies face a new threat from the evil Kylo Ren and his army of Stormtroopers.",28,movie,140607,/wqnLdwVXoBjKibFRR5U3y0aDUhs.jpg,[337],7.261,19.9703,2015-12-15,['Disney+']
"Miraculous World: Paris, Tales of Shadybug and Claw Noir","Miraculous holders from another world appear in Paris. They come from a parallel universe where everything is reversed: the holders of Ladybug and Black Cat Miraculouses, Shadybug and Claw Noir, are the bad guys, and the holder of the Butterfly Miraculous, Hesperia, is a superhero. Ladybug and Cat Noir will have to help Hesperia counter the attacks of their evil doubles and prevent them from seizing the Butterfly's Miraculous. Can our heroes also help Hesperia make Shadybug and Claw Noir better people?",28,movie,1147400,/nydROKumZe9oFZNiSn792MDDA1v.jpg,[337],7.209,18.7837,2023-10-21,['Disney+']
Black Widow,"Natasha Romanoff, also known as Black Widow, confronts the darker parts of her ledger when a dangerous conspiracy with ties to her past arises. Pursued by a force that will stop at nothing to bring her down, Natasha must deal with her history as a spy and the broken relationships left in her wake long before she became an Avenger.",28,movie,497698,/kwB7d51AIcyzPOBOHLCEZJkmPhQ.jpg,[337],7.209,17.5947,2021-07-07,['Disney+']
Ant-Man,"Armed with the astonishing ability to shrink in scale but increase in strength, master thief Scott Lang must embrace his inner-hero and help his mentor, Doctor Hank Pym, protect the secret behind his spectacular Ant-Man suit from a new generation of towering threats. Against seemingly insurmountable obstacles, Pym and Lang must plan and pull off a heist that will save the world.",28,movie,102899,/rQRnQfUl3kfp78nCWq8Ks04vnq1.jpg,[337],7.071,12.4637,2015-07-14,['Disney+']
Black Panther: Wakanda Forever,"Queen Ramonda, Shuri, M’Baku, Okoye and the Dora Milaje fight to protect their nation from intervening world powers in the wake of King T’Challa’s death.  As the Wakandans strive to embrace their next chapter, the heroes must band together with the help of War Dog Nakia and Everett Ross and forge a new path for the kingdom of Wakanda.",28,movie,505642,/sv1xJUazXeYqALzczSZ3O6nkH75.jpg,[337],7.066,22.7568,2022-11-09,['Disney+']
Werewolf by Night,"On a dark and somber night, a secret cabal of monster hunters emerge from the shadows and gather at the foreboding Bloodstone Temple following the death of their leader. In a strange and macabre memorial to the leader’s life, the attendees are thrust into a mysterious and deadly competition for a powerful relic—a hunt that will ultimately bring them face to face with a dangerous monster.",28,movie,894205,/mvIvNKRIJPPS7WSFarFhOAGIVnU.jpg,[337],6.975,5.9947,2022-09-25,['Disney+']
Ant-Man and the Wasp,"Just when his time under house arrest is about to end, Scott Lang once again puts his freedom at risk to help Hope van Dyne and Dr. Hank Pym dive into the quantum realm and try to accomplish, against time and any chance of success, a very dangerous rescue mission.",28,movie,363088,/cFQEO687n1K6umXbInzocxcnAQz.jpg,[337],6.92,8.2753,2018-07-04,['Disney+']
Mulan,"When the Emperor of China issues a decree that one man per family must serve in the Imperial Chinese Army to defend the country from Huns, Hua Mulan, the eldest daughter of an honored warrior, steps in to take the place of her ailing father. She is spirited, determined and quick on her feet. Disguised as a man by the name of Hua Jun, she is tested every step of the way and must harness her innermost strength and embrace her true potential.",28,movie,337401,/aKx1ARwG55zZ0GpRvU2WrGrCG9o.jpg,[337],6.867,10.6997,2020-09-04,['Disney+']
The Shepherd,"On Christmas Eve, a fighter pilot on his way home gets lost mid-flight over water and needs a miracle to land safely.",28,movie,1116488,/f2YbkFMN27uqAWqmWZmfj3CE1tF.jpg,[337],6.852,2.2673,2023-08-10,['Disney+']
Venom,"Investigative journalist Eddie Brock attempts a comeback following a scandal, but accidentally becomes the host of Venom, a violent, super powerful alien symbiote. Soon, he must rely on his newfound powers to protect the world from a shadowy organization looking for a symbiote of their own.",28,movie,335983,/2uNW4WbgBXL25BAbXGLnLqX71Sw.jpg,[337],6.828,20.0826,2018-09-28,['Disney+']
Eternals,"The Eternals are a team of ancient aliens who have been living on Earth in secret for thousands of years. When an unexpected tragedy forces them out of the shadows, they are forced to reunite against mankind’s most ancient enemy, the Deviants.",28,movie,524434,/lFByFSLV5WDJEv3KabbdAF959F2.jpg,[337],6.824,15.5726,2021-11-03,['Disney+']
Captain Marvel,"The story follows Carol Danvers as she becomes one of the universe’s most powerful heroes when Earth is caught in the middle of a galactic war between two alien races. Set in the 1990s, Captain Marvel is an all-new adventure from a previously unseen period in the history of the Marvel Cinematic Universe.",28,movie,299537,/AtsgWhDnHTq68L0lLsUrCnM7TjG.jpg,[337],6.802,13.1718,2019-03-06,['Disney+']
Star Wars: The Last Jedi,"Rey develops her newly discovered abilities with the guidance of Luke Skywalker, who is unsettled by the strength of her powers. Meanwhile, the Resistance prepares to do battle with the First Order.",28,movie,181808,/kOVEVeg59E0wsnXmF9nrh6OmWII.jpg,[337],6.779,17.2889,2017-12-13,['Disney+']
Secret Society of Second Born Royals,"Sam is a teenage royal rebel, second in line to the throne of the kingdom of Illyria. Just as her disinterest in the royal way of life is at an all-time high, she discovers she has super-human abilities and is invited to join a secret society of similar extraordinary second-born royals charged with keeping the world safe.",28,movie,621870,/qnO3aXSqkKCDw5cEVyNUDexI4NJ.jpg,[337],6.7,3.6009,2020-09-25,['Disney+']
Pirates of the Caribbean: Dead Men Tell No Tales,"Thrust into an all-new adventure, a down-on-his-luck Capt. Jack Sparrow feels the winds of ill-fortune blowing even more strongly when deadly ghost sailors led by his old nemesis, the evil Capt. Salazar, escape from the Devil's Triangle. Jack's only hope of survival lies in seeking out the legendary Trident of Poseidon, but to find it, he must forge an uneasy alliance with a brilliant and beautiful astronomer and a headstrong young man in the British navy.",28,movie,166426,/qwoGfcg6YUS55nUweKGujHE54Wy.jpg,[337],6.652,14.8057,2017-05-23,['Disney+']
Marvel Rising: Secret Warriors,"When a threat no one could have expected bears down on the Marvel Universe, this ragtag, untrained band of teens have no choice but to rise together and prove to the world that sometimes the difference between a 'hero' and 'misfit' is just in the name.",28,movie,491633,/kY1ufnbv2bTyoNcAtGF4BwapKi6.jpg,[337],6.64,2.1434,2018-09-30,['Disney+']
The Finest Hours,The Coast Guard makes a daring rescue attempt off the coast of Cape Cod after a pair of oil tankers are destroyed during a blizzard in 1952.,28,movie,300673,/6UG91TJ4DKI6FGdqXZfDBeRZHX8.jpg,[337],6.6,5.3547,2016-01-27,['Disney+']
Solo: A Star Wars Story,"Through a series of daring escapades deep within a dark and dangerous criminal underworld, Han Solo meets his mighty future copilot Chewbacca and encounters the notorious gambler Lando Calrissian.",28,movie,348350,/4oD6VEccFkorEBTEDXtpLAaz0Rl.jpg,[337],6.557,16.418,2018-05-15,['Disney+']
LEGO Marvel Avengers: Code Red,"The Avengers gather to celebrate their latest victory, but their celebration is quickly interrupted by the mysterious disappearance of Black Widow's father, Red Guardian. As the Avengers investigate, they discover that Red Guardian isn't the only one missing when they meet a dangerous new foe quite unlike anything they've ever encountered before.",28,movie,1154598,/rDzig50dj7VpLwJ7SThbamETK1G.jpg,[337],6.556,3.3789,2023-10-26,['Disney+']
Indiana Jones and the Dial of Destiny,"Finding himself in a new era, and approaching retirement, Indy wrestles with fitting into a world that seems to have outgrown him. But as the tentacles of an all-too-familiar evil return in the form of an old rival, Indy must don his hat and pick up his whip once more to make sure an ancient and powerful artifact doesn't fall into the wrong hands.",28,movie,335977,/Af4bXE63pVsb2FtbW8uYIyPBadD.jpg,[337],6.555,13.9364,2023-06-25,['Disney+']
X-Men: Apocalypse,"After the re-emergence of the world's first mutant, world-destroyer Apocalypse, the X-Men must unite to defeat his extinction level plan.",28,movie,246655,/ikA8UhYdTGpqbatFa93nIf6noSr.jpg,[337],6.513,11.8823,2016-05-18,['Disney+']
Thor: Love and Thunder,"After his retirement is interrupted by Gorr the God Butcher, a galactic killer who seeks the extinction of the gods, Thor Odinson enlists the help of King Valkyrie, Korg, and ex-girlfriend Jane Foster, who now wields Mjolnir as the Mighty Thor. Together they embark upon a harrowing cosmic adventure to uncover the mystery of the God Butcher’s vengeance and stop him before it’s too late.",28,movie,616037,/pIkRyD18kl4FhoCNQuWxWu5cBLM.jpg,[337],6.42,15.1991,2022-07-06,['Disney+']
Brahmāstra Part One: Shiva,"The story of Shiva – a young man on the brink of an epic love, with a girl named Isha. But their world is turned upside down when Shiva learns that he has a mysterious connection to the Brahmāstra... and a great power within him that he doesn’t understand just yet - the power of Fire.",28,movie,496331,/x61qdvHIsr9U53FwoLVDQqAGur0.jpg,[337],6.4,4.0849,2022-09-08,['Disney+']
Sanjay's Super Team,"SANJAY'S SUPER TEAM follows the daydream of a young Indian boy, bored with his father's religious meditation, who imagines ""a kind of ancient, Hindu version of The Avengers,"" with the gods appearing like superheros.",28,movie,345637,/mShcGzOctlq6zs33UdrCdAwZMGq.jpg,[337],6.417,0.379,2015-11-18,['Disney+']
Coco,"Despite his family’s baffling generations-old ban on music, Miguel dreams of becoming an accomplished musician like his idol, Ernesto de la Cruz. Desperate to prove his talent, Miguel finds himself in the stunning and colorful Land of the Dead following a mysterious chain of events. Along the way, he meets charming trickster Hector, and together, they set off on an extraordinary journey to unlock the real story behind Miguel's family history.",12,movie,354912,/gGEsBPAijhVUFoiNpgZXqRVWJt2.jpg,[337],8.204,26.9279,2017-10-27,['Disney+']
Cruella,"In 1970s London amidst the punk rock revolution, a young grifter named Estella is determined to make a name for herself with her designs. She befriends a pair of young thieves who appreciate her appetite for mischief, and together they are able to build a life for themselves on the London streets. One day, Estella’s flair for fashion catches the eye of the Baroness von Hellman, a fashion legend who is devastatingly chic and terrifyingly haute. But their relationship sets in motion a course of events and revelations that will cause Estella to embrace her wicked side and become the raucous, fashionable and revenge-bent Cruella.",12,movie,337404,/wToO8opxkGwKgSfJ1JK8tGvkG6U.jpg,[337],7.994,20.7047,2021-05-26,['Disney+']
Inside Out,"When 11-year-old Riley moves to a new city, her Emotions team up to help her through the transition. Joy, Fear, Anger, Disgust and Sadness work together, but when Joy and Sadness get lost, they must journey through unfamiliar places to get back home.",12,movie,150540,/2H1TmgdfNtsKlU9jKdeNyYL5y8T.jpg,[337],7.91,33.2655,2015-06-17,['Disney+']
Free Solo,"Follow Alex Honnold as he attempts to become the first person to ever free solo climb Yosemite's 3,000 foot high El Capitan wall. With no ropes or safety gear, this would arguably be the greatest feat in rock climbing history.",12,movie,515042,/v4QfYZMACODlWul9doN9RxE99ag.jpg,[337],7.906,3.3093,2018-09-28,['Disney+']
Isle of Dogs,"In the future, an outbreak of canine flu leads the mayor of a Japanese city to banish all dogs to an island used as a garbage dump. The outcasts must soon embark on an epic journey when a 12-year-old boy arrives on the island to find his beloved pet.",12,movie,399174,/rSluCePdXXtNiQeE6Na5yRGamhL.jpg,[337],7.85,6.7675,2018-03-23,['Disney+']
Luca,Luca and his best friend Alberto experience an unforgettable summer on the Italian Riviera. But all the fun is threatened by a deeply-held secret: they are sea monsters from another world just below the water’s surface.,12,movie,508943,/9x4i9uKGXt8IiiIF5Ey0DIoY738.jpg,[337],7.807,22.1186,2021-06-17,['Disney+']
Zootopia,"Determined to prove herself, Officer Judy Hopps, the first bunny on Zootopia's police force, jumps at the chance to crack her first case - even if it means partnering with scam-artist fox Nick Wilde to solve the mystery.",12,movie,269149,/hlK0e0wAQ3VLuJcsfIYPvb4JVud.jpg,[337],7.747,26.8335,2016-02-11,['Disney+']
Descendants 3,The teenagers of Disney's most infamous villains return to the Isle of the Lost to recruit a new batch of villainous offspring to join them at Auradon Prep.,12,movie,506574,/7IRy0iHdaS0JI3ng4ZYlk5gLSFn.jpg,[337],7.688,8.4218,2019-08-02,['Disney+']
Onward,"In a suburban fantasy world, two teenage elf brothers embark on an extraordinary quest to discover if there is still a little magic left out there.",12,movie,508439,/f4aul3FyD3jv3v4bul1IrkWZvzq.jpg,[337],7.67,8.6825,2020-02-29,['Disney+']
Moana,"In Ancient Polynesia, when a terrible curse incurred by Maui reaches an impetuous Chieftain's daughter's island, she answers the Ocean's call to seek out the demigod to set things right.",12,movie,277834,/9tzN8sPbyod2dsa0lwuvrwBDWra.jpg,[337],7.566,6.2975,2016-10-13,['Disney+']
Inside Out 2,"Teenager Riley's mind headquarters is undergoing a sudden demolition to make room for something entirely unexpected: new Emotions! Joy, Sadness, Anger, Fear and Disgust, who’ve long been running a successful operation by all accounts, aren’t sure how to feel when Anxiety shows up. And it looks like she’s not alone.",12,movie,1022789,/vpnVM9B6NMmQpWeZvzLvDESb2QY.jpg,[337],7.6,59.8268,2024-06-11,['Disney+']
The Call of the Wild,"Buck is a big-hearted dog whose blissful domestic life is turned upside down when he is suddenly uprooted from his California home and transplanted to the exotic wilds of the Yukon during the Gold Rush of the 1890s. As the newest rookie on a mail delivery dog sled team—and later its leader—Buck experiences the adventure of a lifetime, ultimately finding his true place in the world and becoming his own master.",12,movie,481848,/33VdppGbeNxICrFUtW2WpGHvfYc.jpg,[337],7.544,10.5994,2020-02-19,['Disney+']
Free Guy,"A bank teller discovers he is actually a background player in an open-world video game, and decides to become the hero of his own story. Now, in a world where there are no limits, he is determined to be the guy who saves his world his way before it's too late.",12,movie,550988,/6PFJrMvoQwBxQITLYHj09VeJ37q.jpg,[337],7.482,13.0965,2021-08-11,['Disney+']
Toy Story 4,"Woody has always been confident about his place in the world and that his priority is taking care of his kid, whether that's Andy or Bonnie. But when Bonnie adds a reluctant new toy called ""Forky"" to her room, a road trip adventure alongside old and new friends will show Woody how big the world can be for a toy.",12,movie,301528,/w9kR8qbmQ01HwnvK4alvnQ2ca0L.jpg,[337],7.479,15.1616,2019-06-19,['Disney+']
Carl's Date,"Carl Fredricksen reluctantly agrees to go on a date with a lady friend—but admittedly has no idea how dating works these days. Ever the helpful friend, Dug steps in to calm Carl's pre-date jitters and offer some tried-and-true tips for making friends—if you're a dog.",12,movie,1076364,/wakoF2UgsEE3fGs5KpuwMWsaNr2.jpg,[337],7.477,8.2984,2023-06-15,['Disney+']
Mufasa: The Lion King,"Mufasa, a cub lost and alone, meets a sympathetic lion named Taka, the heir to a royal bloodline. The chance meeting sets in motion an expansive journey of a group of misfits searching for their destiny.",12,movie,762509,/lurEK87kukWNaHd0zYnsi3yzJrs.jpg,[337],7.424,166.2682,2024-12-18,['Disney+']
Descendants 2,"When the pressure to be royal becomes too much for Mal, she returns to the Isle of the Lost where her archenemy Uma, Ursula's daughter, has taken her spot as self-proclaimed queen.",12,movie,417320,/qoNlGfQmFZ37Gf5fRBaCTLlOZtx.jpg,[337],7.349,7.1345,2017-07-21,['Disney+']
Jungle Cruise,"Dr. Lily Houghton enlists the aid of wisecracking skipper Frank Wolff to take her down the Amazon in his dilapidated boat. Together, they search for an ancient tree that holds the power to heal – a discovery that will change the future of medicine.",12,movie,451048,/yKy9ELL8CON5sqDg4yIvBb5LTZL.jpg,[337],7.3,13.441,2021-07-28,['Disney+']
Christopher Robin,"Christopher Robin, the boy who had countless adventures in the Hundred Acre Wood, has grown up and lost his way. Now it’s up to his spirited and loveable stuffed animals, Winnie The Pooh, Tigger, Piglet, and the rest of the gang, to rekindle their friendship and remind him of endless days of childlike wonder and make-believe, when doing nothing was the very best something.",12,movie,420814,/i6Ytex4d3CdfIKJFxB5v5vh24vb.jpg,[337],7.3,4.3632,2018-08-01,['Disney+']
Adventures in Babysitting,"Two teen rival babysitters, Jenny and Lola, team up to hunt down one of their kids who accidentally ran away into the big city without any supervision.",12,movie,360606,/t12bYhmv7LIcHT4TGGpW6WaMV2W.jpg,[337],7.266,4.0468,2016-06-24,['Disney+']
Frozen II,"Elsa, Anna, Kristoff and Olaf head far into the forest to learn the truth about an ancient mystery of their kingdom.",12,movie,330457,/mINJaa34MtknCYl5AjtNJzWj8cD.jpg,[337],7.25,16.3765,2019-11-20,['Disney+']
Ferdinand,"Ferdinand, a little bull, prefers sitting quietly under a cork tree just smelling the flowers versus jumping around, snorting, and butting heads with other bulls. As Ferdinand grows big and strong, his temperament remains mellow, but one day five men come to choose the ""biggest, fastest, roughest bull"" for the bullfights in Madrid and Ferdinand is mistakenly chosen.  Based on the classic 1936 children's book by Munro Leaf.",12,movie,364689,/rMm94JsRfcOPiPVsTRcBiiVBOhz.jpg,[337],7.214,10.1491,2017-12-09,['Disney+']
Ralph Breaks the Internet,"Video game bad guy Ralph and fellow misfit Vanellope von Schweetz must risk it all by traveling to the World Wide Web in search of a replacement part to save Vanellope's video game, Sugar Rush. In way over their heads, Ralph and Vanellope rely on the citizens of the internet — the netizens — to help navigate their way, including an entrepreneur named Yesss, who is the head algorithm and the heart and soul of trend-making site BuzzzTube.",12,movie,404368,/iVCrhBcpDaHGvv7CLYbK6PuXZo1.jpg,[337],7.172,12.2735,2018-11-20,['Disney+']
Descendants,"A present-day idyllic kingdom where the benevolent teenage son of King Adam and Queen Belle offers a chance of redemption for the troublemaking offspring of Disney's classic villains: Cruella De Vil (Carlos), Maleficent (Mal), the Evil Queen (Evie) and Jafar (Jay).",12,movie,277217,/65DkgHPSLVjgr6IYkpY9Aqqqid5.jpg,[337],7.14,12.2315,2015-07-31,['Disney+']
The Guardians of the Galaxy Holiday Special,"On a mission to make Christmas unforgettable for Quill, the Guardians head to Earth in search of the perfect present.",12,movie,774752,/8dqXyslZ2hv49Oiob9UjlGSHSTR.jpg,[337],7.114,6.0019,2022-11-24,['Disney+']
Once Upon a Studio,"Created for Disney's 100th anniversary, the short features Mickey Mouse corralling a gallery of legendary Disney characters for a group photo.",16,movie,1139087,/aiy3G1cYWV3LgKZHY6a3jL8bjYL.jpg,[337],8.265,4.1472,2023-09-24,['Disney+']
Piper,"A mother bird tries to teach her little one how to find food by herself. In the process, she encounters a traumatic experience that she must overcome in order to survive.",16,movie,399106,/rfEkkVzmrMYqGezNLl02mVyJCP2.jpg,[337],8.149,3.7286,2016-06-16,['Disney+']
Soul,"Joe Gardner is a middle school teacher with a love for jazz music. After a successful audition at the Half Note Club, he suddenly gets into an accident that separates his soul from his body and is transported to the You Seminar, a center in which souls develop and gain passions before being transported to a newborn child. Joe must enlist help from the other souls-in-training, like 22, a soul who has spent eons in the You Seminar, in order to get back to Earth.",16,movie,508442,/pEz5aROvfy5FBW1OTlrDO3VryWO.jpg,[337],8.111,17.5429,2020-12-25,['Disney+']
Far from the Tree,"On an idyllic beach in the Pacific Northwest, curiosity gets the better of a young raccoon whose frustrated parent attempts to keep them both safe.",16,movie,831827,/b3NhrYsr1X5r7zgjJDRMNOqXZS9.jpg,[337],8.1,1.5764,2021-11-24,['Disney+']
Kitbull,"An unlikely connection sparks between two creatures: a fiercely independent stray kitten and a pit bull. Together, they experience friendship for the first time.",16,movie,574074,/mwKO3cZbxipgd9QAPboJVTDLPiN.jpg,[337],7.965,3.1715,2019-01-18,['Disney+']
Ron's Gone Wrong,"In a world where walking, talking, digitally connected bots have become children's best friends, an 11-year-old finds that his robot buddy doesn't quite work the same as the others do.",16,movie,482321,/plzgQAXIEHm4Y92ktxU6fedUc0x.jpg,[337],7.9,5.4049,2021-10-14,['Disney+']
Inner Workings,"This is the story of the internal struggle between a man's Brain—a pragmatic protector who calculates his every move, and his Heart—a free-spirited adventurer who wants to let loose.",16,movie,406785,/yAV5TRno0dPaxUfj4RhpmdcJfGG.jpg,[337],7.825,2.0083,2016-11-23,['Disney+']
Us Again,"In a vibrant city pulsating with rhythm and movement, an elderly man and his young-at-heart wife rekindle their youthful passion for life and each other on one magical night.",16,movie,779047,/IP5g4EDQdvrXxlf1qbG9WQTdI6.jpg,[337],7.812,2.6268,2021-03-03,['Disney+']
Elemental,"In a city where fire, water, land and air residents live together, a fiery young woman and a go-with-the-flow guy will discover something elemental: how much they have in common.",16,movie,976573,/4Y1WNkd88JXmGfhtWR7dmDAo1T2.jpg,[337],7.62,26.4713,2023-06-14,['Disney+']
Encanto,"The tale of an extraordinary family, the Madrigals, who live hidden in the mountains of Colombia, in a magical house, in a vibrant town, in a wondrous, charmed place called an Encanto. The magic of the Encanto has blessed every child in the family—every child except one, Mirabel. But when she discovers that the magic surrounding the Encanto is in danger, Mirabel decides that she, the only ordinary Madrigal, might just be her exceptional family's last hope.",16,movie,568124,/4j0PNHkMr5ax3IA8tjtxcmPU3QT.jpg,[337],7.595,21.5876,2021-10-13,['Disney+']
Bao,"An aging Chinese mom suffering from empty nest syndrome gets another chance at motherhood when one of her dumplings springs to life as a lively, giggly dumpling boy.",16,movie,514754,/tKz7XRXvdy1i7pW4eotaWZSrAx2.jpg,[337],7.561,2.3478,2018-06-15,['Disney+']
Lou,A Pixar short about a lost-and-found box and the unseen monster within.,16,movie,433471,/4l9wSwvabTefMJ3TkXnh9evzmVV.jpg,[337],7.52,1.1472,2017-06-16,['Disney+']
Tick Tock Tale,"Amidst an old London clock shop, a small, quirky mantle clock comes to the aide of the store's more expensive clocks when a thief breaks in and threatens to steal them away.",16,movie,352812,/adx0vSGKAwSd9rydH6vUJXMkh7x.jpg,[337],7.404,1.2883,2015-08-18,['Disney+']
Ciao Alberto,"With his best friend Luca away at school, Alberto is enjoying his new life in Portorosso working alongside Massimo—the imposing, tattooed, one-armed fisherman of few words—who's quite possibly the coolest human in the entire world as far as Alberto is concerned. He wants more than anything to impress his mentor, but it's easier said than done.",16,movie,876716,/1SyTnaY0wte69oKdqxQLvxPT3hs.jpg,[337],7.401,2.6861,2021-11-11,['Disney+']
"Maggie Simpson in ""Playdate with Destiny""","When Maggie Simpson is rescued by a cute young baby from playground peril, it's girl meets boy, girl loses boy, guess what happens next?",16,movie,673595,/k6fgOq7wPKujibXGWYlcIBgkcwQ.jpg,[337],7.4,1.3916,2020-02-29,['Disney+']
Turning Red,"Thirteen-year-old Mei is experiencing the awkwardness of being a teenager with a twist – when she gets too excited, she transforms into a giant red panda.",16,movie,508947,/qsdjk9oAKSQMWs0Vt5Pyfh6O4GZ.jpg,[337],7.3,15.6806,2022-03-10,['Disney+']
Out,"On an average day, Greg's life is filled with family, love and a rambunctious little dog - but despite all of this, Greg has a secret. Today is different, though. With some help from his precocious pup, and a little bit of magic, Greg might learn that he has nothing to hide.",16,movie,706860,/kU3YYulx2RNB8TYns7a2QR9CqEP.jpg,[337],7.325,0.8264,2020-05-22,['Disney+']
Phineas and Ferb the Movie: Candace Against the Universe,"Phineas and Ferb travel across the galaxy to rescue their older sister Candace, who has been abducted by aliens and taken to a utopia in a far-off planet, free of her pesky little brothers.",16,movie,594328,/afOa3CpPffC3uQCH2fhMaO3AYpB.jpg,[337],7.267,3.4403,2020-08-27,['Disney+']
Float,"A father discovers that his son floats, which makes him different from other kids.  To keep them both safe from the judgement of the world, Dad hides, covers, and grounds him. But when his son's ability becomes public, Dad must decide whether to run and hide or to accept his son as he is.",16,movie,574093,/mgwObpU1NCXfPqF7ZaTpi80mxsF.jpg,[337],7.264,2.3749,2019-11-12,['Disney+']
"The Good, the Bart, and the Loki",Loki is banished from Asgard once again and must face his toughest opponents yet: the Simpsons and Springfield’s mightiest heroes. The God of Mischief teams up with Bart Simpson in the ultimate crossover event paying tribute to the Marvel Cinematic Universe of superheroes and villains.,16,movie,846214,/rtMdtzywcAGOrF6t8fbxJBqpdcq.jpg,[337],7.2,3.4103,2021-07-07,['Disney+']
Auntie Edna,"Taking place during the events of Incredibles 2, Edna Mode babysits Jack-Jack.",16,movie,546728,/cmvGFfq6J63YXvOUGqY5wrZ4b3m.jpg,[337],7.193,1.9212,2018-10-23,['Disney+']
Riley's First Date?,"Riley, now 12, who is hanging out with her parents at home when potential trouble comes knocking. Mom's and Dad's Emotions find themselves forced to deal with Riley going on her first ""date.""",16,movie,355338,/cGLwfmLqg39822RFQMUDat0UJev.jpg,[337],7.189,3.3723,2015-11-03,['Disney+']
Wind,"Set in a world of magical realism, ""Wind"" sees a grandmother and her grandson trapped down an endless chasm, scavenging debris that surrounds them to realize their dream of escaping to a better life.",16,movie,574091,/eCQOiAWjXmRPlktXFEu4vt22Kz2.jpg,[337],7.2,0.3372,2019-12-13,['Disney+']
Lamp Life,Bo Peep explains what happened to herself and her sheep between the events of Toy Story 2 and Toy Story 4.,16,movie,594530,/mJ95RnlammhYb6ZvBbQFLq8Jqnl.jpg,[337],7.114,1.8237,2020-01-31,['Disney+']
The Lion King,"Simba idolizes his father, King Mufasa, and takes to heart his own royal destiny. But not everyone in the kingdom celebrates the new cub's arrival. Scar, Mufasa's brother—and former heir to the throne—has plans of his own. The battle for Pride Rock is ravaged with betrayal, tragedy and drama, ultimately resulting in Simba's exile. With help from a curious pair of newfound friends, Simba will have to figure out how to grow up and take back what is rightfully his.",16,movie,420818,/dzBtMocZuJbjLOXvrl4zGYigDzh.jpg,[337],7.1,26.3014,2019-07-12,['Disney+']
Strange Magic,"A love potion works its devious charms on fairies, elves and the swamp-dwelling Bog King as they all try to possess the potion for themselves.",16,movie,302429,/vjCdrK8gGRFnyuZb1j9BzgN2RaY.jpg,[337],7.1,3.8104,2015-01-23,['Disney+']
Moana 2,"After receiving an unexpected call from her wayfinding ancestors, Moana journeys alongside Maui and a new crew to the far seas of Oceania and into dangerous, long-lost waters for an adventure unlike anything she's ever faced.",16,movie,1241982,/aLVkiINlIeCkcZIzb7XHzPYgO6L.jpg,[337],7.087,184.1288,2024-11-21,['Disney+']
Finding Dory,Dory is reunited with her friends Nemo and Marlin in the search for answers about her past. What can she remember? Who are her parents? And where did she learn to speak Whale?,16,movie,127380,/3UVe8NL1E2ZdUZ9EDlKGJY5UzE.jpg,[337],7.037,7.563,2016-06-16,['Disney+']
Mickey's Tale of Two Witches,"On Halloween, Mickey tells a tale of two witches-in-training, Minnie and Daisy, who must pass four tests to graduate from the With Academy in Happy Haunt Hills.",16,movie,864388,/8j9iIwxFal1Nq8NY4MSLC6Y6bLE.jpg,[337],7.0,1.2175,2021-10-07,['Disney+']
Z-O-M-B-I-E-S 3,"Zed and Addison are beginning their final year at Seabrook High in the town that’s become a safe haven for monsters and humans alike. Zed is anticipating an athletic scholarship that will make him the first Zombie to attend college, while Addison is gearing up for Seabrook’s first international cheer-off competition. Then suddenly, extraterrestrial beings appear around Seabrook, provoking something other than friendly competition.",35,movie,809107,/d77E4mv8FvqPsTunLNNvqiX7Hd4.jpg,[337],7.385,2.7058,2022-07-09,['Disney+']
Tini: The New Life of Violetta,A teen star ventures out to the Italian countryside for a summer and emerges a new artist.,35,movie,360365,/iH1d41fxNGPZ53kvQ6GRUFNwp0F.jpg,[337],7.312,1.8576,2016-05-04,['Disney+']
Prom Pact,"It's prom season, and high school senior Mandy and her best friend and fellow outsider Ben are surrounded by over-the-top ""promposals."" Mandy is only focused on getting into her dream school Harvard, but as she starts tutoring basketball all-star Graham, she must re-evaluate whether her dream school is worth the cost of everything she believes in.",35,movie,932430,/zVgRfuBvsFTU4mFvDt1Qlqo1CRo.jpg,[337],7.269,1.8483,2023-03-30,['Disney+']
Team Thor,Discover what Thor was up to during the events of Captain America: Civil War.,35,movie,413279,/jVSmX89BvsQV2z3wh2IVYVNVw1a.jpg,[337],7.267,2.057,2016-08-28,['Disney+']
Z-O-M-B-I-E-S,"Two star-crossed freshmen – a zombie, Zed and a cheerleader, Addison – each outsiders in their unique ways, befriend each other and work together to show their high school and the Seabrook community what they can achieve when they embrace their differences.",35,movie,483980,/snGVInrnUBK6LrfLZkOdbj5PpJo.jpg,[337],7.2,3.8257,2018-02-16,['Disney+']
Hocus Pocus 2,"29 years since the Black Flame Candle was last lit, the 17th-century Sanderson sisters are resurrected, and they are looking for revenge. Now it's up to three high school students to stop the ravenous witches from wreaking a new kind of havoc on Salem before dawn on All Hallow's Eve.",35,movie,642885,/7ze7YNmUaX81ufctGqt0AgHxRtL.jpg,[337],7.208,7.5775,2022-09-27,['Disney+']
Lady and the Tramp,"The love story between a pampered Cocker Spaniel named Lady and a streetwise mongrel named Tramp. Lady finds herself out on the street after her owners have a baby and is saved from a pack by Tramp, who tries to show her to live her life footloose and collar-free.",35,movie,512895,/8wBEye516IKul9sW7JKGcFXVGfV.jpg,[337],7.196,3.8165,2019-11-12,['Disney+']
Le Pupille,"During WWII, in the days leading up to Christmas, a woman arrives at an Italian Catholic boarding school for orphaned girls with a large cake and a plea for them to pray for her boyfriend, who is having an affair.",35,movie,974586,/tuee2So5p4zWbEznpL8EKRT4cre.jpg,[337],7.014,0.7411,2022-05-27,['Disney+']
22 vs. Earth,"Set before the events of ‘Soul’, 22 refuses to go to Earth, enlisting a gang of 5 new souls in attempt of rebellion. However, 22’s subversive plot leads to a surprising revelation about the meaning of life.",35,movie,811367,/32vLDKSzcCMh55zqqaSqqUA8naz.jpg,[337],6.995,2.2141,2021-04-30,['Disney+']
Mickey and Minnie Wish Upon a Christmas,"After a series of mishaps, Mickey, Minnie and the gang are separated all over the world and must try to get back to Hot Dog Hills by Christmas Eve. A mysterious and jolly stranger shows up to tell them about The Wishing Star, which could be the secret to bringing everybody home in time to celebrate together.",35,movie,864390,/viZ3SvvQi7CRHJxnSKAG2lHU4AK.jpg,[337],7.0,1.1853,2021-12-02,['Disney+']
Chip 'n Dale: Rescue Rangers,"Decades since their successful television series was canceled, Chip has succumbed to a life of suburban domesticity as an insurance salesman. Dale, meanwhile, has had CGI surgery and works the nostalgia convention circuit, desperate to relive his glory days. When a former cast mate mysteriously disappears, Chip and Dale must repair their broken friendship and take on their Rescue Rangers detective personas once again to save their friend’s life.",35,movie,420821,/7UGmn8TyWPPzkjhLUW58cOUHjPS.jpg,[337],7.0,5.4567,2022-05-20,['Disney+']
West Side Story,"Two youngsters from rival New York City gangs fall in love, but tensions between their respective friends build toward tragedy.",80,movie,511809,/yfz3IUoYYSY32tkb97HlUBGFsnh.jpg,[337],6.975,6.1693,2021-12-08,['Disney+']
Home Sweet Home Alone,"After being left at home by himself for the holidays, 10-year-old Max Mercer must work to defend his home from a married couple who tries to steal back a valuable heirloom.",80,movie,654974,/fP3VvqUjEBjawxZHL4sYCq2ZdJD.jpg,[337],4.9,4.8885,2021-11-11,['Disney+']
BTS: Permission to Dance on Stage - LA,"Purple colors the city of Los Angeles, as BTS brings their ""Permission to Dance"" concert to SoFi Stadium for the first time in two years. In a stadium radiating anticipation and cheer, splendid performances from ""On"" to ""Permission to Dance"" glorify the stage that now comes to life on screen. Be united once again by the power of music.",99,movie,1022102,/9pNGRpOOQpZtqMLncEcQDv86OkW.jpg,[337],8.873,0.595,2022-09-08,['Disney+']
Folklore: The Long Pond Studio Sessions,"An intimate concert film, in which Taylor Swift performs each song from her album 'folklore' in order, as she reveals the meaning and the stories behind all 17 tracks for the very first time.",99,movie,768141,/4iroJUn8YuQBekDwGy7r61YHXiu.jpg,[337],8.5,2.6222,2020-11-25,['Disney+']
The Rescue,"The enthralling, against-all-odds story that transfixed the world in 2018: the daring rescue of twelve boys and their coach from deep inside a flooded cave in Northern Thailand.",99,movie,680058,/kC7fVtCkJACwPBaRr2hlj2whfKX.jpg,[337],7.952,1.9624,2021-10-08,['Disney+']
Happier Than Ever: A Love Letter to Los Angeles,"Fresh off the heels of her brand-new album, ""Happier Than Ever,"" this cinematic concert experience features an intimate performance of every song in the album's sequential order – for the first and only time – from the stage of the legendary Hollywood Bowl.",99,movie,853088,/m0f9sDiwYlEtfhUWxc5F2ZW7wfq.jpg,[337],7.872,1.233,2021-09-03,['Disney+']
Before the Flood,"A look at how climate change affects our environment and what society can do to prevent the demise of endangered species, ecosystems, and native communities across the planet.",99,movie,410718,/u0EfH2zsp6rLOvEKVvWGgzGRQn3.jpg,[337],7.693,2.4016,2016-10-21,['Disney+']
"Summer of Soul (...Or, When the Revolution Could Not Be Televised)","During the same summer as Woodstock, over 300,000 people attended the Harlem Cultural Festival, celebrating African American music and culture, and promoting Black pride and unity. The footage from the festival sat in a basement, unseen for over 50 years, keeping this incredible event in America's history lost — until now.",99,movie,776527,/8kNwhqUGvpzWJd60O1Qvb8G6psK.jpg,[337],7.618,2.2463,2021-07-02,['Disney+']
Fire of Love,"A doomed love triangle between intrepid French scientists Katia and Maurice Krafft, and their beloved volcanoes.",99,movie,913823,/9smEX8UP84yb2GisLwyAyQKvCWS.jpg,[337],7.538,2.1155,2022-07-06,['Disney+']
Jane,"Drawing from never-before-seen footage that has been tucked away in the National Geographic archives, director Brett Morgen tells the story of Jane Goodall, a woman whose chimpanzee research revolutionized our understanding of the natural world.",99,movie,470819,/lasO6v47evkx4JfRqf4Rhqp8FZd.jpg,[337],7.478,1.5176,2017-12-28,['Disney+']
Born in China,"Venturing into the wilds of China, ""Born in China"" captures intimate moments with a panda bear and her growing cub, a young golden monkey who feels displaced by his baby sister, and a mother snow leopard struggling to raise her two cubs.",99,movie,355277,/c8xdrR1ZtCXMmaxyxYwaGSndvV9.jpg,[337],7.355,1.582,2016-08-12,['Disney+']
Encanto at the Hollywood Bowl,"Step into Casa Madrigal for a special concert spectacular as the original voice cast of Disney Animation's Oscar®-winning ""Encanto,"" Stephanie Beatriz, Adassa, Carolina Gaitán, Jessica Darrow, Diane Guerrero, Mauro Castillo, Angie Cepeda and Olga Merediz, along with special guests including Colombian superstar Carlos Vives, reunites for ""Encanto at the Hollywood Bowl."" This unprecedented concert experience gives you a front-row seat to the musical extravaganza celebrating the global phenomenon.",99,movie,1041513,/sa3Ku5yNVjp8NloWxJoI9dQjvOi.jpg,[337],7.0,5.0074,2022-12-27,['Disney+']
Monkey Kingdom,"A newborn monkey and its mother struggle to survive within the competitive social hierarchy of the Temple Troop, a dynamic group of monkeys who live in ancient ruins found deep in the storied jungles of South Asia.",99,movie,295592,/ngf4XquNwVTm4OFuYcnQAkVyT1H.jpg,[337],6.963,2.029,2015-04-16,['Disney+']
Obi-Wan Kenobi: A Jedi's Return,"This special explores the return of Obi-Wan Kenobi and Anakin Skywalker to the screen, as well as Ewan McGregor and Hayden Christensen to their classic roles. Director Deborah Chow leads the cast and crew as they create new heroes and villains that live alongside new incarnations of beloved Star Wars characters, and an epic story that dramatically bridges the saga films.",99,movie,1015606,/vQGgvXjoMZf8x1m3BHsMxVXPyck.jpg,[337],6.794,2.5445,2022-09-07,['Disney+']
The Art of Racing in the Rain,"A family dog – with a near-human soul and a philosopher's mind – evaluates his life through the lessons learned by his human owner, a race-car driver.",18,movie,522924,/mi5VN4ww0JZgRFJIaPxxTGKjUg7.jpg,[337],8.199,4.4499,2019-08-08,['Disney+']
Hamilton,"Presenting the tale of American founding father Alexander Hamilton, this filmed version of the original Broadway smash hit is the story of America then, told by America now.",18,movie,556574,/h1B7tW0t399VDjAcWJh8m87469b.jpg,[337],8.158,3.6795,2020-07-03,['Disney+']
Flamin' Hot,"The inspiring true story of Richard Montañez, the Frito Lay janitor who channeled his Mexican American heritage and upbringing to turn the iconic Flamin' Hot Cheetos into a snack that disrupted the food industry and became a global pop culture phenomenon.",18,movie,626332,/a7KyFMPXj0iY4EoLq1PIGU1WJPw.jpg,[337],7.95,5.4414,2023-03-11,['Disney+']
Young Woman and the Sea,"This is the extraordinary true story of Trudy Ederle, the first woman to successfully swim the English Channel. Through the steadfast support of her older sister and supportive trainers, she overcame adversity and the animosity of a patriarchal society to rise through the ranks of the Olympic swimming team and complete the 21-mile trek from France to England.",18,movie,774531,/bZlecCuBVvKuarNGvchBwaOsQ3c.jpg,[337],7.9,4.4503,2024-05-31,['Disney+']
Rise,"After emigrating to Greece from Nigeria, Vera and Charles Antetokounmpo struggled to survive and provide for their five children, while living under the daily threat of deportation. Desperate to obtain Greek citizenship but undermined by a system that blocked them at every turn, the family's vision, determination and faith lifted them out of obscurity to launch the careers of three NBA champions.",18,movie,759054,/slkVQhehnP3h40y7mfbYDfv8sWB.jpg,[337],7.609,2.1572,2022-06-23,['Disney+']
Safety,"The story of Ray-Ray McElrathbey, a freshman football player for Clemson University, who secretly raised his younger brother on campus after his home life became too unsteady.",18,movie,727306,/qakkhhfyPv9YAm7225oGL00YBbo.jpg,[337],7.5,1.2367,2020-12-11,['Disney+']
"McFarland, USA",A track coach in a small California town transforms a team of athletes into championship contenders.,18,movie,228203,/yyhniD8A7Mv6SOn8oo1Ba2K0mKc.jpg,[337],7.453,7.4942,2015-02-20,['Disney+']
Queen of Katwe,A young girl overcomes her disadvantaged upbringing in the slums of Uganda to become a Chess master.,18,movie,317557,/m8V2ud6uhV7qH6wEDoQ4Ujw99ji.jpg,[337],7.249,3.7002,2016-09-23,['Disney+']
The Little Prince(ss),"When Gabriel, a 7-year-old Chinese kid who loves ballet, becomes friends with Rob, another Chinese kid from school, Rob’s dad gets suspicious about Gabriel's feminine behavior and decides to intervene.",18,movie,818370,/4O65UNeSnWqRcuTUFcy75PluCzz.jpg,[337],7.1,1.1389,2021-05-28,['Disney+']
The Jungle Book,"A man-cub named Mowgli fostered by wolves. After a threat from the tiger Shere Khan, Mowgli is forced to flee the jungle, by which he embarks on a journey of self discovery with the help of the panther, Bagheera and the free-spirited bear, Baloo.",18,movie,278927,/2Epx7F9X7DrFptn4seqn4mzBVks.jpg,[337],6.863,13.526,2016-04-07,['Disney+']
Cinderella,"When her father unexpectedly passes away, young Ella finds herself at the mercy of her cruel stepmother and her daughters. Never one to give up hope, Ella's fortunes begin to change after meeting a dashing stranger in the woods.",18,movie,150689,/j91LJmcWo16CArFOoapsz84bwxb.jpg,[337],6.824,16.8192,2015-03-06,['Disney+']
Harry and Meghan: Escaping the Palace,The Duke and Duchess of Sussex are taking on the British monarchy in the third installment in Lifetime’s movie trilogy about the royal couple. The film explores what really happened inside the palace that drove Harry and Meghan to leave everything behind in order to make a future for themselves and their son Archie.,18,movie,858717,/plfWQnlLaiPoayrj2a0EJOhPw97.jpg,[337],6.7,0.3995,2021-09-06,['Disney+']
Descendants: The Royal Wedding,"Happily-ever-after continues for Auradon's power couple as they prepare to say ""I do"" at an epic celebration with their friends and family, but Hades threatens to ruin it all.",18,movie,805411,/bpV3a3OqfNmCXFrgB3DZKSRguPV.jpg,[337],6.7,2.3724,2021-08-13,['Disney+']
Christmas ...Again?!,"Rowena ""Ro"" is a high-spirited 11-year-old hoping to add more spunk to her Christmas celebrations when her parents’ divorce is going anything but smoothly.",18,movie,762879,/tCE4EHfSfGJHKSBIvbSCtplElLE.jpg,[337],6.6,1.2511,2021-12-03,['Disney+']
Haunted Mansion,A woman and her son enlist a motley crew of so-called spiritual experts to help rid their home of supernatural squatters.,18,movie,616747,/8Im6DknDVxRiGXc5t8rVOJyzuNx.jpg,[337],6.478,5.8581,2023-07-26,['Disney+']
Z-O-M-B-I-E-S 2,"Zed and Addison are back at Seabrook High, where, after a groundbreaking semester, they continue to steer both their school and community toward unity. But the arrival of a new group of outsiders – mysterious werewolves – threatens to shake up the newfound peace and causes a rift in Zed and Addison’s budding romance.",14,movie,599521,/dFNhlaPEeDhimwZ0eenpwe1x5Tm.jpg,[337],7.5,3.0021,2020-06-13,['Disney+']
Upside-Down Magic,"Nory and her best friend Reina enter the Sage Academy for Magical Studies, where Nory’s unconventional powers land her in a class for those with wonky, or “upside-down,” magic. Undaunted, Nory sets out to prove that that upside-down magic can be just as powerful as right-side-up.",14,movie,671583,/r2MfnMmFzGvRvjGVLIuyx3R16a6.jpg,[337],7.147,7.0035,2020-07-31,['Disney+']
Under the Sea: A Descendants Story,Mal emerges from the shadows of a mystical forest onto a dark coastline where she crosses paths with Dizzy.,14,movie,551298,/jIJL0VJ8McvJcdaRgi8AwVbdxwU.jpg,[337],7.1,2.2151,2018-09-28,['Disney+']
Aladdin,A kindhearted street urchin named Aladdin embarks on a magical adventure after finding a lamp that releases a wisecracking genie while a power-hungry Grand Vizier vies for the same lamp that has the power to make their deepest wishes come true.,14,movie,420817,/ykUEbfpkf8d0w49pHh0AD2KrT52.jpg,[337],7.096,16.7822,2019-05-22,['Disney+']
Beauty and the Beast,A live-action adaptation of Disney's version of the classic tale of a cursed prince and a beautiful young woman who helps him break the spell.,14,movie,321612,/hKegSKIDep2ewJWPUQD7u0KqFIp.jpg,[337],6.971,39.7359,2017-03-16,['Disney+']
Team Thor: Part 2,"A continuation of the documentary spoof of what Thor and his roommate Darryl were up to during the events of ""Captain America: Civil War"". While Cap and Iron Man duke it out, Thor tries to pay Darryl his rent in Asgardian coins.",14,movie,441829,/9Vt1OLu3BrKy1IQFK3QyzpR1LVm.jpg,[337],6.955,2.3253,2017-02-14,['Disney+']
Once Upon a Snowman,"The previously untold origins of Olaf, the innocent and insightful, summer-loving snowman are revealed as we follow Olaf’s first steps as he comes to life and searches for his identity in the snowy mountains outside Arendelle.",14,movie,741074,/hddzYJtfYYeMDOQVcH58n8m1W3A.jpg,[337],6.9,2.1717,2020-10-23,['Disney+']
Descendants: The Rise of Red,"After the Queen of Hearts incites a coup on Auradon, her rebellious daughter Red and Cinderella's perfectionist daughter Chloe join forces and travel back in time to try to undo the traumatic event that set Red's mother down her villainous path.",14,movie,974262,/8fYluTtB3b3HKO7KQa5tzrvGaps.jpg,[337],6.883,17.1227,2024-07-11,['Disney+']
Tangled: Before Ever After,"Rapunzel grapples with the responsibilities of being a princess and the overprotective ways of her father. While she wholeheartedly loves Eugene, Rapunzel does not share his immediate desire to get married and settle down within the castle walls. Determined to live life on her own terms, she and her tough-as-nails Lady-in-Waiting Cassandra embark on a secret adventure where they encounter mystical rocks that magically cause Rapunzel's long blonde hair to grow back. Impossible to break and difficult to hide, Rapunzel must learn to embrace her hair and all that it represents.",14,movie,438747,/zj82L9maBSW6CAVZltBoFBSuTk1.jpg,[337],6.808,3.512,2017-03-10,['Disney+']
Teen Beach 2,"When characters from the movie musical “Wet Side Story” get stuck in the real world, teens Brady and Mack must find a way to return them home.",14,movie,325189,/5hm2P8pMoeJlETIaSP6OWR0Lu7c.jpg,[337],6.774,2.0509,2015-06-26,['Disney+']
Godmothered,"A young and unskilled fairy godmother that ventures out on her own to prove her worth by tracking down a young girl whose request for help was ignored. What she discovers is that the girl has now become a grown woman in need of something very different than a ""prince charming.""",14,movie,662546,/80tDCErk6ymHS7YfvqJcbnnTtqa.jpg,[337],6.7,2.5263,2020-12-04,['Disney+']
Disenchanted,"Disillusioned with life in the city, feeling out of place in suburbia, and frustrated that her happily ever after hasn’t been so easy to find, Giselle turns to the magic of Andalasia for help. Accidentally transforming the entire town into a real-life fairy tale and placing her family’s future happiness in jeopardy, she must race against time to reverse the spell and determine what happily ever after truly means to her and her family.",14,movie,338958,/uyNLq2Dc3s4IOdcYTU8ZtM2lTjb.jpg,[337],6.716,4.3473,2022-11-18,['Disney+']
The New Mutants,"Five young mutants, just discovering their abilities while held in a secret facility against their will, fight to escape their past sins and save themselves.",27,movie,340102,/xiDGcXJTvu1lazFRYip6g1eLt9c.jpg,[337],6.098,8.8287,2020-04-02,['Disney+']
TAYLOR SWIFT | THE ERAS TOUR,"The cultural phenomenon continues on the big screen! Immerse yourself in this once-in-a-lifetime concert film experience with a breathtaking, cinematic view of the history-making tour.",10402,movie,1160164,/jf3YO8hOqGHCupsREf5qymYq1n.jpg,[337],8.218,4.0034,2023-10-13,['Disney+']
Black Is King,"This visual album from Beyoncé reimagines the lessons of ""The Lion King"" (2019) for today's young kings and queens in search of their own crowns.",10402,movie,719643,/2u1cyQgBpWWypISdbUDCu2hasGV.jpg,[337],7.3,1.1483,2020-07-30,['Disney+']
Tomorrowland,"Bound by a shared destiny, a bright, optimistic teen bursting with scientific curiosity and a former boy-genius inventor jaded by disillusionment embark on a danger-filled mission to unearth the secrets of an enigmatic place somewhere in time and space that exists in their collective memory as ""Tomorrowland.""",9648,movie,158852,/kziYpr5Nfw60P0My8aj1sgCEqed.jpg,[337],6.28,12.5423,2015-05-19,['Disney+']
Harry & Meghan: A Royal Romance,"Examine the history of Prince Harry and Meghan Markle from the moment they met after being set up by friends, through their initial courtship when they were able to keep their romance under wraps, and ultimately the intense global media attention surrounding their relationship and Meghan’s life as a divorced American actress.",10749,movie,518527,/2ODzSaM8EKF28mGjNTH3ptb3BJu.jpg,[337],7.0,1.2711,2018-05-13,['Disney+']
Snowed Inn Christmas,"Jenna Hudson and Kevin Jenner are polar opposites working for the same online publication in New York City. With both having nowhere they want to be for Christmas, they volunteer for a special writing assignment. After a snowstorm forces their plane to land in none other than Santa Claus, Indiana, the two are placed in a Christmas Wonderland and the focus of their story shifts to saving the historic town inn run by Carol and Christopher Winters. As the two overcome their differences, they also rediscover the magic of Christmas. But with the inn's fate in jeopardy and the return of someone from Jenna's past, Carol and Christopher lend a helping hand to bring Jenna and Kevin together.",10749,movie,492141,/1GdsUysHya4mdlcZ1ALlBJ3nyqb.jpg,[337],6.9,1.2057,2017-12-12,['Disney+']
The Little Mermaid,"The youngest of King Triton’s daughters, and the most defiant, Ariel longs to find out more about the world beyond the sea, and while visiting the surface, falls for the dashing Prince Eric. With mermaids forbidden to interact with humans, Ariel makes a deal with the evil sea witch, Ursula, which gives her a chance to experience life on land, but ultimately places her life – and her father’s crown – in jeopardy.",10749,movie,447277,/cJbKUdbWcIFDuHhs6uvOfacemc4.jpg,[337],6.316,17.5032,2023-05-18,['Disney+']
Lightyear,Legendary Space Ranger Buzz Lightyear embarks on an intergalactic adventure alongside a group of ambitious recruits and his robot companion Sox.,878,movie,718789,/b9t3w1loraDh7hjdWmpc9ZsaYns.jpg,[337],6.937,6.5484,2022-06-15,['Disney+']
LEGO Star Wars Terrifying Tales,"Poe Dameron and BB-8 must face the greedy crime boss Graballa the Hutt, who has purchased Darth Vader’s castle and is renovating it into the galaxy’s first all-inclusive Sith-inspired luxury hotel.",878,movie,857702,/fYiaBZDjyXjvlY6EDZMAxIhBO1I.jpg,[337],6.9,1.8098,2021-10-01,['Disney+']
"Maggie Simpson in ""The Force Awakens from Its Nap""","In a daycare far, far away… but still in Springfield, Maggie is on an epic quest for her stolen pacifier. Her adventure brings her face-to-face with young Padawans, Sith Lords, familiar droids, Rebel scum, and an ultimate battle against the dark side, in this original short celebrating the Star Wars galaxy.",878,movie,825597,/ou1cuRaV22FbDq8oEZeyR6C6P6l.jpg,[337],6.6,0.9923,2021-05-04,['Disney+']
Smash and Grab,"After years of toiling away inside the engine room of a towering locomotive, two antiquated robots will risk everything for freedom and for each other.",878,movie,532952,/bsDQdjuGAhj6JrmCKVBFTUBeIrb.jpg,[337],6.577,0.3594,2019-01-18,['Disney+']
LEGO Star Wars Holiday Special,"As her friends prep for a Life Day holiday celebration, Rey journeys with BB-8 on a quest to gain a deeper knowledge of the Force at a mysterious Jedi Temple. There, she embarks on a cross-timeline adventure through beloved moments in Star Wars history, coming into contact with iconic heroes and villains from all eras of the saga. But will she make it back in time for the Life Day feast?",878,movie,732670,/zyzJSI7UZZzz5Toj10rYGF5689z.jpg,[337],6.555,2.5573,2020-11-17,['Disney+']
Strange World,"A journey deep into an uncharted and treacherous land, where fantastical creatures await the legendary Clades—a family of explorers whose differences threaten to topple their latest, and by far most crucial, mission.",878,movie,877269,/jXGMJUq9zcrScs02qkQuCtmWwaI.jpg,[337],6.311,5.7286,2022-11-23,['Disney+']
Star Wars: The Rise of Skywalker,"The surviving Resistance faces the First Order once again as the journey of Rey, Finn and Poe Dameron continues. With the power and knowledge of generations behind them, the final battle begins.",878,movie,181812,/db32LaOibwEliAmSL2jjDF6oDdj.jpg,[337],6.299,13.994,2019-12-18,['Disney+']
Ant-Man and the Wasp: Quantumania,"Super-Hero partners Scott Lang and Hope van Dyne, along with with Hope's parents Janet van Dyne and Hank Pym, and Scott's daughter Cassie Lang, find themselves exploring the Quantum Realm, interacting with strange new creatures and embarking on an adventure that will push them beyond the limits of what they thought possible.",878,movie,640146,/qnqGbB22YJ7dSs4o6M7exTpNxPz.jpg,[337],6.291,9.3709,2023-02-15,['Disney+']
Team Darryl,"Fresh off being unseated as the ruler of Sakaar, the Grandmaster makes his way to Earth to start a new life. It's been over a year since Thor left Australia and Darryl has been struggling to pay his rent. Now Darryl needs a new roommate to help make the monthly payments. Unfortunately for Darryl, the Grandmaster was the only one who answered Darryl's ""Roommate Needed"" ad and with no viable options, the Grandmaster moves in.",878,movie,505945,/axlLFvTfV4W8zbWby7H4vf1vMPq.jpg,[337],6.227,1.7081,2018-02-20,['Disney+']
Ice Age: Collision Course,"Set after the events of Continental Drift, Scrat's epic pursuit of his elusive acorn catapults him outside of Earth, where he accidentally sets off a series of cosmic events that transform and threaten the planet. To save themselves from peril, Manny, Sid, Diego, and the rest of the herd leave their home and embark on a quest full of thrills and spills, highs and lows, laughter and adventure while traveling to exotic new lands and locations.",878,movie,278154,/dWyaaP1dmW5peBvgiVaugdRuyYD.jpg,[337],6.101,11.0451,2016-06-23,['Disney+']
The Marvels,"Carol Danvers, aka Captain Marvel, has reclaimed her identity from the tyrannical Kree and taken revenge on the Supreme Intelligence. But unintended consequences see Carol shouldering the burden of a destabilized universe. When her duties send her to an anomalous wormhole linked to a Kree revolutionary, her powers become entangled with that of Jersey City super-fan Kamala Khan, aka Ms. Marvel, and Carol’s estranged niece, now S.A.B.E.R. astronaut Captain Monica Rambeau. Together, this unlikely trio must team up and learn to work in concert to save the universe.",878,movie,609681,/9GBhzXMFjgcZ3FdR9w3bUMMTps5.jpg,[337],6.0,12.9606,2023-11-08,['Disney+']
Morbius,"Dangerously ill with a rare blood disorder, and determined to save others suffering his same fate, Dr. Michael Morbius attempts a desperate gamble. What at first appears to be a radical success soon reveals itself to be a remedy potentially worse than the disease.",878,movie,526896,/6JjfSchsU6daXk2AKX8EEBjO3Fm.jpg,[337],5.977,8.2284,2022-03-30,['Disney+']
Dark Phoenix,"The X-Men face their most formidable and powerful foe when one of their own, Jean Grey, starts to spiral out of control. During a rescue mission in outer space, Jean is nearly killed when she's hit by a mysterious cosmic force. Once she returns home, this force not only makes her infinitely more powerful, but far more unstable. The X-Men must now band together to save her soul and battle aliens that want to use Grey's new abilities to rule the galaxy.",878,movie,320288,/cCTJPelKGLhALq3r51A9uMonxKj.jpg,[337],5.972,10.4179,2019-06-05,['Disney+']
A Wrinkle in Time,"After the disappearance of her scientist father, three peculiar beings send Meg, her brother, and her friend to space in order to find him.",878,movie,407451,/yAcb58vipewa1BfNit2RjE6boXA.jpg,[337],5.064,4.5727,2018-03-08,['Disney+']
The Swap,"Based on the book by Megan Shull, The Swap follows the adventures of a rhythmic gymnast named Ellie with a make-it-or-break-it competition, and the younger brother named Jack in a hockey family who's vying for a varsity spot on his school team. But when a simple text causes the two to swap bodies, their paths take an unexpected cross.",10770,movie,417028,/4GvjFcWaSnVrbHjFof1Sy8tZK1r.jpg,[337],6.7,2.2311,2016-10-07,['Disney+']
Invisible Sister,"Teenager Cleo's school science project goes quite awry, causing her popular older sister Molly to go invisible.",10770,movie,360605,/seWQvVIzb5xBjHW0Y1h4jvokxZN.jpg,[337],6.711,1.861,2015-12-10,['Disney+']
Muppets Haunted Mansion,Gonzo is challenged to spend one night in The Haunted Mansion on Halloween night.,10770,movie,826914,/yTQbZCxZ4amGZKC9ETjTr7ZAH7L.jpg,[337],6.4,1.5171,2021-10-08,['Disney+']
Bad Hair Day,"Monica is desperate to be prom queen, but on the big night, her hair is an uncontrollable mess. Meanwhile, FBI agent Liz Morgan is on the hunt for a jewel thief who is looking for a stolen necklace, which Monica has in her possession. Soon, she and the agent chase the jewel thief, and she's whizzed on a wild adventure in the city.",10770,movie,317198,/8gsWYYYOCVWFy2JyMD7HRg6KfyC.jpg,[337],6.437,2.3437,2015-02-13,['Disney+']
Ice Age: The Great Egg-Scapade,"A harried prehistoric bird mother entrusts her precious, soon-to-hatch egg to Sid. When she recommends him to her neighbours, business booms at his new egg-sitting service. However, dastardly pirate bunny, Squint, who is seeking revenge on the herd, steals, camouflages and hides all the eggs. Once again, with Squint’s twin brother assisting, Manny, Diego and the rest of the gang come to the rescue and take off on a daring mission that turns into the world’s first Easter egg hunt.",10770,movie,387893,/ysQqYp9G37Q114Nc6uvCHbDmaj6.jpg,[337],6.376,6.1627,2016-03-19,['Disney+']
Kim Possible,"Everyday teen hero Kim Possible and her best friend Ron Stoppable embark on their freshman year of high school, all while saving the world from evil villains. While Kim and Ron have always been one step ahead of their opponents, navigating the social hierarchy of high school is more challenging than the action-hero ever imagined. With Drakken and Shego lurking in the wings, Kim must rely on her family and Team Possible—Ron, tech-genius Wade, new friend Athena, and Rufus, a Naked mole-rat.",10770,movie,520720,/t37Xa74GFO1R3kebocqSV4hFrPO.jpg,[337],5.526,2.4833,2019-02-15,['Disney+']
Freaky Friday,"When an overworked mother and her teenage daughter magically swap bodies, they have just one day to put things right again before mom’s big wedding.",10770,movie,505904,/aD1GTKtSAyQIumPoUjslk6IzHxA.jpg,[337],5.2,2.1586,2018-09-14,['Disney+']
The Owl House,"An animated fantasy-comedy series that follows Luz, a self-assured teenage girl who accidentally stumbles upon a portal to a magical world where she befriends a rebellious witch, Eda, and an adorably tiny warrior, King. Despite not having magical abilities, Luz pursues her dream of becoming a witch by serving as Eda's apprentice at the Owl House and ultimately finds a new family in an unlikely setting.",10759,tv,92685,/zqjSex7DZn7p4dU7mMktdJ8zQV5.jpg,[337],8.661,34.7396,,['Disney+']
Gravity Falls,"Twin brother and sister Dipper and Mabel Pines are in for an unexpected adventure when they spend the summer helping their great uncle Stan run a tourist trap in the mysterious town of Gravity Falls, Oregon.",10759,tv,40075,/dNxEEK5CdNQbp4YcEtICXelRqvP.jpg,[337],8.594,47.3292,,['Disney+']
X-Men '97,"The X-Men, a band of mutants who use their uncanny gifts to protect a world that hates and fears them, are challenged like never before, forced to face a dangerous and unexpected new future.",10759,tv,138502,/9Ycz7yYRf9V4jk3YXwcZhFtbNcF.jpg,[337],8.551,10.6639,,['Disney+']
Amphibia,"The adventures of 13-year-old, self-centered Anne Boonchuy who is magically transported to the fictitious world of Amphibia, a rural marshland full of frog-people. With the help of an excitable young frog named Sprig, Anne will become a hero and discover the first true friendship of her life.",10759,tv,85349,/bFCgv9iWZECWSDxNQYc9soqvwjx.jpg,[337],8.6,23.1442,,['Disney+']
Star Wars: The Clone Wars,"Yoda, Obi-Wan Kenobi, Anakin Skywalker, Mace Windu and other Jedi Knights lead the Grand Army of the Republic against the droid army of the Separatists.",10759,tv,4194,/e1nWfnnCVqxS2LeTO3dwGyAsG2V.jpg,[337],8.461,81.1764,,['Disney+']
The Mandalorian,"After the fall of the Galactic Empire, lawlessness has spread throughout the galaxy. A lone gunfighter makes his way through the outer reaches, earning his keep as a bounty hunter.",10759,tv,82856,/eU1i6eHXlzMOlEq0ku1Rzq7Y4wA.jpg,[337],8.425,31.9385,,['Disney+']
Star vs. the Forces of Evil,"Intergalactic warrior Star Butterfly arrives on Earth to live with the Diaz family. She continues to battle villains throughout the universe and high school, mainly to protect her extremely powerful wand, an object that still confuses her.",10759,tv,61923,/dKFL1AOdKNoazqZDg1zq2z69Lx1.jpg,[337],8.366,74.4695,,['Disney+']
Kickin' It,"Run by Sensei Rudy, the Bobby Wasabi Martial Arts Academy is the worst dojo in the nationwide Bobby Wasabi chain and is in danger of closing. But things change when Jack reluctantly joins the dojo and meets his new crew, including tough guy slacker Jerry and confident martial arts expert Kim. The crew teaches a group of neighborhood goofballs about life, karate, and how to ""kick it."" Jack and the gang quickly realize their newfound friendship will take them places they've never imagined and, united, they can become unstoppable.",10759,tv,32716,/40qRQPoUnCx6g50NIyQBS0OdxaP.jpg,[337],8.3,20.529,,['Disney+']
Spider-Man,"Bitten by a neogenetic spider, Peter Parker develops spider-like superpowers. He uses these to fight crime while trying to balance it with the struggles of his personal life.",10759,tv,888,/peN9aqevr0edVoctVKGZDWFdTRl.jpg,[337],8.283,24.8711,,['Disney+']
Star Wars: Andor,"In an era filled with danger, deception and intrigue, Cassian Andor will discover the difference he can make in the struggle against the tyrannical Galactic Empire. He embarks on a path that is destined to turn him into a rebel hero.",10759,tv,83867,/y0j9HbsWnkn1TlT6Y52ZrsvysgU.jpg,[337],8.2,30.6717,,['Disney+']
Star Wars: The Bad Batch,The 'Bad Batch' of elite and experimental clones make their way through an ever-changing galaxy in the immediate aftermath of the Clone Wars.,10759,tv,105971,/cDQAvfgAqnKuklerrZylZr6PCQa.jpg,[337],8.213,14.9869,,['Disney+']
The Avengers: Earth's Mightiest Heroes,"When the powers of a single hero are not enough to save the world, the world’s greatest heroes—Iron Man, Thor, Captain America, The Hulk, Ant-Man/Giant Man and Wasp—assemble to form the Avengers.",10759,tv,33623,/r1JDhMrqCOZKh7lc0vQlRYQ46cE.jpg,[337],8.2,34.2859,,['Disney+']
X-Men,"The X-Men are an elite team of mutants, genetically gifted human beings with superpowers, sworn to fight for mutant rights against hostile Government agencies, whilst at the same time protecting mankind from mutant supremacist Magneto who seeks to destroy the human race in return for the atrocities committed against mutant kind.",10759,tv,4574,/pHpgvAC1FwSIC2THfuCO6mAoGa2.jpg,[337],8.179,16.3436,,['Disney+']
Marvel's Daredevil,Lawyer-by-day Matt Murdock uses his heightened senses from being blinded as a young boy to fight crime at night on the streets of Hell’s Kitchen as Daredevil.,10759,tv,61889,/QWbPaDxiB6LW2LjASknzYBvjMj.jpg,[337],8.2,56.9452,,['Disney+']
Marvel's The Punisher,A former Marine out to punish the criminals responsible for his family's murder finds himself ensnared in a military conspiracy.,10759,tv,67178,/c86aUAhACPyloPtL2CH4ZP5hO7V.jpg,[337],8.119,33.534,,['Disney+']
Kick Buttowski: Suburban Daredevil,"Clarence Buttowski, a young boy, aspires to become the world's greatest daredevil, as he gets help from Gunther, his loyal friend and partner-in-crime.",10759,tv,17572,/syxcG3suyf3U00z5HOuLbZ9eozl.jpg,[337],8.116,20.9499,,['Disney+']
What If...?,"Taking inspiration from the comic books of the same name, each episode of this animated anthology series questions, revisits and twists classic Marvel Cinematic moments.",10759,tv,91363,/lztz5XBMG1x6Y5ubz7CxfPFsAcW.jpg,[337],8.1,21.5337,,['Disney+']
Gargoyles,"In Scotland, 994 A.D. Goliath and his clan of gargoyles defend a medieval castle. In present day, David Xanatos buys the castle and moves it to New York City. When the castle is attacked the gargoyles are awakened from a 1000 year curse.",10759,tv,1719,/ivKO0IfHbgrZz3UZU3IixnMTjNd.jpg,[337],8.104,20.6168,,['Disney+']
Star Wars: Tales of the Jedi,Journey into the lives of two distinctly different Jedi from the prequel era – Ahsoka Tano and Count Dooku. Each will be put to the test as they make choices that will define their destinies.,10759,tv,203085,/k3nWQb0E8mLSR8acSkJP78VRVMv.jpg,[337],8.0,5.7894,,['Disney+']
Pair of Kings,"Brady and Boomer, 16-year-old fraternal twins, are typical teens being raised by relatives  in Chicago.  But when the Royal Secretary to the Throne of the Island of Kinkou, arrives to inform the boys of their lineage, their lives change drastically.  Now, Brady and Boomer must relocate and claim the throne as joint Kings of the island.",10759,tv,31628,/k8OQOO5DWtBTgTtc1xoXxYSCy5O.jpg,[337],8.0,21.8225,,['Disney+']
X-Men: Evolution,"Teenagers Cyclops, Jean Grey, Rogue, Nightcrawler, Shadowcat, and Spike fight for a world that fears and hates them.",10759,tv,668,/At5aZIKkN8zHTAXOnQR9D3b7usW.jpg,[337],7.946,19.1244,,['Disney+']
Hawkeye,"Former Avenger Clint Barton has a seemingly simple mission: get back to his family for Christmas. Possible? Maybe with the help of Kate Bishop, a 22-year-old archer with dreams of becoming a superhero. The two are forced to work together when a presence from Barton’s past threatens to derail far more than the festive spirit.",10759,tv,88329,/ct5pNE5dDHryHLDnxyZPYcqO1sz.jpg,[337],7.847,24.6558,,['Disney+']
Your Friendly Neighborhood Spider-Man,"Peter Parker is on his way to becoming a hero, but his path to get there is anything but ordinary.",10759,tv,138503,/kjcsNeqF52YUQ2rUBGLMHwLkxvR.jpg,[337],7.78,11.5129,,['Disney+']
Star Wars: Clone Wars,"During the Clone Wars, Jedi Master Obi-Wan Kenobi leads an assault on the planet Muunilinst, home of the Intergalactic Banking Clan; and his Padawan, Anakin Skywalker, is appointed by Supreme Chancellor Palpatine to lead the Republic’s space forces. Meanwhile, Separatist leader and Sith Lord Count Dooku takes in Force-sensitive gladiator Asajj Ventress as his Sith apprentice, and tasks her with eliminating Skywalker.",10759,tv,3122,/jKfAVTGkf9qpGPZ4E1pNKdW6vra.jpg,[337],7.775,13.1493,,['Disney+']
American Dragon: Jake Long,"American Dragon is a coming of age comedy-action series about Jake Long, a 13-year-old Asian-American boy who strives to find balance in his life as a skateboard-grinding, New York 'tween while learning to master his mystical powers (in his secret identity) as the American Dragon, the protector and guardian of all magical creatures secretly living amidst the human world.",10759,tv,346,/ntsNm1IiARWtUgNY9SI7VRCLOVD.jpg,[337],7.737,24.81,,['Disney+']
Parallels,Four teenagers' lives are turned upside down when a mysterious event propels them into parallel dimensions.,10759,tv,118906,/o259EJfN0tQl7smNXs7Rpz4t8H0.jpg,[337],7.715,1.6375,,['Disney+']
Moon Knight,"When Steven Grant, a mild-mannered gift-shop employee, becomes plagued with blackouts and memories of another life, he discovers he has dissociative identity disorder and shares a body with mercenary Marc Spector. As Steven/Marc’s enemies converge upon them, they must navigate their complex identities while thrust into a deadly mystery among the powerful gods of Egypt.",10759,tv,92749,/9T4e6kA8tVtIK9GZ1Cy1QMvK9js.jpg,[337],7.692,14.2234,,['Disney+']
Marvel's Ultimate Spider-Man,"While being trained by S.H.I.E.L.D., Spider-Man battles evil with a new team of teen colleagues.",10759,tv,34391,/eXtlDP6kgUyYw0G2L9AxSWUp14Q.jpg,[337],7.677,18.2268,,['Disney+']
The Falcon and the Winter Soldier,"Following the events of “Avengers: Endgame”, the Falcon, Sam Wilson and the Winter Soldier, Bucky Barnes team up in a global adventure that tests their abilities, and their patience.",10759,tv,88396,/6kbAMLteGO8yyewYau6bJ683sw7.jpg,[337],7.633,19.1234,,['Disney+']
Star Wars: Tales of the Empire,A journey into the fearsome Galactic Empire through the eyes of two warriors on divergent paths.,10759,tv,251091,/qA28nLteurVboSSzltuyYt1lvlC.jpg,[337],7.6,5.7887,,['Disney+']
Marvel's Avengers,"The further adventures of the Marvel Universe's mightiest general membership superhero team. With an all-star roster consisting of Iron Man, Captain America, Thor, Hulk, Hawkeye, Falcon and, occasionally--when she feels like it and only when she feels like it--Black Widow, the Avengers are a team in the truest sense. The Avengers save the world from the biggest threats imaginable--threats no single super hero could withstand.",10759,tv,59427,/aVYPq7FSvsdNQOXVIFnndXJPCXn.jpg,[337],7.573,35.8857,,['Disney+']
The Book of Boba Fett,Legendary bounty hunter Boba Fett and mercenary Fennec Shand must navigate the galaxy’s underworld when they return to the sands of Tatooine to stake their claim on the territory once ruled by Jabba the Hutt and his crime syndicate.,10759,tv,115036,/gNbdjDi1HamTCrfvM9JeA94bNi2.jpg,[337],7.57,8.8959,,['Disney+']
Kim Possible,"If there's danger or trouble, Kim Possible is there on the double to save the world from villains... and still make it home in time for cheerleading practice! Luckily, Kim has her sidekick Ron Stoppable and his pet naked mole-rat Rufus by her side.",10759,tv,2345,/xAIm6KkiQKl0UsagMUyhLFzX2X2.jpg,[337],7.542,28.3001,,['Disney+']
Zorro,"Diego de la Vega, the son of a wealthy landowner, returns from his studies in Spain and discovers that Los Angeles is under the command of Capitan Monastario, a cruel man who relishes in the misuse of his power for personal gain. Knowing that he cannot hope to single-handedly defeat Monastario and his troops, Diego resorts to subterfuge. He adopts the secret identity of Zorro, a sinister figure dressed in black, and rides to fight Monastario's injustice.",10759,tv,4681,/9BPBojrkczIhL18fMa9Ypj5yQ7N.jpg,[337],7.5,23.2602,,['Disney+']
TRON: Uprising,"Some time between 'Tron' and 'Tron: Legacy', a young program named Beck becomes the skillful leader of a revolution inside the computer world of The Grid.",10759,tv,34356,/dgajee1p38rJo6ndgvJRti4eqcp.jpg,[337],7.5,24.8623,,['Disney+']
Ahsoka,Former Jedi Knight Ahsoka Tano investigates an emerging threat to a vulnerable galaxy.,10759,tv,114461,/eiJeWeCAEZAmRppnXHiTWDcCd3Q.jpg,[337],7.513,8.7123,,['Disney+']
Wolverine and the X-Men,"Wolverine and the X-Men must join together again to not only battle the increasingly powerful Mutant Response Division, but also to prevent a catastrophic future that Xavier has warned Wolverine must never come to pass.",10759,tv,6549,/oSeJ2nESB77iC6SLo4qcqoadjdt.jpg,[337],7.5,4.0542,,['Disney+']
Marvel's Agents of S.H.I.E.L.D.,"Agent Phil Coulson of S.H.I.E.L.D. (Strategic Homeland Intervention, Enforcement and Logistics Division) puts together a team of agents to investigate the new, the strange and the unknown around the globe, protecting the ordinary from the extraordinary.",10759,tv,1403,/gHUCCMy1vvj58tzE3dZqeC9SXus.jpg,[337],7.5,84.2799,,['Disney+']
Spider-Man Unlimited,Spider-Man travels to Counter-Earth to rescue a Terran shuttle crew trapped there and discovers a tyrannical & warped version of his world.,10759,tv,10079,/hNdf1WmFil9IV7rabBe6PnAmYnI.jpg,[337],7.463,5.2637,,['Disney+']
Spider-Man and His Amazing Friends,"Spider-Man and His Amazing Friends is an American animated television series produced by Marvel Productions starring established Marvel Comics characters Spider-Man and Iceman and an original character, Firestar. As a trio called the Spider-Friends, they fought against various villains.",10759,tv,1269,/4b8HFH1arZ4b05RHwxPc2JfueYv.jpg,[337],7.4,4.0042,,['Disney+']
The Super Hero Squad Show,"The Super Hero Squad Show is an American cartoon series by Marvel Animation. It is based on the Marvel Super Hero Squad action figure line from Hasbro, which portray the Avengers, the X-Men, and various other characters of the Marvel Universe in a cartoonish super-deformed-style. It is also a self-aware parody of the Marvel characters, with influences taken from on the comedic Mini Marvels series of parody comic books, in that the heroes tend to find themselves in comedic situations, and have cartoonish bents in comparison to their usually serious personalities, and is an overall comedic take on the Avengers. The series' animation was produced by Film Roman and Marvel Animation.",10759,tv,21781,/3CdaaPZdU1Xv2c6hDaSVWhsXtuO.jpg,[337],7.429,17.4956,,['Disney+']
Lilo & Stitch: The Series,"This animated series chronicles the further adventures of renegade scientist Dr. Jumba Jookiba's beloved Experiment 626, who is now living happily as Lilo's alien buddy Stitch. Jumba’s remaining experiments have landed all over Hawaii in the form of dehydrated pods. Lilo and Stitch’s mission is to catch Stitch’s ""cousins"" before they fall into the clutches of the evil Dr. Jacques von Hamsterviel!",10759,tv,2355,/hmNpwSKZzStqO4bfOFeYNTn2B7.jpg,[337],7.391,33.9849,,['Disney+']
Marvel Studios Legends,"Revisit the epic heroes, villains and moments from across the MCU in preparation for the stories still to come. Each dynamic segment feeds directly into the upcoming series — setting the stage for future events. This series weaves together the many threads that constitute the unparalleled Marvel Cinematic Universe.",10759,tv,114695,/EpDuYIK81YtCUT3gH2JDpyj8Qk.jpg,[337],7.383,12.7128,,['Disney+']
Percy Jackson and the Olympians,"Percy Jackson is on a dangerous quest. Outrunning monsters and outwitting gods, he must journey across America to return Zeus' master bolt and stop an all-out war. With the help of his quest mates Annabeth and Grover, Percy's journey will lead him closer to the answers he seeks: how to fit into a world where he feels out of place, and find out who he's destined to be.",10759,tv,103540,/c9loCTYWZpzYBTJBvE3DtRw4DBb.jpg,[337],7.369,9.6411,,['Disney+']
Darkwing Duck,"The adventures of superhero Darkwing Duck, aided by his sidekick Launchpad McQuack. In his secret identity of Drake Mallard, he lives in a suburban house with his adopted daughter Gosalyn, next door to the bafflingly dim-witted Muddlefoot family. A spin-off of DuckTales.",10759,tv,3319,/1gJMSXS0gwM8gDJnzVSITcxbQc.jpg,[337],7.3,11.6092,,['Disney+']
Iron Man: Armored Adventures,"As Iron Man, teenage child prodigy Tony Stark uses his technological inventions to fight various similarly technologically advanced threats. His friends, James ""Rhodey"" Rhodes and Pepper Potts, help him on his courageous and dangerous adventures.",10759,tv,7330,/kIJGgBwh37V2nfgnJFaN7zDIjdv.jpg,[337],7.316,8.2815,,['Disney+']
Goosebumps,A group of five high schoolers embark on a shadowy and twisted journey to investigate the tragic passing three decades earlier of a teen named Harold Biddle – while also unearthing dark secrets from their parents' past.,10759,tv,157004,/pMrMPlEJAGAKBUWJzeacIwjRU2C.jpg,[337],7.2,7.3634,,['Disney+']
Zootopia+,Head back to the mammal metropolis to dive deeper into the lives of a slew of intriguing residents.,10759,tv,114463,/inzPPPr2BsE92m4rHhQn3sf2yPk.jpg,[337],7.189,4.5713,,['Disney+']
Star Wars: Visions,This anthology of animated shorts from around the world celebrates the mythos of Star Wars through unique cultural lenses.,10759,tv,114478,/6NgLGcOHscy6yLXpKCQi4Mz1yVa.jpg,[337],7.182,9.063,,['Disney+']
Bluey,"Bluey is an inexhaustible six year-old Blue Heeler dog, who loves to play and turns everyday family life into extraordinary adventures, developing her imagination as well as her mental, physical and emotional resilience.",16,tv,82728,/9p4pNoGcuyCfHcGWKNrTopqMWtq.jpg,[337],8.6,64.3591,,['Disney+']
The Simpsons,"Set in Springfield, the average American town, the show focuses on the antics and everyday adventures of the Simpson family; Homer, Marge, Bart, Lisa and Maggie, as well as a virtual cast of thousands. Since the beginning, the series has been a pop culture icon, attracting hundreds of celebrities to guest star. The show has also made name for itself in its fearless satirical take on politics, media and American life in general.",16,tv,456,/vHqeLzYl3dEAutojCO26g0LIkom.jpg,[337],8.016,196.6357,,['Disney+']
Dream Productions,"Riley is growing up and when her memories need some extra processing, Joy and the rest of the Core Emotions send them to Dream Productions.",16,tv,255868,/6J0f6wkN6rafFUCWOpFeI3H5zNx.jpg,[337],7.9,3.7856,,['Disney+']
Phineas and Ferb,"Each day, two kindhearted suburban stepbrothers on summer vacation embark on some grand new project, which annoys their controlling sister, Candace, who tries to bust them. Meanwhile, their pet platypus plots against evil Dr. Doofenshmirtz.",16,tv,1877,/oSLwJMOOQGAsyJNMi4Y3MO44iAJ.jpg,[337],7.871,52.2247,,['Disney+']
DuckTales,"The adventures of billionaire Scrooge McDuck and his nephews Huey, Dewey and Louie, their famous uncle Donald Duck, pilot extraordinaire Launchpad, Mrs. Beakly, Webby and Roboduck. Adventures and hidden treasures are everywhere, in their hometown Duckburg and all around the world.",16,tv,72350,/3klapeIKLp9IBy4uHo7szTeMTdQ.jpg,[337],7.8,25.0626,,['Disney+']
The Proud Family,"Follow the adventures and misadventures of Penny, a 14-year-old African American girl who's doing her best to navigate through the early years of teen-dom. Penny's every encounter inevitably spirals into bigger than life situations filled with hi-jinks, hilarity and heart. Her quest to balance her home, school and social lives are further complicated by friends like the sassy Dijonay, Penny's nemesis LaCienega Boulevardez, her loving, if not over-protective parents and her hip-to-the-groove-granny, Suga Mama.",16,tv,543,/wcfbfActZ9VZ3anFqe3YYNWOHsG.jpg,[337],7.806,18.1253,,['Disney+']
Recess,"Join a group of six fourth-grade best friends at Third Street Elementary School on their fun-filled adventures in their school playground. Through the ups-and-downs of adolescence, they must wrestle with authority, avoid the school snitch, and try their best to win at kick-ball.",16,tv,1546,/nRKCxiZROeNaC5H80hVqSqWMYZr.jpg,[337],7.7,17.0132,,['Disney+']
The New Adventures of Winnie the Pooh,An American animated children's television series inspired by A. A. Milne's Winnie-the-Pooh stories.,16,tv,2005,/i4Lh6P5Pg8IA3ch4gV0Y8TIlC6V.jpg,[337],7.7,28.2293,,['Disney+']
The Lion Guard,"Simba's son, Kion, assembles a group of animals to protect the Pride Lands, known as the Lion Guard.",16,tv,64752,/753wYXP7GHI5ohgFWdpddUDSPZz.jpg,[337],7.627,24.7218,,['Disney+']
DuckTales,"Scrooge McDuck finds his hands full at home when nephews Huey, Dewey and Louie move to Duckburg. Joined by their loyal pals Launchpad McQuack, Gyro Gearloose and Mrs. Beakley, the DuckTales gang never fails to deliver a wealth of adventure. Get ready for a fortune of fun with DuckTales!",16,tv,720,/muplnM90daPCQ5Bn1olcwN1EO22.jpg,[337],7.627,20.6358,,['Disney+']
Baymax!,"Return to the fantastical city of San Fransokyo where the affable, inflatable, inimitable healthcare companion robot, Baymax, sets out to do what he was programmed to do: help others.",16,tv,114466,/muzgYvvFniQnwiTdAvfMCEkHsT4.jpg,[337],7.618,3.2089,,['Disney+']
Mickey Mouse,"In this series of cartoon shorts, Mickey Mouse finds himself in silly situations all around the world! From New York to Paris to Tokyo, Mickey experiences new adventures with his friends!",16,tv,46879,/aAJ5T2Ab28vbbP9s6wWqdtK3arQ.jpg,[337],7.618,15.1848,,['Disney+']
Chip 'n' Dale Rescue Rangers,"Chip and Dale head a small, eccentric group of animal characters who monitor not only the human world, but the animal community as well, solving mysteries wherever they may be. The ""Rescue Rangers"" take the cases that fall through the cracks.",16,tv,1615,/44VE1LaaZq4bZhMDo6Yi29NO4H.jpg,[337],7.537,21.2561,,['Disney+']
Marvel's Spider-Man,"An insecure but courageous and intelligent teen named Peter Parker, a new student of Midtown High, is bitten by a radioactive spider and given powers. He becomes a hero named Spider-Man after the death of his uncle and he must adapt to this new way of life.",16,tv,72705,/dKdcyyHUR5WTMnrbPdYN5y9xPVp.jpg,[337],7.479,19.9352,,['Disney+']
Cars on the Road,Lightning McQueen and his best friend Mater head east from Radiator Springs on a cross-country road trip to meet up with Mater’s sister.,16,tv,114502,/6QXirTPUQecr1BAEfgVSXPD1np0.jpg,[337],7.5,3.9051,,['Disney+']
Disney's Adventures of the Gummi Bears,"Join the world’s sweetest heroes for high adventure in a mystical land of giants and wizards, ogres and dragons, and wondrous creatures both good and evil. Meet Gruffi, Zummi, Cubbi, Grammi, Tummi, Sunni, and all the legendary Gummis as they laugh, play, foil dastardly plots, and fight for what's right.",16,tv,1931,/mqbX2l5Te3yMdAjDxvs5kRk0bhN.jpg,[337],7.4,36.2286,,['Disney+']
Dug Days,"A series of shorts that follows the humorous misadventures of Dug, the lovable dog from Disney and Pixar’s “Up.” Each short features everyday events that occur in Dug's backyard, all through the exciting (and slightly distorted) eyes of our favorite talking dog.",16,tv,114501,/e5kT33XH2gX7xBFIK1uUJAvU5dj.jpg,[337],7.42,2.5273,,['Disney+']
TaleSpin,Baloo the Bear stars in an adventurous comedy of love and conflict with his friend Kit Cloudkicker. Rebecca Cunningham and her daughter Molly purchase Baloo's failing company and Baloo must fly transport runs to clear his debt while dodging Don Karnage and his sky pirates.,16,tv,2720,/i07tsbJrZWPxLRbUXu0biEYuuiz.jpg,[337],7.349,16.235,,['Disney+']
Ice Age: Scrat Tales,"Scrat experiences the ups and downs of fatherhood, as he and the adorable, mischievous Baby Scrat, alternately bond with each other and battle for ownership of the highly treasured Acorn.",16,tv,158307,/mTfYwY7DELH08SeO8LyUMe9Tvfr.jpg,[337],7.332,3.1281,,['Disney+']
Once,"The series revolves around Gabo, a soccer-loving teenager who, upon receiving a scholarship from the prestigious Sports Academic Institute (IAD) of Buenos Aires, will see his dream of playing at Los Halcones Dorados, the renowned amateur team of the school, and also his longing to become a professional footballer.",35,tv,72637,/d4vPg3QsTJJh6C5MHARTb5CyqOu.jpg,[337],8.634,61.0637,,['Disney+']
"Love, Victor","Victor is a new student at Creekwood High School on his own journey of self-discovery, facing challenges at home, adjusting to a new city, and struggling with his sexual orientation. When it all seems too much, he reaches out to Simon to help him navigate the ups and downs of high school.",35,tv,97186,/xnZYv0myYIhKW0iPDTh697n5qu0.jpg,[337],8.59,9.0224,,['Disney+']
Wizards of Waverly Place,"Alex, Justin and Max Russo are not your ordinary kids - they're wizards in training! While their parents run the Waverly Sub Station, the siblings struggle to balance their ordinary lives while learning to master their extraordinary powers.",35,tv,3498,/spVI8Zns4Ep30zzxcoO7f7nwfck.jpg,[337],8.492,39.5277,,['Disney+']
Girl Meets World,"The adventures of relatable and adventurous Riley Matthews, the tween daughter of Cory and Topanga Matthews, and her bold best friend Maya as they traverse the twists and turns of teenage years at Manhattan's John Quincy Adams Middle School where Riley's dad is their History teacher.",35,tv,46028,/xhU1KkPtM9fpE1HKpdghX0VlyYF.jpg,[337],8.3,25.2125,,['Disney+']
Boy Meets World,"The coming of age events and everyday life-lessons of Cory Matthews, a Philadelphian who grows up from a young boy to a married man.",35,tv,1777,/ioIBfLdkp8HmE2HOJlkLKJGXXug.jpg,[337],8.236,30.3088,,['Disney+']
Violetta,"A musically talented teenager returns to her native Buenos Aires with her father, Herman, after living in Europe for several years, navigating the trials and tribulations of growing up.",35,tv,61720,/b3MUGJeKakAZwQa7lNJxTP1pJmD.jpg,[337],8.1,32.8122,,['Disney+']
Lab Rats,"Leo is an ordinary teenager who has moved into a high-tech ""smart'' house with his mother, inventor stepfather and Eddy, the computer that runs the house. Leo's life becomes less ordinary when, one day, he discovers a secret underground lab that houses three experiments: superhuman teenagers. The trio -- Adam, the strong one, Bree, the fast one and Chase, the smart one -- convinces Leo and his parents to let them leave their lab and join Leo at school, where they try to fit in while having to manage their unpredictable bionic strengths. As Leo figures out a way to keep his new pals' bionic abilities a secret, they help him build self-confidence.",35,tv,38867,/6aqLN3szS9zTpnRl9czt4dCDjJT.jpg,[337],8.111,17.1115,,['Disney+']
Andi Mack,"Andi is contemplative and artistic and sheltered by overprotective parents. But on the eve of her 13th birthday, Andi's free-spirited older sister Bex returns home with a revelation that changes everything and sends Andi on an uncharted course of self-discovery.",35,tv,70540,/wP0zaZVBNhZIoHgnZfv86rM0YUh.jpg,[337],8.092,9.5374,,['Disney+']
Liv and Maddie,"The exploits of identical twins Liv, a former television star back home in Wisconsin and in the process of adding movie star to her credits, as well as beginning to focus on her music career, and Maddie, an outstanding student and basketball phenomenon recovering from an injured knee. The series centers on the unbreakable bond the twins share though they have wildly different personalities. To complicate their teenage lives, both parents work at their high school and their younger brothers are always stirring up trouble.",35,tv,59375,/j5iGTENbOfCHjZJ6cCrhBVdxER5.jpg,[337],8.1,19.3898,,['Disney+']
The Muppet Show,Go behind the curtains as Kermit the Frog and his muppet friends struggle to put on a weekly variety show.,35,tv,4459,/x1aZsosXqaCpZTI12lLpNYIj6HX.jpg,[337],8.0,31.1818,,['Disney+']
Jessie,"An idealistic teen from rural Texas embarks on the adventure of a lifetime when she decides to leave behind starry nights for big city lights. Thrilled to be on her own and determined not to be intimidated by New York City, she accepts a job as nanny for a high-profile couple with four kids. Helping to keep her moral compass in check are Bertram, the family's butler, and Tony, the building's 20-year-old doorman.",35,tv,38974,/tspQe0FuiaUj0U1R1norNbiYTe4.jpg,[337],8.0,25.3662,,['Disney+']
High School Musical: The Musical: The Series,A group of East High students countdown to the opening night of their school’s first-ever production of “High School Musical.” Showmances blossom; friendships are tested while new ones are made; rivalries flare and lives are changed forever as these young people discover the transformative power that only a high school drama club can provide.,35,tv,85801,/2KmbFkZD42I8Q7IZy4WxmZm9W6O.jpg,[337],8.0,15.1092,,['Disney+']
grown-ish,Zoey Johnson heads to college and begins her hilarious journey to adulthood but quickly discovers that not everything goes her way once she leaves the nest.,35,tv,71885,/nq09OaG43ZESp8uwdkFEBC7iFbk.jpg,[337],8.0,30.1454,,['Disney+']
MECH-X4,"Ryan Walker mysteriously awakens MECH-X4, a giant robot built to defend Bay City against impending doom. When monsters begin to descend, Ryan recruits his two best friends and his brother to help pilot the robot that is their only hope of saving their town from mass destruction.",35,tv,68654,/b031Y3PuzK8gZBRrfQ97lFN84F4.jpg,[337],8.0,8.0686,,['Disney+']
Soy Luna,"Luna Valente lives with her family in Cancún, Mexico. She goes to school, has her own group of friends, has a job, and loves to skate. However, her life changes when her parents are given a job offer that moves them to Buenos Aires, Argentina. There she finds a new skating rink (named Jam & Roller), learns freestyling, makes new friends, and even falls in love.",35,tv,66203,/78CUmir4MDINMKdkUt4TmW5d7k4.jpg,[337],7.946,52.2553,,['Disney+']
Good Luck Charlie,"Teens PJ and Teddy and tween brother Gabe are typical kids -- that is, until their mother has another baby. The arrival of their new sister completely upends the entire household. When their mother heads back to work after Charlie's birth, it's up to the kids and their dad to keep the home fires burning -- and to keep Charlie out of trouble as she learns to sit up, crawl, walk and run. Teddy, as the older sister, makes a personalized video diary for Charlie, in each episode adding a nugget of wisdom for her baby sibling.",35,tv,21641,/cyYwkXW1vd3YpiFVlb7y0hgIzuu.jpg,[337],7.934,20.3467,,['Disney+']
Austin & Ally,"A comedy about the unique relationship between a young songwriter, Ally Dawson, and Austin Moon, the overnight internet sensation who gains sudden notoriety after performing one of Ally's songs. Austin and Ally struggle with how to maintain and capitalize on Austin's newfound fame. Austin is more of a rebel type who doesn't follow the rules and is somewhat immature for his age, while Ally is conservative yet self-conscious.",35,tv,35279,/wk81zTtu5yNM6ohgMpVrNvzJp3B.jpg,[337],7.9,19.552,,['Disney+']
The Suite Life on Deck,"Zack and Cody Martin are aboard the SS Tipton, a luxury passenger cruise liner owned by London's father. The ship cruises the world with tourists and students who attend classes at Seven Seas High, the one high school that London's dad thinks will make his daughter a better student. While out at sea, Zack and Cody still have their compass pointed towards mischief, and London learns to live a ""fabu-less"" lifestyle, including sharing a small room with Bailey, a country girl from Kansas.",35,tv,15079,/1qfSlnVLvgWqV4XlFB8YNvtKTSy.jpg,[337],7.8,19.3015,,['Disney+']
BIA,"BIA tells the story of a group of teens who discover, share and develop their talents in the ""Fundom"", a place where they gather to hang out, create and express their art in a fun-filled and casual environment. Bia Urquiza, the main character, is a 16-year-old girl with great imagination and creativity.",35,tv,90823,/6jd80sReyYSiXME07CZE4XRk3k9.jpg,[337],7.8,8.308,,['Disney+']
Raven's Home,"Best friends Raven and Chelsea, now both divorced mothers, are raising their children in a house together. Their house is turned upside down when they realize one of Raven's children inherited the same psychic abilities as their mother.",35,tv,72027,/bEyovwWgUNML5ycWec1WhTU67yr.jpg,[337],7.791,41.8426,,['Disney+']
K.C. Undercover,"K.C. Cooper, a high school math whiz and karate black-belt, learns that her parents are spies when they recruit her to join them in the secret government agency, The Organization. While she now has the latest spy gadgets at her disposal, K.C. has a lot to learn about being a spy, including keeping her new gig a secret from her best friend Marisa. Together, K.C. and her parents, Craig and Kira, and her younger siblings, Ernie and Judy (a humanoid robot), try to balance everyday family life while on undercover missions, near and far, to save the world.",35,tv,61915,/52iv1yPKYR4nezoX7lMLcK9yt6q.jpg,[337],7.8,21.9908,,['Disney+']
Dinosaurs,"Dinosaurs follows the life of a family of dinosaurs, living in a modern world. They have TV's, fridges, microwaves, and every modern convenience.",35,tv,3763,/rcD2grjO6xAerWLkSgpmGkGhnTH.jpg,[337],7.774,20.045,,['Disney+']
Sonny with a Chance,"Allison ""Sonny"" Munroe makes the leap from the Midwest to Los Angeles to join the cast of ""So Random!,"" the most popular sketch comedy TV show for kids and tweens. Her fellow young actors are resident teen queen Tawni, super suave Nico, gregarious funnyman Grady and quirky Zora. Now Sonny must somehow balance these new friendships while adjusting to her family's decidedly different way of life in Hollywood. Meanwhile, Sonny must also contend with heartthrob Chad Dylan Cooper, star of the rival show ""MacKenzie Falls,"" who makes it known that he thinks his dramatic work is better than her comedy career.",35,tv,33873,/5MLBTjqMQe48ifN0PmP58FUAVWS.jpg,[337],7.8,17.1587,,['Disney+']
Stuck in the Middle,Harley is an engineering whiz who uses her inventions to navigate life as the middle child in a large family of seven kids.,35,tv,65291,/oq377A9h9JPzp0Hhgv1FZcIYgP9.jpg,[337],7.742,15.8963,,['Disney+']
"Doogie Kamealoha, M.D.","Lahela 'Doogie' Kamealoha, a 16-year-old prodigy juggles a budding medical career and life as a teenager. With the support of her caring and comical 'ohana (family) and friends, Lahela is determined to make the most of her teenage years and forge her own path.",35,tv,130372,/qS9NwCJDPnHWtJbgiFmpc8T90tP.jpg,[337],7.7,6.5976,,['Disney+']
Zeke and Luther,"Zeke and Luther want nothing more in the world than to become world-famous skateboarders. Together with their friends, skating rivals, and family, Zeke & Luther find themselves always busy getting into mischief.",35,tv,17519,/nlpUmDYb2dhKUUegZlibCs2taW.jpg,[337],7.7,9.5672,,['Disney+']
The Suite Life of Zack & Cody,"Meet Zack and Cody, 11 year-old identical twins and the newest residents of Boston's swanky Tipton Hotel. Living in a suite with their mom Carey, the boys treat the Tipton like their own personal playground.",35,tv,4605,/vKOdc6fWHaSTsVjUALFm5S4Vup0.jpg,[337],7.645,35.3615,,['Disney+']
Disney Intertwined,"Allegra dreams of joining the Eleven O' Clock music hall company, but her mother, Caterina, won't accept that. Allegra's life changes drastically when she finds a mysterious bracelet that takes her to 1994, the year Caterina was her age and was starting her career in Eleven O' Clock while she lived in Coco's shadow. Cocó is Allegra's grandmother. Will Allegra be able to change the past?",35,tv,115304,/t2Vs8KaMUDQyY4Nur4zkrfQVuOX.jpg,[337],7.632,2.8128,,['Disney+']
Shake It Up,"Best pals CeCe and Rocky dream of dancing stardom. And they seem on the verge of realizing that goal when they win places as backup dancers on the local TV show ""Shake It Up, Chicago."" While they get to show off their moves, they find out they need to keep putting their best feet forward to keep up with the rest of the crew on the show.",35,tv,33213,/d3opexNCkiSaCaIZ104J8LiCqxi.jpg,[337],7.6,24.3561,,['Disney+']
Daredevil: Born Again,"Matt Murdock, a blind lawyer with heightened abilities, is fighting for justice through his bustling law firm, while former mob boss Wilson Fisk pursues his own political endeavors in New York. When their past identities begin to emerge, both men find themselves on an inevitable collision course.",80,tv,202555,/9lLuhV703HGCbnz6FxnqCwIwzAZ.jpg,[337],8.223,181.7661,,['Disney+']
Marvel's The Defenders,"Daredevil, Jessica Jones, Luke Cage and Iron Fist join forces to take on common enemies as a sinister conspiracy threatens New York City.",80,tv,62285,/49XzINhH4LFsgz7cx6TOPcHUJUL.jpg,[337],7.062,12.402,,['Disney+']
Marvel's Luke Cage,"Given superstrength and durability by a sabotaged experiment, a wrongly accused man escapes prison to become a superhero for hire.",80,tv,62126,/6R62oGGufhsf6DiMknCi047N0b7.jpg,[337],6.9,15.5487,,['Disney+']
Marvel's Iron Fist,"Danny Rand resurfaces 15 years after being presumed dead. Now, with the power of the Iron Fist, he seeks to reclaim his past and fulfill his destiny.",80,tv,62127,/4l6KD9HhtD6nCDEfg10Lp6C6zah.jpg,[337],6.529,6.1234,,['Disney+']
Echo,"Pursued by Wilson Fisk's criminal empire, Maya's journey brings her home and she must confront her own family and legacy.",80,tv,122226,/vFyJH630cF68LohVYjQW49074Sy.jpg,[337],6.188,7.491,,['Disney+']
The Beatles: Get Back,"The three-part documentary series, compiled from over 60 hours of unseen footage, captures the warmth, camaraderie, and creative genius that defined the legacy of music's most iconic foursome. The series also includes – for the first time in its entirety – The Beatles' final performance at London's Savile Row.",99,tv,128876,/nxy9fg1rT853P7zP7ZQGqRimiCS.jpg,[337],8.426,2.4146,,['Disney+']
Welcome to Earth,"Will Smith whose curiosity and wonder is positively infectious—is guided by National Geographic Explorers traveling to different corners of the world to get up close and personal with the weirdest, most unusual, dangerous and thrilling spectacles of the planet.",99,tv,127700,/l9x6xh4KCgwMk9PYiosXXFGwI3a.jpg,[337],7.6,2.0552,,['Disney+']
Life After People: The Series,"Life After People is a television series on which scientists, structural engineers, and other experts speculate about what might become of Earth should humanity instantly disappear. The featured experts also talk about the impact of human extinction on the environment, and the vestiges of civilization thus left behind.",99,tv,18408,/u3dMyDtI2k9zJGMLOQybhldjivg.jpg,[337],7.2,4.0274,,['Disney+']
Mars,"The maiden crew of the Daedalus spacecraft must push itself to the brink of human capability in order to successfully establish the first sustainable colony on Mars. Set both in the future and in the present day, this series blends scripted elements set in the future with documentary vérité interviews with today’s best and brightest minds in modern science and innovation, illuminating how research and development is creating the space technology that will enable our first attempt at a mission to Mars.",99,tv,68427,/xlT7aBrVqrRVnlaHQLCW12q3NK9.jpg,[337],7.0,7.7912,,['Disney+']
Into the Unknown: Making Frozen II,"The team behind Frozen II open their doors to cameras for a six-part documentary series to reveal the hard work, heart, and collaboration it takes to create one of the most highly-anticipated films in Walt Disney Animation Studios’ near-century of moviemaking. Cameras were there to capture an eye-opening - and at times jaw-dropping - view of the challenges and the breakthroughs, the artistry, creativity and the complexity of creating the #1 animated feature of all time.",99,tv,103465,/UcbjmltlDTxoZvTSPbQtUBeZEo.jpg,[337],6.9,1.8431,,['Disney+']
Snowdrop,"In 1987, bloodied man Soo-ho jumps into a women's university dormitory in Seoul. Yeong-ro, a female student who fell in love with him at a group blind date, tends to his wounds as the dormitory is ensnared in intense surveillance. As Soo-ho's secrets unravel, he must eventually face the conflict between his heart to Yeong-ro and responsibility to his comrades, as well as to his sibling who awaits him in his home country. What will be of their fate?",18,tv,108291,/3AhTqNJVr1v7Jfplg8Y1YOzzdWE.jpg,[337],8.484,8.0712,,['Disney+']
WandaVision,Wanda Maximoff and Vision—two super-powered beings living idealized suburban lives—begin to suspect that everything is not as it seems.,18,tv,85271,/b9UKt5qX8zn2twmGUeVTse8Y9Ug.jpg,[337],8.216,16.5267,,['Disney+']
Secrets of Sulphur Springs,"12-year-old Griffin Campbell and his family move to the small town of Sulphur Springs and take ownership of an abandoned hotel rumored to be haunted by the ghost of a girl who disappeared decades ago. Griffin befriends Harper, a bright-eyed, mystery-obsessed classmate and together, they uncover a secret portal that allows them to travel back in time. In the past, they’ll attempt to uncover the key to solving this unsolved mystery, a mystery that affects everyone close to them.",18,tv,114547,/2huc4Ef44MBNlbYMa2qjqFvyW2q.jpg,[337],8.193,8.0754,,['Disney+']
Loki,"After stealing the Tesseract during the events of “Avengers: Endgame,” an alternate version of Loki is brought to the mysterious Time Variance Authority, a bureaucratic organization that exists outside of time and space and monitors the timeline. They give Loki a choice: face being erased from existence due to being a “time variant” or help fix the timeline and stop a greater threat.",18,tv,84958,/oJdVHUYrjdS2IqiNztVIP4GPB1p.jpg,[337],8.173,28.2728,,['Disney+']
Marvel's Agent Carter,"It's 1946, and peace has dealt Peggy Carter a serious blow as she finds herself marginalized when the men return home from fighting abroad. Working for the covert SSR (Strategic Scientific Reserve), Peggy must balance doing administrative work and going on secret missions for Howard Stark all while trying to navigate life as a single woman in America, in the wake of losing the love of her life - Steve Rogers.",18,tv,61550,/fe79VYyLp5ZBstpJ4oukpuUT3B.jpg,[337],7.535,12.6563,,['Disney+']
Soundtrack #1,"Han Sun-woo is a rookie photographer. He doesn't talk much, but he is a kind and warm-hearted man. He is friends with Lee Eun-soo. They have been close friends for 20 years. Meanwhile, Lee Eun-soo works as a lyricist to make living. She has an honest and bright personality. Due to a reason, Han Sun-woo and Lee Eun-soo begin to live together at the same house for 2 weeks. Staying together, their relationship develops romantically.",18,tv,137872,/hjp9921tF0S6duKUoScLOC5ABCc.jpg,[337],7.513,2.003,,['Disney+']
Marvel's Jessica Jones,"After a tragic ending to her short-lived super hero stint, Jessica Jones is rebuilding her personal life and career as a detective who gets pulled into cases involving people with extraordinary abilities in New York City.",18,tv,38472,/paf9wL3mOW9LT3ZjRxXqJcjeMEv.jpg,[337],7.5,24.122,,['Disney+']
Once Upon a Time,"There is a town in Maine where every story book character you've ever known is trapped between two worlds, victims of a powerful curse. Only one knows the truth and only one can break the spell.

Emma Swan is a 28-year-old bail bonds collector who has been supporting herself since she was abandoned as a baby. Things change for her when her son Henry, whom she abandoned years ago, finds her and asks for her help explaining that she is from a different world where she is Snow White's missing daughter.",18,tv,39272,/u95scYysMZvBoekSLmMNJjeqXcY.jpg,[337],7.379,66.0447,,['Disney+']
A.N.T. Farm,"Chyna Parks, an 11 year old musical prodigy, gets into a gifted program called Advanced Natural Talents at the local high school. Along with her fellow elementary school-aged 'ANTs', she must navigate the halls of a new school of older kids who are not particularly fond of grade-skipping newbies.",18,tv,34573,/rnO9xtMhfudmd4LBiXoYWb4ckog.jpg,[337],7.3,17.3586,,['Disney+']
Obi-Wan Kenobi,"During the reign of the Galactic Empire, former Jedi Master, Obi-Wan Kenobi, embarks on a crucial mission to confront allies turned enemies and face the wrath of the Empire.",18,tv,92830,/qJRB789ceLryrLvOKrZqLKr2CGf.jpg,[337],7.056,10.15,,['Disney+']
The Finder,"Walter Sherman, an Iraq War veteran, has the extraordinary ability to help people find the unfindable.",18,tv,39360,/1ssqed8krPnhVJCxGtw6Z3KrINw.jpg,[337],7.047,6.5796,,['Disney+']
Dog with a Blog,"Avery Jennings and Tyler James are step-siblings who are complete opposites. The family faces an even bigger adjustment when their new dog, Stan, can talk and also has a blog, unbeknownst to the family. Stan uses his blog to discuss the happenings in the Jennings-James household. Avery and Tyler later learn of Stan's talking ability and agree to keep it a secret from their parents.",18,tv,43775,/3MOm5Yxtm2h4c6ZtBVBhTTNpBn3.jpg,[337],7.0,19.6801,,['Disney+']
Once Upon a Time in Wonderland,"In Victorian England, the young and beautiful Alice tells a tale of a strange new land that exists on the other side of a rabbit hole. Thinking Alice insane, her doctors aim to make her forget everything. While Alice is ready to put it all behind her, she knows this world is real. In the nick of time, the Knave of Hearts and the White Rabbit save her from a doomed fate. Together, the trio tumble down the rabbit hole to Wonderland, where nothing is impossible.",18,tv,57754,/p0Tq3A9CzvzjGWR3L7xBuqIAoJT.jpg,[337],6.9,6.6054,,['Disney+']
8 Simple Rules,"8 Simple Rules is an American sitcom television series originally starring John Ritter and Katey Sagal as middle-class parents Paul and Cate Hennessy, raising their three children. Kaley Cuoco, Amy Davidson and Martin Spanjers co-starred as their teenage kids: Bridget, Kerry and Rory Hennessy. The series ran on ABC from September 17, 2002, to April 15, 2005. The first season focused on Paul being left in charge of the children after Cate takes a full-time job as a nurse, with comedic emphasis on his often strict rules concerning his daughters and dating. The series' name and premise were derived from the book 8 Simple Rules by W. Bruce Cameron.",18,tv,4241,/81bJijYZedZ4TSm34rYmW9gEDvN.jpg,[337],6.758,29.7487,,['Disney+']
Glee,"In this musical comedy, optimistic high school teacher Will Schuester tries to refuel his own passion while reinventing the high school's glee club and challenging a group of outcasts to realize their star potential as they strive to outshine their singing competition while navigating the cruel halls of McKinley High.",18,tv,1417,/62T2vsZYTje3KhdCsiLR1K1RFJW.jpg,[337],6.758,35.3313,,['Disney+']
Alias,"Sydney Bristow, an agent who has been tricked to believe she is working for the U.S. government, is actually working for a criminal organization named the Alliance of Twelve. Upon learning this, Sydney becomes a double agent for the real CIA.",18,tv,2046,/Dl3KIxWlSEvnXogNHxdXA4pbAk.jpg,[337],6.7,5.0808,,['Disney+']
Secret Invasion,Nick Fury and Talos discover a faction of shapeshifting Skrulls who have been infiltrating Earth for years.,18,tv,114472,/f5ZMzzCvt2IzVDxr54gHPv9jlC9.jpg,[337],6.639,8.9129,,['Disney+']
"Doogie Howser, M.D.","Doogie Howser is a doctor. He is also a 16-year-old genius who graduated college at age 10 and finished medical school at age 14. But he is still a teenager, with normal teenage friends and problems. But unlike a normal teenager, he is just learning to drive while also consulting on serious medical cases like heart transplants.",18,tv,1750,/uNGrGq7tJ1GiKUsfnchC07l0Q2M.jpg,[337],6.596,31.2799,,['Disney+']
JONAS L.A.,The show follows the Jonas Brothers through fun and unusual situations as they try to live ordinary lives.,10751,tv,12712,/wEsIQerKBbhFq8XIfktCv6EsDgm.jpg,[337],7.5,4.1895,,['Disney+']
The Emperor's New School,"It's about Kuzco, a self-centered and spoiled teen who must survive the trials of Incan public school and pass all of his classes so that he can officially become Emperor. His friend Malina keeps his attitude in check, while the evil Yzma (cleverly disguised as Principal Amzy) and her dim-witted sidekick Kronk are out to make sure Kuzco fails.",10762,tv,4623,/g1TlTdWPcofNIklBdInaJFp7NkF.jpg,[337],7.3,21.2798,,['Disney+']
Spidey and His Amazing Friends,"Follow Peter Parker, Gwen Stacy and Miles Morales and their adventures as the young heroes team up with Hulk, Ms. Marvel and Black Panther to defeat foes like Rhino, Doc Ock and Green Goblin and learn that teamwork is the best way to save the day.",10762,tv,127635,/etO5jDS5WgR4Y1lTyXhQcilJ6u2.jpg,[337],7.299,25.1401,,['Disney+']
Timon and Pumbaa,"Set after the events of the ""The Lion King,"" follow Timon and Pumbaa as they go on misadventures in the jungle, as well as across the globe in various.",10762,tv,4429,/sn9PTOwI6ktLHZcysCrP8cqOw1b.jpg,[337],7.2,48.5781,,['Disney+']
Lizzie McGuire,"Lizzie McGuire is all about the ordinary and not-so-ordinary adventures of a junior high student and her two best friends as they try to deal with the ups and downs of school, popularity, boys, parents, a bratty little brother--just life in general. And if Lizzie leaves anything unsaid, you can bet that her cartoon alter ego will say it for her!",10762,tv,4575,/3WiL6yy2R0A9Io2hkodoPTBMS7o.jpg,[337],7.2,9.364,,['Disney+']
Sofia the First,"Set in the storybook world of Enchancia, this is the story of Princess Sofia, an adventurous little girl who is learning how to adjust to royal life after her mom marries the king and she becomes a princess overnight.",10762,tv,46928,/eZHmUO1OQRpVkAOdj9VwYCCyQew.jpg,[337],7.211,30.5975,,['Disney+']
Doug,"Doug Funnie experiences common predicaments while attending school in his new hometown of Bluffington, Virginia.",10762,tv,384,/fEzGDVHsUlOhU59EKSePobldyIf.jpg,[337],7.195,17.9393,,['Disney+']
I Am Groot,"There's no guarding the galaxy from this mischievous toddler! Get ready as Baby Groot takes center stage in his very own collection of shorts, exploring his glory days growing up and getting into trouble among the stars.",10762,tv,232125,/lYwFSsP4KsoRhOLhJvBFp3GEGEm.jpg,[337],7.147,6.6104,,['Disney+']
Hannah Montana,"At home and school, she's Miley Stewart, a typical teenager, but when the lights go down and the curtain goes up, she emerges as the glamorous and talented Hannah Montana. Having the ""Best of Both Worlds"" is a complicated proposition, and keeping her identity under wraps leads Miley and her friends into some hilarious capers as she tries to balance her normal life with her rock star persona.",10762,tv,4610,/nuxo1MfRDCQP5tDI4PR6vXHd2jy.jpg,[337],7.128,38.4158,,['Disney+']
The Little Mermaid,"Disney's The Little Mermaid is an American animated television series produced by Walt Disney Television Animation based on the 1989 Disney film of the same name. It features the adventures of Ariel as a mermaid prior to the events of the film. This series is the first Disney television series to be spun off from a major animated film. Some of the voice actors of the film reprise their roles in the series, among them Jodi Benson as Ariel, Samuel E. Wright as Sebastian, Kenneth Mars as King Triton, and Pat Carroll as Ursula.",10762,tv,2675,/32Tb6HZc8yAWqHesMSMnMozr6pi.jpg,[337],6.995,13.9859,,['Disney+']
Mickey Mouse Clubhouse,"Mickey and his friends Minnie, Donald, Pluto, Daisy, Goofy, Pete, Clarabelle and more go on fun and educational adventures.",10762,tv,3934,/gHtEhlAZHxMawOiPq7JoKwkmETQ.jpg,[337],6.799,39.4219,,['Disney+']
Hercules,Follow Herc's many labors during the years he spent training on how to be a hero under the tutelage of satyr Phil. Many of the Olympian Gods and Goddesses pay visit to the young hero-to-be and help or hinder him in his new adventures.,10762,tv,2567,/4icNpPakVKxuVrHSR9I8BQ5GCeK.jpg,[337],6.8,16.6724,,['Disney+']
Goof Troop,"Goofy is a single father raising his son, Max in Spoonerville. As it happens, Goofy and Max end up moving in next door to Goofy's high school friend Pete and his family. Pete's son PJ and Max become best friends practically doing everything together.",10762,tv,2235,/vfUUKRmfKkxo7TOEOjWZ1xRHOH.jpg,[337],6.5,8.8048,,['Disney+']
Agatha All Along,"Agatha Harkness gathers a coven of witches and sets off down, down, down The Witches' Road.",9648,tv,138501,/rwfDv05ck4McdvqdWU2sQVsQV2j.jpg,[337],7.658,13.9558,,['Disney+']
The Acolyte,"A hundred years before the rise of the Empire, the Jedi Order and the Galactic Republic have prospered for centuries without war. During this time, an investigation into a shocking crime spree pits a Jedi Master against a dangerous warrior from his past.",9648,tv,114479,/bnVL7o0r7rnOIFZMHr6eoDigpON.jpg,[337],5.571,8.8794,,['Disney+']
Dance Moms,"Dance Moms is an American dance reality series that debuted on Lifetime on July 13, 2011. Created by Collins Avenue Productions, it is set in Pittsburgh, Pennsylvania, at the Abby Lee Dance Company, and follows children's early careers in dance show business, and their mothers. A spinoff series, Dance Moms: Miami, set in Miami at Victor Smalley and Angel Armas' dance studio, Stars Dance Studio, premiered on April 3, 2012, and was cancelled in September 2012 after eight episodes.

On October 10, 2012, Lifetime announced that they had picked up Dance Moms for a third season, consisting of 26 episodes, which debuted on January 1, 2013.",10764,tv,40026,/eLtHnDXNCdBeyC5h1987C2FR3kQ.jpg,[337],7.1,23.8586,,['Disney+']
Dancing with the Stars,"The competition sees celebrities perform choreographed dance routines which are judged by a panel of renowned ballroom experts and voted on by viewers. Enjoy sizzling salsas, sambas and spray-tans as they vie for the coveted Mirrorball Trophy.",10764,tv,1508,/xGIalfneavhfgWiE0uRXySTyAo4.jpg,[337],5.9,89.7327,,['Disney+']
Storage Wars,"When rent is not paid on a storage locker for three months in California, the contents can be sold by an auctioneer as a single lot of items in the form of a cash-only auction. The show follows professional buyers who purchase the contents based only on a five-minute inspection of what they can see from the door when it is open. The goal is to turn a profit on the merchandise.",10764,tv,34971,/aI4HWTpEnps1lDyxy5vScazpxDy.jpg,[337],5.654,46.9977,,['Disney+']
Kill Shot,"Posing as hunters, a group of terrorists are in search of $100 million that was stolen and lost in a plane crash en route from Afghanistan.",28,movie,1134055,/5kCEHZnUeAZFJvE3l8K5OYjIwjj.jpg,[9],9.2,7.2322,2023-08-15,['Prime Video']
Evangelion: 3.0+1.0 Thrice Upon a Time,"In the aftermath of the Fourth Impact, stranded without their Evangelions, Shinji, Asuka and Rei find refuge in one of the rare pockets of humanity that still exist on the ruined planet Earth. There, each lives a life far different from their days as an Evangelion pilot. However, the danger to the world is far from over. A new impact is looming on the horizon—one that will prove to be the true end of Evangelion.",28,movie,283566,/md5wZRRj8biHrGtyitgBZo7674t.jpg,[9],8.237,5.1214,2021-03-08,['Prime Video']
Fire,"Fires are raging in the Moscow region, and the forest protection airbase is on a rotation. However, experienced firefighters are in short supply and team leader Andrey Pavlovich has to take on a new recruit, Roman.",28,movie,585257,/wi7poYZy9b4CqmPMod0n1su8Quo.jpg,[9],8.13,1.6655,2020-12-24,['Prime Video']
Along with the Gods: The Two Worlds,"Having died unexpectedly, firefighter Ja-hong is taken to the afterlife by 3 afterlife guardians. Only when he passes 7 trials over 49 days and proves he was innocent in human life, he’s able to reincarnate, and his 3 afterlife guardians are by his side to defend him in trial.",28,movie,397567,/gJSvIsI6oQfFim0PGyuuiCYfqKs.jpg,[9],8.076,7.989,2017-12-20,['Prime Video']
Along with the Gods: The Last 49 Days,"As the deceased soul Ja-hong and his three afterlife guardians prepare for their remaining trials for reincarnation, the guardians soon come face to face with the truth of their tragic time on Earth 1,000 years earlier.",28,movie,518068,/9BnqBHFGDv3WlCPB2qQwzAWdy7y.jpg,[9],8.1,6.2867,2018-08-01,['Prime Video']
A Taxi Driver,"May, 1980. Man-seob is a taxi driver in Seoul who lives from hand to mouth, raising his young daughter alone. One day, he hears that there is a foreigner who will pay big money for a drive down to Gwangju city. Not knowing that he’s a German journalist with a hidden agenda, Man-seob takes the job.",28,movie,437068,/iXVaWbxmyPk4KZGZk5GGDGFieMX.jpg,[9],8.068,4.8551,2017-08-02,['Prime Video']
Ford v Ferrari,"American car designer Carroll Shelby and the British-born driver Ken Miles work together to battle corporate interference, the laws of physics, and their own personal demons to build a revolutionary race car for Ford Motor Company and take on the dominating race cars of Enzo Ferrari at the 24 Hours of Le Mans in France in 1966.",28,movie,359724,/dR1Ju50iudrOh3YgfwkAU1g2HZe.jpg,[9],8.004,12.6284,2019-11-13,['Prime Video']
Sound of Freedom,"The story of Tim Ballard, a former US government agent, who quits his job in order to devote his life to rescuing children from global sex traffickers.",28,movie,678512,/qA5kPYZA7FkVvqcEfJRoOy4kpHg.jpg,[9],7.992,12.3044,2023-07-03,['Prime Video']
The Witch: Part 1. The Subversion,"Ja-yoon is a high school student who struggles with memory loss after she endured some unknown trauma during her childhood. While trying to uncover the truth, she is unwittingly dragged into a world of crime and finds herself on a journey that will awaken many secrets hidden deep within.",28,movie,530254,/4i2wo2ja5g2PmUxWa1a2eYIboZf.jpg,[9],7.868,7.8813,2018-06-27,['Prime Video']
"The Gangster, the Cop, the Devil","After barely surviving a brutal attack by a sadistic serial killer, crime boss Jang Dong-su is left humiliated. Determined to catch the killer known as K, he forms an uneasy alliance with Jung Tae-seok, a relentless and incorruptible detective who often disrupts his illegal business. However, while Jang Dong-su wants K dead, Jung Tae-suk is determined to bring him to justice. With a deal in place—whoever finds K first will decide his fate—the hunt begins, blurring the lines between crime and law.",28,movie,581528,/oHlM4abRm6BzrRcz9Nup1uidw9H.jpg,[9],7.844,19.3502,2019-05-15,['Prime Video']
Guy Ritchie's The Covenant,"During the war in Afghanistan, a local interpreter risks his own life to carry an injured sergeant across miles of grueling terrain.",28,movie,882569,/kVG8zFFYrpyYLoHChuEeOGAd6Ru.jpg,[9],7.754,15.8774,2023-04-19,['Prime Video']
Train to Busan,"When a zombie virus pushes Korea into a state of emergency, those trapped on an express train to Busan must fight for their own survival.",28,movie,396535,/vNVFt6dtcqnI7hqa6LFBUibuFiw.jpg,[9],7.751,29.0536,2016-07-20,['Prime Video']
The Tiger,"In 1925 Korea, Japanese rulers demand the last remaining tiger be killed. The tiger easily defeats his pursuers until a legendary hunter takes him on.",28,movie,363093,/tPI6t2Cvu7vWO9iDs4Cigq8svWl.jpg,[9],7.712,2.6367,2015-12-16,['Prime Video']
The Killer,"When retired hitman’s wife goes on vacation with her friend, she asks him to look after the friend's teenage daughter. Things go awry when he is forced to use a little violence to protect the girl from juvenile delinquents, but then they are found dead and the girl is kidnapped.",28,movie,938008,/1VbLdFkOW5v8iE2TFMoPo5pKNUQ.jpg,[9],7.7,5.1041,2022-07-13,['Prime Video']
Marighella,"Afro-Brazilian poet and politician, the legendary Carlos Marighella. Driven to fight against the erosion of civil and human rights following the CIA-backed military coup of 1964 and the brutal, racist right-wing dictatorship that followed, the revolutionary leaves behind his wife and son to take up arms, becoming a notorious enemy to the power structure.",28,movie,500458,/9Wdrdooav23KNxOntYYFJ6ddXD7.jpg,[9],7.659,1.0699,2021-01-29,['Prime Video']
Sniper: The White Raven,"Mykola is an eccentric pacifist who wants to be useful to humanity. When the war begins at Donbass, Mykola’s naive world is collapsing as the militants kill his pregnant wife and burn his home to the ground. Recovered, he makes a cardinal decision and gets enlisted in a sniper company. Having met his wife’s killers, he emotionally breaks down and arranges “sniper terror” for the enemy. He’s saved from a senseless death by his instructor who himself gets mortally wounded. The death of a friend leaves a “scar” and Mykola is ready to sacrifice his life.",28,movie,966220,/295gZzTXMvuiIG0U19h4M44PXxI.jpg,[9],7.631,8.4085,2022-05-03,['Prime Video']
Immortal Demon Slayer,"A giant rebelled against the heavens. It was declared a devil and defeated. The immortal heart evolved into Sun Wukong. The heavens found him, and ravaged his home. He enters the heavenly kingdom, disguised as a human, seeking retribution.",28,movie,452910,/hbqM7RnXlGO0dFXqMlJYc7z703p.jpg,[9],7.608,3.2685,2017-07-13,['Prime Video']
The Wolf's Call,"Shown from the perspective of a young submariner with unusually sensitive hearing and uncannily precise sound recognition. The fate of many often depends on his ability, and one time, whilst highly stressed, he makes a incorrect call which put his entire crew in mortal danger.  Trying to regain the confidence of his comrades, he conducts an unauthorised investigation of an apparent plot which, it turns out, risks escalating into a nuclear apocalypse. Suddenly working under pressure with the fleet admiral, they must do whatever is necessary, even the unthinkable, to prevent a nuclear war, since a confirmed nuclear strike order cannot be countermanded.",28,movie,484468,/8bxIzp9w9l9ZzGVwNaIKOaem05A.jpg,[9],7.549,3.4966,2019-02-20,['Prime Video']
Patriots Time,"The brothers Sultan and Bekzat Ibrayev are serving faithfully in the Armed Forces of Kazakhstan, and at the same time they are in family disagreement. Sultan is a valiant intelligence officer and Bekzat is a talented fighter pilot. While an international terrorist organization prepares a carefully planned attack on the country's strategically important facilities, the brothers have to face not only a mortal threat, but also face a family confrontation related to their dead father. Circumstances force them to unite in order to save human lives, and the brothers eventually understand that their homeland and family are the most valuable thing they have.",28,movie,965571,/A4QM6oF4UNNhQh1f9pRdXvyKW5s.jpg,[9],7.546,1.7312,2022-04-28,['Prime Video']
Kaithi,"Dilli, a convicted criminal, is out on parole to meet his daughter. However, a drug bust sets him off on a mission to save the life of police officers.",28,movie,587030,/s3VZHlvfU6Mg95Db2Q5Dkqy6gDY.jpg,[9],7.5,1.7962,2019-10-25,['Prime Video']
Mission: Impossible - Dead Reckoning Part One,"Ethan Hunt and his IMF team embark on their most dangerous mission yet: To track down a terrifying new weapon that threatens all of humanity before it falls into the wrong hands. With control of the future and the world's fate at stake and dark forces from Ethan's past closing in, a deadly race around the globe begins. Confronted by a mysterious, all-powerful enemy, Ethan must consider that nothing can matter more than his mission—not even the lives of those he cares about most.",28,movie,575264,/NNxYkU70HPurnNCSiCjYAmacwm.jpg,[9],7.5,27.0301,2023-07-08,['Prime Video']
Hard Hit,"On his way to work, a bank manager receives an anonymous call claiming there's a bomb under his car seat, and if anyone exits the car, it will explode unless he can pay a ransom.",28,movie,654739,/y2Aimt8isimtigec3e4kB2G9FMR.jpg,[9],7.532,3.5144,2021-06-23,['Prime Video']
Mission: Possible,"Chinese secret agent Da-hee receives intel that a large number of illegal firearms are being smuggled into Korea and is sent to investigate the case. She meets Su-han, who is supposed to help her with the case, but due to his lackluster skills they fight over trivial things. But as their witnesses are suddenly murdered, the two of them quickly become the prime suspects.",28,movie,629028,/l2VrjVMJvyYizizmTkro22GLLnt.jpg,[9],7.517,3.4999,2021-02-17,['Prime Video']
The Tomorrow War,"The world is stunned when a group of time travelers arrive from the year 2051 to deliver an urgent message: Thirty years in the future, mankind is losing a global war against a deadly alien species. The only hope for survival is for soldiers and civilians from the present to be transported to the future and join the fight. Among those recruited is high school teacher and family man Dan Forester. Determined to save the world for his young daughter, Dan teams up with a brilliant scientist and his estranged father in a desperate quest to rewrite the fate of the planet.",28,movie,588228,/34nDCQZwaEvsy4CFO5hkGRFDCVU.jpg,[9],7.515,20.1388,2021-09-03,['Prime Video']
PAW Patrol: Mighty Pups,"When their latest scheme goes awry, Mayor Humdinger and his nephew Harold accidentally divert a meteor towards Adventure Bay. The meteor's golden energy grants the PAW Patrol superpowers. The heroic Mighty Pups are on a roll to super-save the day.",28,movie,552095,/h09VT8gNfRBlr7S8l1lm27m4rus.jpg,[9],7.51,3.6481,2018-10-04,['Prime Video']
The Swordsman,"After being blinded in a coup against the king, Joseon's greatest swordsman goes into hiding, far removed from his city's anguish. But when traffickers kidnap his daughter, he has no choice but to unsheathe his sword once more.",28,movie,492008,/r08U3dwiOeStXcjYmfnRyumgKyq.jpg,[9],7.5,3.2977,2020-09-23,['Prime Video']
Balkan Line,"After the NATO bombing of Yugoslavia in 1999, the Yugoslav army pulls out of Kosovo region, leaving Serbian people at the mercy of the Albanian UCK. A small band of soldiers must take over the Slatina airport, and hold it until the Russian peacekeepers arrive.",28,movie,517093,/okiB4NUriKKbGjAtVSzveicPTtu.jpg,[9],7.484,4.7162,2019-03-21,['Prime Video']
12.12: The Day,"After the assassination of President Park, martial law has been declared. A coup d'état bursts out by DefenseSecurity Commander Chun Doo-gwang and a private band of officers following him. Capital Defense Commander Lee Tae-shin, an obstinate soldier who believes the military should not take political actions, fights against Chun Doo-gwang to stop him.The conflict between the two grows while military leaders are holding their decision and Defense Minister is gone. In the midst of chaos, the spring of Seoul that everyone longed for heads to unexpected direction.",28,movie,919207,/vy14tKxsbJYdDyFl6kQuVkK2s44.jpg,[9],7.5,2.9407,2023-11-22,['Prime Video']
Dunkirk,"The story of the miraculous evacuation of Allied soldiers from Belgium, Britain, Canada and France, who were cut off and surrounded by the German army from the beaches and harbour of Dunkirk between May 26th and June 4th 1940 during World War II.",28,movie,374720,/b4Oe15CGLL61Ped0RAS9JpqdmCt.jpg,[9],7.45,12.849,2017-07-19,['Prime Video']
K.G.F: Chapter 2,"The blood-soaked land of Kolar Gold Fields (KGF) has a new overlord now - Rocky, whose name strikes fear in the heart of his foes. His allies look up to Rocky as their Savior, the government sees him as a threat to law and order; enemies are clamoring for revenge and conspiring for his downfall. Bloodier battles and darker days await as Rocky continues on his quest for unchallenged supremacy.",28,movie,587412,/khNVygolU0TxLIDWff5tQlAhZ23.jpg,[9],7.432,4.0965,2022-04-14,['Prime Video']
They Call Me Jeeg,"Exposed to radioactive waste, small-time crook Enzo gains super-strength. A misanthropic, introverted brute, he uses his powers for personal gain until he meets Alessia, a mentally ill girl who believes Enzo is the hero from her favorite anime, Steel Jeeg.",28,movie,364433,/5V54GvHclEuO4qJ13tEaFqaFTxP.jpg,[9],7.414,4.0247,2016-02-25,['Prime Video']
K.G.F: Chapter 1,"A period drama set in the 1970s, KGF follows the story of a fierce rebel who rises against the brutal oppression in Kolar Gold Fields and becomes the symbol of hope to legions of downtrodden people.",28,movie,564147,/ltHlJwvxKv7d0ooCiKSAvfwV9tX.jpg,[9],7.409,4.5251,2018-12-20,['Prime Video']
Creed,"The former World Heavyweight Champion Rocky Balboa serves as a trainer and mentor to Adonis Johnson, the son of his late friend and former rival Apollo Creed.",28,movie,312221,/1BfTsk5VWuw8FCocAhCyqnRbEzq.jpg,[9],7.4,15.7211,2015-11-25,['Prime Video']
Big Brother,"A soldier-turned-high school teacher uses unusual methods to reach to a class of poor students, while dealing with a greedy entrepreneur and his gang of fighters as well as the government.",28,movie,504056,/z6Y6uQn2fORr7o43EggQrTsp08o.jpg,[9],7.405,6.3135,2018-08-16,['Prime Video']
Operation Red Sea,"A squad of the Jiaolong Commando Unit - Sea Dragon, a spec ops team of the Chinese Navy, carries out a hostage rescue operation in the nation of Yewaire, on the Arabian Peninsula, and fiercely fights against local rebel groups and Zaka, a terrorist organization.",28,movie,460555,/6ctXBO0o5fKQvGdSJsPc8TAYCvp.jpg,[9],7.362,5.707,2018-02-16,['Prime Video']
Unstoppable,"Dong-chul and Ji-soo are a happily married couple. One day, Dong-chul comes home to find his house in disarray and his wife missing.",28,movie,554972,/csle64zkLObsdRoabreC6bBRxLI.jpg,[9],7.334,3.7628,2018-11-22,['Prime Video']
The Beekeeper,One man's campaign for vengeance takes on national stakes after he is revealed to be a former operative of a powerful and clandestine organization known as Beekeepers.,28,movie,866398,/A7EByudX0eOzlkQ2FIbogzyazm2.jpg,[9],7.33,23.6609,2024-01-08,['Prime Video']
Vikram Vedha,A notorious gangster Vedha surrenders himself to encounter specialist Vikram whom he challenges every step of the way by narrating his life events in the form of riddles that needs to be solved in order to capture him.,28,movie,432139,/ob9YxdzRu5lfKgz0PNrlL45dorf.jpg,[9],7.3,2.2792,2017-07-21,['Prime Video']
Ride On,A washed-up stuntman and his stunt horse become an overnight social media sensation when their real-life fight with debt collectors goes viral.,28,movie,931102,/7cVHSVDEltw7dO9t9ixClpQqekm.jpg,[9],7.317,3.5448,2023-04-07,['Prime Video']
The Witch: Part 2. The Other One,"A girl wakes up in a huge secret laboratory, then accidentally meets another girl who is trying to protect her house from a gang. The mystery girl overthrows the gang with her unexpected powers, and laboratory staff set out to find her.",28,movie,615173,/9YTuscJXmr9Iua62amCgGSU8PDW.jpg,[9],7.308,13.0895,2022-06-15,['Prime Video']
Assassination,"In Japanese-occupied Korea, three freedom fighters are assigned a mission to assassinate a genocidal military leader and his top collaborator. But the plan goes completely awry amidst double-crossings, counter-assassinations, and a shocking revelation about one of the assassins' past.",28,movie,291549,/h4waWHgfIaqcFfMQ38aKDs6Pkw3.jpg,[9],7.3,4.6249,2015-07-22,['Prime Video']
13 Hours: The Secret Soldiers of Benghazi,An American Ambassador is killed during an attack at a U.S. compound in Libya as a security team struggles to make sense out of the chaos.,28,movie,300671,/AskDcQ6Sa6jImyt2KDQbgRuPebH.jpg,[9],7.271,11.6082,2016-01-14,['Prime Video']
Transformers: Rise of the Beasts,"When a new threat capable of destroying the entire planet emerges, Optimus Prime and the Autobots must team up with a powerful faction known as the Maximals. With the fate of humanity hanging in the balance, humans Noah and Elena will do whatever it takes to help the Transformers as they engage in the ultimate battle to save Earth.",28,movie,667538,/gPbM0MK8CP8A174rmUwGsADNYKD.jpg,[9],7.244,22.8444,2023-06-06,['Prime Video']
The Roundup,"The 'Beast Cop' Ma Seok-do heads to a foreign country to extradite a suspect, but soon after his arrival, he discovers additional murder cases and hears about a vicious killer who has been committing crimes against tourists for several years.",28,movie,619803,/aTogcymFfYXYb2sx950ntIpgOJe.jpg,[9],7.241,6.6041,2022-05-18,['Prime Video']
Teenage Mutant Ninja Turtles: Mutant Mayhem,"After years of being sheltered from the human world, the Turtle brothers set out to win the hearts of New Yorkers and be accepted as normal teenagers through heroic acts. Their new friend April O'Neil helps them take on a mysterious crime syndicate, but they soon get in over their heads when an army of mutants is unleashed upon them.",28,movie,614930,/kbnhvFPyXKCKLNhg1pkz6rXQ4Le.jpg,[9],7.225,10.3089,2023-07-31,['Prime Video']
Mission: Impossible - Rogue Nation,"Ethan and team take on their most impossible mission yet—eradicating 'The Syndicate', an International and highly-skilled rogue organization committed to destroying the IMF.",28,movie,177677,/sGvcWcI99OTXLzghD7qXw00KaY5.jpg,[9],7.209,11.7692,2015-07-23,['Prime Video']
Raazi,An Indian spy is married to a Pakistani military officer during the Indo-Pakistani War of 1971.,28,movie,491629,/fF2xXApETxZqyluokyJ1x4gIiTf.jpg,[9],7.204,1.6772,2018-05-10,['Prime Video']
Hundreds of Beavers,"In the 19th century, a drunken applejack salesman must go from zero to hero and become North America's greatest fur trapper by defeating hundreds of beavers.",28,movie,1019939,/qgXS9HrYaYDnILeXebatCbtX9IP.jpg,[9],7.2,3.4132,2024-01-26,['Prime Video']
Seobok,"Ex intelligence agent Ki-heon is tasked with safely transporting Seo Bok, the first ever human clone, who holds the secret of eternal life. Several forces try to take control of Seo Bok to serve their own agendas.",28,movie,586047,/nxxuWC32Y6TULj4VnVwMPUFLIpK.jpg,[9],7.2,3.1368,2021-04-12,['Prime Video']
Puss in Boots: The Last Wish,"Puss in Boots discovers that his passion for adventure has taken its toll: He has burned through eight of his nine lives, leaving him with only one life left. Puss sets out on an epic journey to find the mythical Last Wish and restore his nine lives.",12,movie,315162,/kuf6dutpsT0vSVehic3EZIqkOBt.jpg,[9],8.217,25.5983,2022-12-07,['Prime Video']
Maquia: When the Promised Flower Blooms,"Maquia is a member of a special race called the Iorph who can live for hundreds of years. However, Maquia has always felt lonely despite being surrounded by her people, as she was orphaned from a young age. She daydreams about the outside world, but dares not travel from her home due to the warnings of the clan's chief.  One day the kingdom of Mezarte invades her homeland. They already have what is left of the giant dragons, the Renato, under their control, and now their king wishes to add the immortality to his bloodline.  They ravage the Iorph homeland and kill most of its inhabitants. Caught in the midst of the attack, Maquia is carried off by one of the Renato. It soon dies, and she is left deserted in a forest, now truly alone save for the cries of a single baby off in the distance. Maquia finds the baby in a destroyed village and decides to raise him as her own, naming him Ariel. Although she knows nothing of the human world, how to raise a child that ages much faster than her.",12,movie,476292,/dtYkdgDAAMrAPm1cCW89FcqNSRq.jpg,[9],8.188,4.4345,2018-02-24,['Prime Video']
Transformers One,"The untold origin story of Optimus Prime and Megatron, better known as sworn enemies, but once were friends bonded like brothers who changed the fate of Cybertron forever.",12,movie,698687,/iRCgqpdVE4wyLQvGYU3ZP7pAtUc.jpg,[9],8.088,26.8175,2024-09-11,['Prime Video']
Red Shoes and the Seven Dwarfs,"Princes who have been turned into Dwarfs seek the red shoes of a lady in order to break the spell, although it will not be easy.",12,movie,486589,/MBiKqTsouYqAACLYNDadsjhhC0.jpg,[9],7.7,7.0153,2019-07-25,['Prime Video']
Mira,"Near future. Lera Arabova is a 15-year-old girl who lives with her family in Vladivostok. Lera's father has been working at the orbiting space station ""Mira"" for many years and has long lost contact with his daughter, turning only into a voice on the phone. After a meteor shower hits the city, Lera has only one chance to save her loved ones and the city from a new disaster. Her father helps her in this - through satellite surveillance systems and the telephone, he uses every opportunity to send a message to his daughter, watching from above from the station her every step.",12,movie,864101,/mv2DFhsaLeNgFzNe2G5CJhzbrkt.jpg,[9],7.628,3.9686,2022-12-22,['Prime Video']
The Super Mario Bros. Movie,"While working underground to fix a water main, Brooklyn plumbers—and brothers—Mario and Luigi are transported down a mysterious pipe and wander into a magical new world. But when the brothers are separated, Mario embarks on an epic quest to find Luigi.",12,movie,502356,/qNBAXBIQlnOThrVvA6mA2B5ggV6.jpg,[9],7.623,33.2465,2023-04-05,['Prime Video']
Yu-Gi-Oh!: The Dark Side of Dimensions,"Having faced each other on countless occasions, Yugi and Kaiba again put their pride and experience to the test in a duel that transcends dimensions.",12,movie,366170,/nFQkn1KE0Is3FUW0yPPgdVvCnlo.jpg,[9],7.6,3.6551,2016-04-23,['Prime Video']
The SpongeBob Movie: Sponge on the Run,"When his best friend Gary is suddenly snatched away, SpongeBob takes Patrick on a madcap mission far beyond Bikini Bottom to save their pink-shelled pal.",12,movie,400160,/jlJ8nDhMhCYJuzOw3f52CP1W8MW.jpg,[9],7.449,10.1595,2020-08-14,['Prime Video']
Windstorm 3,"Ostwind and Mika have found a real home at the farm Kaltenbach with Mika's grandmother. In the hustle of running therapy center and due to Mika's fame as a horse-whisperer, she feels that she doesn't have enough freedom and time to ride. After a serious disagreement with her grandmother, Mika secretly sets off for the night in eastern Andalusia, Spain, where she suspects Ostwind's roots are.",12,movie,422766,/xUM4l9LelUzrGaSkZdd1OKdWmOf.jpg,[9],7.434,1.0201,2017-07-27,['Prime Video']
Meru,"Meru is the electrifying story of three elite American climbers—Conrad Anker, Jimmy Chin, and Renan Ozturk—bent on achieving the impossible.",12,movie,318279,/oQsMMSTJnWneD9YwYbUbsJzbQ7f.jpg,[9],7.4,1.503,2015-01-25,['Prime Video']
Long Way North,"In 1892 Saint Petersburg, when her explorer grandfather's failure to return from his latest expedition brings dishonour to her aristocratic family, a resilient teenager runs away to follow in his trail in search of his famed ship.",12,movie,345775,/nh3ModvEfZhSzfylPFsPaxt2CjG.jpg,[9],7.4,1.2468,2015-12-10,['Prime Video']
Windstorm 2,"Summer vacation. Mika is overjoyed to see Windstorm again. But then she discovers strange wounds on the belly of Windstorm, for which no one has an explanation. Yet this is Kaltenbach verge of bankruptcy! With a heavy heart Mika decides to participate in a variety tournament in which beckons a high prize money. But during training affects Windstorm distracted, often he runs away easily. Mika pursued the black stallion until deep into the forest and is quite surprised: From the thicket a seemingly magical gray mare appears and the two horses dance around lovingly. Suddenly, a strange boy named Milan appears, who says the mare had escaped him. He claimed that he could Help Mika to win the tournament. But is there still time to save Kaltenbach?",12,movie,334354,/jlIxeuiDVmo904sMiv4RvU5tVbt.jpg,[9],7.306,1.52,2015-05-14,['Prime Video']
Freaks Out,Four super-powered circus freaks find themselves trapped in war-torn Rome after their foster father is captured by the Nazis.,12,movie,571468,/6y0qa5rkSMuTmOPyQZ8u0g1VeEF.jpg,[9],7.287,1.5104,2021-10-28,['Prime Video']
Mia and the White Lion,A young girl from London moves to Africa with her parents where she befriends a lion cub.,12,movie,498248,/zXfwBeYe0RnqsJ0dnBoFTB4SSrG.jpg,[9],7.276,3.6544,2018-08-02,['Prime Video']
Heidi,"Heidi, is an eight-year-old Swiss orphan who is given by her aunt to her mountain-dwelling grandfather. She is then stolen back by her aunt from her grandfather to live in the wealthy Sesemann household in Frankfurt, Germany as a companion to Klara, a sheltered, disabled girl in a wheelchair. Heidi is unhappy but makes the best of the situation, always longing for her grandfather.",12,movie,365045,/ue6L0x3C9V4c5kIiWnEIOPwtGhw.jpg,[9],7.202,3.8831,2015-12-10,['Prime Video']
Brothers of the Wind,"The way of the eagle is to raise two chicks. The stronger is destined always to throw the weaker from the nest. Man also has his ways, often to hurt those closest to him.  Lukas suffers at the hands of a father who has withdrawn since the loss of his wife. Killed whilst rescuing the infant Lukas, the boy now carries the burden of her death.  Our eagle’s story begins in the nest. The first-born chick pushes his weaker brother to a certain death on the forest floor. But fate intervenes and the chick is found by Lukas. Naming him Abel, Lukas cares for the creature in secret, finding a love and companionship denied to him at home. But when the day comes to release Abel back into the wild, will Lukas find his own release into a new life?",12,movie,378373,/n7ghzx9azfBho8WNB02jqOlAm5P.jpg,[9],7.2,1.6491,2015-12-24,['Prime Video']
Penguin Highway,"A fourth-grader investigates the mysterious reason behind the sudden appearance of penguins in his village, which is somehow related to a power from a young woman working at a dental clinic.",12,movie,508422,/wMJJk4kkXfqwP5W7wYHWvDXhTlw.jpg,[9],7.2,1.8841,2018-08-17,['Prime Video']
Max,A dog that helped soldiers in Afghanistan returns to the U.S. and is adopted by his handler's family after suffering a traumatic experience.,12,movie,272878,/d3ACos3t4YwXML8keTA0wKN8e36.jpg,[9],7.152,4.4324,2015-06-25,['Prime Video']
"Turu, the Wacky Hen","Like a love song to differences, Turu, the Wacky Hen tells the story of a creature who, due to her particular appearance, becomes the object of ridicule for the rest of the henhouse. Her wiry legs and featherless back don’t startle Isabel, an ex music teacher who picks her for being so special. Turuleca doesn’t lay eggs because her hidden talent is another: she talks, she sings and she dances, giving it her all. Turu, the Wacky Hen is a full-color, animated party that invites us to move our bodies to its musical numbers, making us sing verses that have the power to turn us into children once again, if only for a little while.",12,movie,653247,/xaG10x1C8dCHkNumSslH6jwzvpt.jpg,[9],7.1,1.2342,2020-01-01,['Prime Video']
Storm Boy,"Storm Boy lives a lonely life with his reclusive father on a desolate coastline, but when he forms a close bond with a pelican, Mr. Percival, his life takes a new and unexpected turn.",12,movie,505953,/geQ8xR84vmv44NuYgjmhvHF5HNm.jpg,[9],7.117,1.5314,2019-01-17,['Prime Video']
Kali: Avenging Angel,"Lisa, aka Kali, who has nothing left to lose when she finds out her husband has been executed in Rio to cover up a corruption scandal. A former Special Forces recruit, she heads to Brazil with fists, blood and explosives, to Know the truth",12,movie,1108354,/7GC0TEOQ1ljAhtvcwdthAbb5D3h.jpg,[9],7.081,2.8801,2024-05-31,['Prime Video']
Hotel Transylvania: Transformania,"When Van Helsing's mysterious invention, the ""Monsterfication Ray,"" goes haywire, Drac and his monster pals are all transformed into humans, and Johnny becomes a monster. In their new mismatched bodies, Drac and Johnny must team up and race across the globe to find a cure before it's too late, and before they drive each other crazy.",12,movie,585083,/teCy1egGQa0y8ULJvlrDHQKnxBL.jpg,[9],7.072,13.5995,2022-01-31,['Prime Video']
PAW Patrol: The Mighty Movie,"A magical meteor crash lands in Adventure City and gives the PAW Patrol pups superpowers, transforming them into The Mighty Pups.",12,movie,893723,/aTvePCU7exLepwg5hWySjwxojQK.jpg,[9],7.055,14.1378,2023-09-21,['Prime Video']
The Spacewalker,"March 1965. In the heat of the Cold War, the USA and the USSR are competing for supremacy in space. What both superpowers aim for in this race, is to be the first to have a man walk in outer space. To accomplish that, no price is too high and no risk is too great. Now it’s up to the unlikely duo of a seasoned war veteran and a hot-headed test-pilot to fulfill this mission. Two men in a tiny spaceship, without proper testing, facing the complete unknown. They were supposed to do what no man has done before—and no man imagined what would happen next.",12,movie,440642,/hDNVRmrprxI9NQ0zc2Uu03p65Fw.jpg,[9],7.038,2.273,2017-04-06,['Prime Video']
AINBO: Spirit of the Amazon,"An epic journey of a young hero and her Spirit Guides, 'Dillo' a cute and humorous armadillo and ""Vaca"" a goofy oversized tapir, who embark on a quest to save their home in the spectacular Amazon Rainforest.",12,movie,588921,/l8HyObVj8fPrzacAPtGWWLDhcfh.jpg,[9],7.0,2.758,2021-02-09,['Prime Video']
Nerve,"Industrious high school senior Vee Delmonico has had it with living life on the sidelines. When pressured by friends to join the popular online game Nerve, Vee decides to sign up for just one dare in what seems like harmless fun. But as she finds herself caught up in the thrill of the adrenaline-fueled competition partnered with a mysterious stranger, the game begins to take a sinister turn with increasingly dangerous acts, leading her into a high stakes finale that will determine her entire future.",12,movie,328387,/qmSpHC0CSNyNll9WhlwWYuwoQ28.jpg,[9],7.016,7.6007,2016-06-27,['Prime Video']
Operation Mekong,The Chinese government launches a daring operation to arrest a violent drug cartel following the discovery of thirteen Chinese crew members' bodies on two ships sailing through the Mekong River.,12,movie,415214,/wghFabaZgRorsMQWuPtKUlzq4W1.jpg,[9],6.974,3.1522,2016-09-30,['Prime Video']
Shaun the Sheep Movie,"When Shaun decides to take the day off and have some fun, he gets a little more action than he bargained for. A mix up with the Farmer, a caravan and a very steep hill lead them all to the Big City and it's up to Shaun and the flock to return everyone safely to the green grass of home.",12,movie,263109,/cAOyc1wykhkOJ5Vm0BdjsGrLbeD.jpg,[9],6.958,3.2215,2015-02-05,['Prime Video']
Raging Fire,"Cheung Sung-bong is a highly respected cop with a long history of success in dangerous cases. However, his past soon comes back to haunt him when a former protégé resurfaces, seeking revenge.",12,movie,513692,/oS2oELplwNVo2jFCySQzo3x3S8d.jpg,[9],6.931,3.2587,2021-07-28,['Prime Video']
The Extraordinary Journey of the Fakir,Ajatashatru Lavash Patel has lived all his life in a small Mumbai neighborhood tricking people with street magic and fakir stunts. He sets out on a journey to find his estranged father but instead gets dragged on a never-ending adventure.,12,movie,407447,/40ZAC1HMDL8knY9r7uJ7uwj5udy.jpg,[9],6.9,2.4151,2018-05-09,['Prime Video']
Shin Kamen Rider,"A man forced to bear power and stripped of humanity. A woman skeptical of happiness. Takeshi Hongo, an Augmentation made by SHOCKER, and Ruriko Midorikawa, a rebel of the organization, escape while fighting off assassins. What’s justice? What’s evil? Will this violence end? Despite his power, Hongo tries to remain human. Along with freedom, Ruriko has regained a heart. What paths will they choose?",12,movie,813477,/9dTO2RygcDT0cQkawABw4QkDegN.jpg,[9],6.9,3.3252,2023-03-17,['Prime Video']
SPL 2: A Time for Consequences,"A Hong Kong cop named Kit busts a major gangster only to find his cover blown and his main witness gone. The gangster, in retaliation, has him kidnapped and put in a Thai jail with a false criminal identity. Lowly prison guard Chai, with his extraordinary fighting skills, guards Kit and prevents his escape. The prison guard’s daughter suffers from a rare form of leukemia and Kit is the only donor who can save her. The prison guard discovers Kit’s real identity and helps him to escape in return for his agreeing to save his daughter. Together, Kit and Chai must face and take down the gangster and his minions.",12,movie,331576,/lCy3410NhfJiB6XoCaePJXbldv0.jpg,[9],6.911,2.7844,2015-06-18,['Prime Video']
Look Back,"Popular, outgoing Fujino is celebrated by her classmates for her funny comics in the class newspaper. One day, her teacher asks her to share the space with Kyomoto, a truant recluse whose beautiful artwork sparks a competitive fervor in Fujino. What starts as jealousy transforms when Fujino realizes their shared passion for drawing.",16,movie,1244492,/4f2EcNkp1Mvp9wE5w7HKxcmACWg.jpg,[9],7.985,8.5887,2024-06-28,['Prime Video']
In This Corner of the World,"Japan, 1943, during World War II. Young Suzu leaves her village near Hiroshima to marry and live with her in-laws in Kure, a military harbor. Her creativity to overcome deprivation quickly makes her indispensable at home. Inhabited by an ancestral wisdom, Suzu impregnates the simple gestures of everyday life with poetry and beauty. The many hardships, the loss of loved ones, the frequent air raids of the enemy, nothing alters her enthusiasm…",16,movie,378108,/9Z4H4M2F8OQTB04YC1Opds8MFBb.jpg,[9],7.9,3.4547,2016-11-12,['Prime Video']
Monster High: Great Scarrier Reef,"Join your favourite ghoulfriends in an all-new aquatic adventure! When the ghouls get pulled into the school pool, they're transported to the gore-geous underwater world of the Great Scarrier Reef. Lagoon realizes she's come home and, in a fintastic mission of the heart, decides to come to terms with her own freaky flaws. Of course she'll need help from the most creeperific firends ever as she confronts a frenemy from her past, competes in a scaretastic dance extravaganze, and fights a terrible beast from the deep!",16,movie,382581,/fSyx6I8PVT91d6LgNReYLRyDt0e.jpg,[9],7.8,2.0408,2016-02-12,['Prime Video']
"Monster High: Boo York, Boo York","It's fright lights, big city when the Monster High ghouls head to Boo York! Cleo de Nile is invited to attend a gancy gala celebrating the return of the magical comet and, of course, she brings along her beast friends. But their trip isn't all fun and frightseeing because Nefera, Cleo's sister, uses the comet's power for her own spooktacularly sneaky plans. Can the monsters unwrap the mystery of the comet in time to stop Nefera? Find out in Booy York, Boo York, the first-ever Monster High musical, featuring eight original songs.",16,movie,360404,/jdYMuynxD7T6wovmE5mHzy6u91J.jpg,[9],7.754,2.5097,2015-10-19,['Prime Video']
Throne of Elves,"In the mythical Elven world of Altera, an epic battle unfolds between the beautiful Princess Liya and the Dark Elf Elena, who has gained possession of a jewel so powerful it allows its holder complete authority over all Alterans.",16,movie,408355,/yCV6x3ovzdPEF8LC7JmTr0wOxs3.jpg,[9],7.57,2.9768,2016-07-31,['Prime Video']
Josep,"February 1939. Overwhelmed by the flood of Republicans fleeing Franco's dictatorship, the French government's solution consists in confining the Spanish refugees in concentration camps where they have no other choice than to build their own shelters, feed off the horses which have carried them out of their country, and die by the hundred for lack of hygiene and water... In one of these camps, two men, separated by barbwire, will become friends. One is a guard the other is Josep Bartoli (Barcelona 1910 - New York 1995), a cartoonist who fights against the Franco regime.",16,movie,680952,/o0pwyA3PqgqfguXUKc475SJYR2x.jpg,[9],7.538,0.7314,2020-09-30,['Prime Video']
Liz and the Blue Bird,"In their last year of high school, two girls in the brass band club perform a song inspired by a fairy tale that parallels their friendship.",16,movie,482150,/7xRIkqWJy4cNpUxPo5aZ24O0Tyx.jpg,[9],7.5,2.7013,2018-04-21,['Prime Video']
Monster High: Haunted,"Lurk what's waiting for the Monster High ghouls when they bring their killer fashion to the howlways of the spooktacular Haunted High! When the ghouls of Monster High follow Spectra Vondergeist one day, they discover a creeperiffic Ghost World with an all-spirit school. But their scary-cute student bodies are hardly welcome with the very strict Principal Revenant, and she punishes Spectra with frightful detention chains that prevent her from re-joining Monster High. Now, it's up to the imperfectly perfect friends to take on ghostly forms in order to save one of their own from disappearing forever!",16,movie,324963,/jvwpfW0xRt2pQGD5tJbqmkc9STb.jpg,[9],7.432,2.675,2015-03-02,['Prime Video']
The Monkey King: Reborn,"When the irritable monkey king visits a temple together with his master Tang Monk, he feels offended because of a trifle and thereupon accidentally destroys a magic tree growing on the sacred ground. This brings an ancient demon king back to life, who promptly kidnaps Tang Monk to take revenge for his long imprisonment. The monkey king and his followers have only three days to not only save their master but also to prevent the demon king from regaining his full powers and destroying the world…",16,movie,811634,/67YXOoKGODyGvJXfXzVmgHNXYh8.jpg,[9],7.2,4.5264,2021-04-02,['Prime Video']
"PAW Patrol: Ready, Race, Rescue!","It’s the Adventure Bay 500! The pups have built an awesome race track and are ready to be the pit crew for their race hero, The Whoosh! But when the legendary racer is unable to drive in the championship race, he calls on his biggest fan-pup Marshall to take the wheel and race in his place! Marshall has to overcome his lack of confidence and his dastardly competition, The Cheetah, to fulfill his dream of becoming the fastest race-pup ever!",16,movie,624620,/nnnsxea1j6hfoE0q1WY0V9yRBPY.jpg,[9],7.115,3.117,2019-08-02,['Prime Video']
Anomalisa,An inspirational speaker becomes reinvigorated after meeting a lively woman who shakes up his mundane existence.,16,movie,291270,/4DJ1zNr4Y6q7zQ27goEYla46VdO.jpg,[9],7.108,3.4176,2015-12-30,['Prime Video']
Monkey King: Hero Is Back,"The all-powerful Monkey King once roamed freely between Heaven and Earth, but after angering the Gods, he was imprisoned within an ice cage deep within the mountains. 500 years later, monsters attack a small village and a child flees to the mountains. Unknowingly, the child releases the Monkey King from his curse. With the help and encouragement from this special child, Monkey King saves the village from the evil monsters.",16,movie,351694,/xHme10Y5jVdH8KeSGgStndjatF5.jpg,[9],6.914,3.6927,2015-07-10,['Prime Video']
Kung Fu Panda 3,"While Po and his father are visiting a secret panda village, an evil spirit threatens all of China, forcing Po to form a ragtag army to fight back.",16,movie,140300,/oajNi4Su39WAByHI6EONu8G8HYn.jpg,[9],6.91,14.3234,2016-01-23,['Prime Video']
The Stolen Princess,"This wonderful story happened in the age of valiant knights, beautiful princesses, and battling sorcerers. Ruslan, a wandering artist dreaming to become a knight, met beautiful Mila and fell in love with her; he didn’t even suspect that she is the King’s daughter. However, the lovers’ happiness wasn’t meant to last too long. Chernomor, the evil sorcerer, appeared in a magic vortex and stole Mila right before Ruslan’s eyes to transform her power of love into his own magic power. Without further ado, Ruslan sets out on a chase after the stolen princess to overcome all obstacles and to prove that real love is stronger than magic.",16,movie,463116,/jJaRhOk9FaPTIqP8L4NqnOYEXHo.jpg,[9],6.9,3.3463,2018-03-07,['Prime Video']
Asterix: The Secret of the Magic Potion,"Following a fall during mistletoe picking, Druid Getafix decides that it is time to secure the future of the village. Accompanied by Asterix and Obelix, he undertakes to travel the Gallic world in search of a talented young druid to transmit the Secret of the Magic Potion.",16,movie,527729,/5OvHpzWXBzOvgZwOoUsqNSouSwy.jpg,[9],6.839,3.3996,2018-05-12,['Prime Video']
Stick Man,"Stick Man lives in the family tree with his Stick Lady Love and their stick children three, and he's heading on an epic adventure across the seasons. Will he get back to his family in time for Christmas?",16,movie,374251,/hChFSATMxo9cDpDGl5iit5dx7yy.jpg,[9],6.805,1.9949,2015-12-07,['Prime Video']
Bilal: A New Breed of Hero,"A thousand years ago, one boy with a dream of becoming a great warrior is abducted with his sister and taken to a land far away from home. Thrown into a world where greed and injustice rule all, Bilal finds the courage to raise his voice and make a change. Inspired by true events, this is a story of a real hero who earned his remembrance in time and history.",16,movie,332718,/ncWuEzxnXqssxRfHghZuUAIezCo.jpg,[9],6.778,1.9671,2016-09-08,['Prime Video']
Merry Little Batman,"This Christmas, Damian Wayne wants to be a superhero like his dad – the one and only Batman. When Damian is left home alone while Batman takes on Gotham’s worst supervillains on Christmas Eve, he stumbles upon a villainous plot to steal Christmas and leaps at the chance to save the day.",16,movie,870358,/2J70guF8wcErbYbRgZUBcvShgI1.jpg,[9],6.603,3.2021,2023-12-08,['Prime Video']
Seoul Station,"In this animated prequel to ""Train to Busan,"" a group of survivors deals with a zombie pandemic that unleashes itself in downtown Seoul.",16,movie,389868,/vJgRo5EJMYPzBcljlIlUxBAlucL.jpg,[9],6.541,1.8701,2016-08-17,['Prime Video']
The Son of Bigfoot,"Teenage outsider Adam sets out on an epic and daring quest to uncover the mystery behind his long-lost dad, only to find out that he is none other than the legendary Bigfoot! He has been hiding deep in the forest for years to protect himself and his family from HairCo., a giant corporation eager to run scientific experiments with his special DNA. As father and son start making up for lost time after the boy's initial disbelief, Adam soon discovers that he too is gifted with superpowers beyond his imagination. But little do they know, HairCo. is on their tail as Adam's traces have led them to Bigfoot!",16,movie,413644,/5yCQvhFuFPY0pACxoUpLUlYCxop.jpg,[9],6.538,4.0049,2017-07-26,['Prime Video']
The Jungle Bunch,"Maurice may look like a penguin - but he's a real tiger inside! Raised by a tigress, he's the clumsiest kung-fu master ever. Along with his friends, The Jungle Bunch, he intends to maintain order and justice in the jungle, as his mother did before he. But Igor, an evil koala, wants to destroy the jungle once and for all—helped by his army of silly baboons.",16,movie,448779,/rZ0T0yRe8iDqAgeZXRNvpAJh5z1.jpg,[9],6.3,1.2141,2017-07-26,['Prime Video']
Sheep & Wolves,"In a magical faraway land, in a picturesque little village nestled among green meadows and rolling hills, lives a flock of carefree sheep. But their pastoral and stress-free life is interrupted when a pack of wolves sets up camp in the nearby ravine.",16,movie,394759,/4R28oIV65bElWcXlavPV0kRbmSZ.jpg,[9],6.17,2.6979,2016-04-28,['Prime Video']
Rock Dog,"When a radio falls from the sky into the hands of a wide-eyed Tibetan Mastiff, he leaves home to fulfill his dream of becoming a musician, setting into motion a series of completely unexpected events.",16,movie,333667,/7RXi2afiNJGU8EB79SD8HYoSz4O.jpg,[9],6.2,3.5297,2016-07-08,['Prime Video']
Gulliver Returns,"World traveler and adventurer Gulliver is invited to return to Lilliput, the town he previously saved from the enemy fleet of the neighboring Blefuscu.",16,movie,763539,/76ZSoIbdCQuPo2dW6Na7XybL1ax.jpg,[9],6.2,0.7794,2021-08-19,['Prime Video']
Early Man,"Dug, along with his sidekick Hognob, unite a cavemen tribe to save their hidden valley from being spoiled and, all together as a team, to face the menace of a mysterious and mighty enemy, on the turf of an ancient and sacred sport.",16,movie,387592,/5iW2rntwLZoGlFCYYy8TjHyblbw.jpg,[9],6.15,3.7283,2018-01-26,['Prime Video']
Arctic Dogs,Animals band together to save the day when the evil Otto Von Walrus hatches a sinister scheme to accelerate global warming and melt the Arctic Circle.,16,movie,416153,/5YHjyjd2N0ZXcnGuB8G1nIa6h9t.jpg,[9],6.034,2.0597,2019-11-01,['Prime Video']
Ozzy,"Ozzy, a friendly, peaceful beagle has his idyllic life turned upside down when the Martins leave on a long and distant trip. There's only one problem: no dogs allowed! Unable to bring their beloved Ozzy along for the ride, they settle on the next best thing, a top-of-the-line canine spa called Blue Creek.",16,movie,411221,/sfg5cNvZNo6wjHAxkKwt6nqI2gp.jpg,[9],5.985,2.7924,2016-10-14,['Prime Video']
The Queen's Corgi,"Since his arrival at Buckingham palace, Rex lives a life of luxury. Top dog, he has superseded his three fellow Corgis in Her Majesty’s heart. His arrogance can be quite irritating. When he causes a diplomatic incident during an official dinner with the President of the United States, he falls into disgrace. Betrayed by one of his peers, Rex becomes a stray dog in the streets of London. How can he redeem himself? In love, he will find the resources to surpass himself in the face of great danger…",16,movie,509730,/xcl4vYTqqzwn3ihUpjCQz0jqhV3.jpg,[9],5.9,2.3576,2019-02-13,['Prime Video']
Sausage Party,Hot dog Frank leads a group of supermarket products on a quest to discover the truth about their existence and what really happens when they become chosen to leave the grocery store.,16,movie,223702,/vNgdPJQ5CI60oEiiHLKRNrsDhMy.jpg,[9],5.74,8.1002,2016-07-11,['Prime Video']
Dying to Survive,"When a mysterious visitor appears, the life of Yong Cheng, owner of a store that stocks aphrodisiac products, changes dramatically. He becomes the exclusive selling agent of a cheap Indian generic drug against Chronic Granulocytic Leukemia in China. Not only does Yong Cheng see his profits skyrocket, but he is dubbed the god of medicine“ by his customers",35,movie,532753,/xxtK8DWdIwdxF5X2TJcIRDSEtE6.jpg,[9],8.109,1.8347,2018-07-06,['Prime Video']
"Red, White & Royal Blue","After an altercation between Alex, the president's son, and Britain's Prince Henry at a royal event becomes tabloid fodder, their long-running feud now threatens to drive a wedge in U.S./British relations. When the rivals are forced into a staged truce, their icy relationship begins to thaw and the friction between them sparks something deeper than they ever expected.",35,movie,930094,/ta3ReqbdEcLJM3mcHMzbYFZI8v7.jpg,[9],7.993,13.8291,2023-07-27,['Prime Video']
Knives Out,"When renowned crime novelist Harlan Thrombey is found dead at his estate just after his 85th birthday, the inquisitive and debonair Detective Benoit Blanc is mysteriously enlisted to investigate. From Harlan's dysfunctional family to his devoted staff, Blanc sifts through a web of red herrings and self-serving lies to uncover the truth behind Harlan's untimely death.",35,movie,546554,/pThyQovXQrw2m0s9x82twj48Jq4.jpg,[9],7.843,21.0778,2019-11-27,['Prime Video']
A la mala,"Maria Laura ""Mala"" is an actress with little luck, but she is successful working for other women, seducing their boyfriends to know if they are faithful or not. But everything changes when her dream to perform in her acting career depends on a job to be performed with Santiago who breaks the pattern and shakes her professional convictions.",35,movie,317925,/AinFWAtZFif4SociC1yRTqkk8WQ.jpg,[9],7.7,1.146,2015-02-27,['Prime Video']
Poor Things,"Brought back to life by an unorthodox scientist, a young woman runs off with a lawyer on a whirlwind adventure across the continents. Free from the prejudices of her times, she grows steadfast in her purpose to stand for equality and liberation.",35,movie,792307,/kCGlIMHnOm8JPXq3rXM6c5wMxcT.jpg,[9],7.698,20.8768,2023-12-07,['Prime Video']
War of Likes,"In order to advance her career in the dynamic world of publicity in Mexico City, Raquel tries to reunite with her high school friend Cecy who has become the queen of social media. But unlike followers, friendships do not come instantly.",35,movie,709629,/jpdWHOu6EJbYnLXLCA52h82nLEz.jpg,[9],7.7,0.8031,2021-03-12,['Prime Video']
Another Round,Four high school teachers launch a drinking experiment: upholding a constant low level of intoxication.,35,movie,580175,/aDcIt4NHURLKnAEu7gow51Yd00Q.jpg,[9],7.635,6.3855,2020-09-24,['Prime Video']
A Man Called Ove,"Despite being deposed as president of his condominium association, grumpy 59-year-old Ove continues to watch over his neighbourhood with an iron fist. When pregnant Parvaneh and her family move into the terraced house opposite Ove and she accidentally back into Ove’s mailbox, it sets off a series of unexpected changes in his life.",35,movie,348678,/a41uvFqze4PI7N3E9jPNwN9ypV.jpg,[9],7.6,5.065,2015-12-25,['Prime Video']
About Fate,"Two strangers believe in love but never seem to be able to find its true meaning. In a wild twist of events, fate puts each in the other's path on one stormy New Year's Eve.",35,movie,828613,/fabZkaVHYJ67KbZx7oFoitauX34.jpg,[9],7.493,2.5572,2022-09-08,['Prime Video']
The Carmilla Movie,"It has been five years since Laura and Carmilla vanquished the apocalypse and Carmilla became a bonafide mortal human. They have settled in to a cozy apartment in downtown Toronto, Laura continues to hone her journalism skills while Carmilla adjusts to a non-vampire lifestyle. Their domestic bliss is suddenly ruptured when Carmilla begins to show signs of ""re-vamping"" – from a fondness for bloody treats to accidental biting – while Laura has started having bizarre, ghostly dreams. The couple must now enlist their old friends from Silas University to uncover the unknown supernatural threat and save humanity – including Carmilla's.",35,movie,421131,/jL8FaFdMLoxCaXhZfPY4tFbXwe7.jpg,[9],7.413,1.4904,2017-10-26,['Prime Video']
Then Came You,An American hypochondriac who is working as a baggage handler is forced to confront his fears when a British teenager with a terminal illness enlists him to help her carry out her eccentric bucket list.,35,movie,375785,/658QP5tmBRUlE5JvxOnnmITfG1F.jpg,[9],7.4,3.9222,2018-12-05,['Prime Video']
Rise,"Elise thought she had the perfect life: an ideal boyfriend and a promising career as a ballet dancer. It all falls apart the day she catches him cheating on her with her stage backup; and after she suffers an injury on stage, it seems like she might not be able to dance ever again.",35,movie,771077,/ue6GyiX9dLSpmmAze1pPYcIlUrf.jpg,[9],7.406,1.0366,2022-03-30,['Prime Video']
The Idea of You,"40-year-old single mom Solène begins an unexpected romance with 24-year-old Hayes Campbell, the lead singer of August Moon, the hottest boy band on the planet. As they begin a whirlwind romance, it isn't long before Hayes' superstar status poses unavoidable challenges to their relationship, and Solène soon discovers that life in the glare of his spotlight might be more than she bargained for.",35,movie,843527,/Y5P4Q3q8nrruZ9aD3wXeJS2Plg.jpg,[9],7.4,14.4106,2024-05-02,['Prime Video']
Miss You Already,The friendship between two life-long girlfriends is put to the test when one starts a family and the other falls ill.,35,movie,290762,/eQ9ra8OrZML5w9A4yib8tscgDbY.jpg,[9],7.4,1.8181,2015-09-12,['Prime Video']
The Big Sick,"Pakistan-born comedian Kumail Nanjiani and grad student Emily Gardner fall in love but struggle as their cultures clash. When Emily contracts a mysterious illness, Kumail finds himself forced to face her feisty parents, his family's expectations, and his true feelings.",35,movie,416477,/9fJTT8pBxxQsFILJHTtHhdYFr77.jpg,[9],7.331,9.6515,2017-03-30,['Prime Video']
American Fiction,"A novelist fed up with the establishment profiting from ""Black"" entertainment uses a pen name to write a book that propels him into the heart of hypocrisy and the madness he claims to disdain.",35,movie,1056360,/57MFWGHarg9jid7yfDTka4RmcMU.jpg,[9],7.314,3.4624,2023-11-10,['Prime Video']
Dog,An army ranger and his dog embark on a road trip along the Pacific Coast Highway to attend a friend's funeral.,35,movie,626735,/zHQy4h36WwuCetKS7C3wcT1hkgA.jpg,[9],7.306,3.8312,2022-02-17,['Prime Video']
Psych: The Movie,"The ambitious friends come together during the holidays after a mystery assailant targets one of their own. A comedic thrill-ride follows, as the wild and unpredictable Psych team pursues the bad guys, justice … and, of course, food!",35,movie,457840,/82Z6LEnkewH40pv6fa2Ci1CkSnd.jpg,[9],7.287,2.4917,2017-12-07,['Prime Video']
Status Update,"After being uprooted by his parents' separation and unable to fit into his new hometown, a teenager stumbles upon a magical app that causes his social media updates to come true.",35,movie,416494,/E4twRNScyq3g6tRpvK6X8LdD1z.jpg,[9],7.284,4.9374,2018-02-09,['Prime Video']
Bodied,A progressive graduate student finds success and sparks outrage when his interest in battle rap as a thesis subject becomes a competitive obsession.,35,movie,431491,/5urgy7sXFbvCK7SBmc0fF978AOb.jpg,[9],7.2,1.4328,2018-11-02,['Prime Video']
Upgraded,"Ana is an ambitious intern dreaming of a career in the art world while trying to impress her demanding boss Claire. When she's upgraded to first class on a work trip, she meets handsome Will, who mistakes Ana for her boss– a white lie that sets off a glamorous chain of events, romance and opportunity, until her fib threatens to surface.",35,movie,1014590,/uhOXS17gRpTwA85WsZLlYFK3rz0.jpg,[9],7.224,7.8859,2024-02-07,['Prime Video']
Where to Invade Next,"To understand firsthand what the United States of America can learn from other nations, Michael Moore playfully “invades” some to see what they have to offer.",35,movie,352208,/58gW2Uty2cAsgBgwC58vT2Z9SVt.jpg,[9],7.203,2.4464,2015-12-23,['Prime Video']
The Nature of Love,"Sophia is a philosophy professor in Montreal and has lived as a couple with Xavier for 10 years. Sylvain is a carpenter in the Laurentians and must renovate their country house. When Sophia meets Sylvain for the first time, it’s love at first sight. Opposites attract, but can it last?",35,movie,912520,/u4IbLxbb1p9X9pMAUn4ddJztO60.jpg,[9],7.2,5.8487,2023-09-22,['Prime Video']
Dìdi (弟弟),"In 2008, during the last month of summer before high school begins, an impressionable 13-year-old Taiwanese American boy learns what his family can't teach him: how to skate, how to flirt, and how to love your mom.",35,movie,1158915,/rb3R60903ghdBMtlo2EyCZ6WEdY.jpg,[9],7.176,3.49,2024-07-26,['Prime Video']
The Healer,The film follows a man with an unwanted gift for healing who meets a teenager with cancer who helps him to find himself.,35,movie,340270,/mwBsg7cFE7GwDPKP4Pv26w2Txmp.jpg,[9],7.174,2.6263,2017-02-17,['Prime Video']
The Menu,"A young couple travels to a remote island to eat at an exclusive restaurant where the chef has prepared a lavish menu, with some shocking surprises.",35,movie,593643,/fPtUgMcLIboqlTlPrq0bQpKK8eq.jpg,[9],7.17,13.3172,2022-11-17,['Prime Video']
Dum Laga Ke Haisha,A slim uneducated guy is pressured into an arranged marriage with an overweight college girl. The mismatched couple is challenged to compete in the annual wife-carrying race.,35,movie,325138,/c9TX2kH1rG7QYEl09flOVg82QdU.jpg,[9],7.2,2.1087,2015-02-27,['Prime Video']
Snack Shack,"Inseparable best friends AJ and Moose decide to run the local pool's snack shack after their plan to sell home-brewed beer goes down the drain. Things take a turn when they meet Brooke, an effortlessly cool lifeguard who puts their big plans, and friendship, at risk.",35,movie,1037113,/wCXd5tpUSc12LVPd2oN9OKU1EVQ.jpg,[9],7.153,7.2487,2024-03-15,['Prime Video']
Dating Amber,"Eddie and Amber decide to stage a relationship in order to stop everyone speculating about their sexuality. Eddie is keen to follow his dad into the military, while Amber dreams of moving to the liberal hub of London. The plan seems solid, but as their arrangement begins to fall apart, Eddie’s denial gets deeper as Amber realizes that a perilous future awaits her best friend unless she intervenes.",35,movie,635918,/cMJnfNm1qqFdRYTUtAVqKyjgJAm.jpg,[9],7.136,1.7322,2020-07-03,['Prime Video']
Newton,A government clerk on election duty in a conflict-ridden jungle of Central India tries his best to conduct free and fair voting despite the apathy of security forces and the looming fear of guerrilla attacks by communist rebels.,35,movie,439128,/ubzHA1aXUsWvQJHjvqBCHxzTBi5.jpg,[9],7.1,1.8749,2017-09-22,['Prime Video']
This Beautiful Fantastic,"Set against the backdrop of a beautiful garden in the heart of London, this contemporary fairy tale revolves around the unlikely friendship between a reclusive young woman and a cantankerous old widower. Bella Brown is a beautifully quirky young woman who dreams of writing and illustrating a successful children’s book. After she is forced by her landlord to deal with her neglected garden or face eviction, she meets her match, nemesis, and unlikely mentor in Alfie Stephenson, a grumpy, loveless, old man who lives next door who happens to be an amazing horticulturalist.",35,movie,352490,/22b9jLGJ8OVzlEnWzqF0yRy5Na3.jpg,[9],7.135,1.4183,2016-10-20,['Prime Video']
Paterson,"A week in the life of Paterson, a poet bus driver, and his wife Laura, a very creative artist, who live in Paterson, New Jersey, hometown of many famous poets and artists.",35,movie,370755,/hhpXV2SntaApx411hObmopQejdV.jpg,[9],7.1,3.276,2016-11-17,['Prime Video']
The Underdoggs,"Jaycen 'Two Js' Jennings is a washed-up former pro football star who has hit rock bottom. When sentenced to community service coaching the Underdoggs, an unruly pee-wee football team in his hometown, he sees it mostly as an opportunity to rebuild his public image. But in the process, he may just turn his life around and rediscover his love of the game.",35,movie,1007826,/haFB89tlAcex3WHuy3trtp1yhwt.jpg,[9],7.1,2.4664,2024-01-25,['Prime Video']
IF,"After discovering she can see everyone's imaginary friends, a girl embarks on a magical adventure to reconnect forgotten imaginary friends with their kids.",35,movie,639720,/xbKFv4KF3sVYuWKllLlwWDmuZP7.jpg,[9],7.1,22.1854,2024-05-08,['Prime Video']
Miles and Lies,"Lu has a perfect life. Or so she pretends to have. She meets the handsome, short-tempered Argentinian, Diego, who is on a visit to Mexico, and she is confident to get him head over heels in love with her. In order to win a wager with her friends, her life will take a turn when she does the impossible to win him over, including taking a trip to Argentina to look for him.",35,movie,1098239,/t0dOmTiAWM2RkzqcjAJlFHckm0u.jpg,[9],7.1,0.7461,2023-03-09,['Prime Video']
A Good Person,Allison's life falls apart following her involvement in a fatal accident. The unlikely relationship she forms with her would-be father-in-law helps her live a life worth living.,35,movie,800787,/x973yfVzKJtPJsW11CoJDVWbXMZ.jpg,[9],7.1,2.1808,2023-03-23,['Prime Video']
Dope,"Malcolm is carefully surviving life in a tough neighborhood in Los Angeles while juggling college applications, academic interviews, and the SAT. A chance invitation to an underground party leads him into an adventure that could allow him to go from being a geek, to being dope, to ultimately being himself.",35,movie,308639,/n6u00imN7AX2NiyWUc5kTgHXmEf.jpg,[9],7.064,4.2613,2015-06-19,['Prime Video']
Red One,"After Santa Claus (codename: Red One) is kidnapped, the North Pole's Head of Security must team up with the world's most infamous tracker in a globe-trotting, action-packed mission to save Christmas.",35,movie,845781,/cdqLnri3NEGcmfnqwk2TSIYtddg.jpg,[9],7.056,45.1517,2024-10-31,['Prime Video']
Argentina 1985,"In the 1980s, a team of lawyers takes on the heads of Argentina's bloody military dictatorship in a battle against odds and a race against time.",80,movie,714888,/nmh7vD2eDVRqFJoCpEzVcfGcPPf.jpg,[9],7.855,3.4648,2022-09-29,['Prime Video']
Shoplifters,"After one of their shoplifting sessions, Osamu and his son come across a little girl in the freezing cold. At first reluctant to shelter the girl, Osamu’s wife agrees to take care of her after learning of the hardships she faces. Although the family is poor, barely making enough money to survive through petty crime, they seem to live happily together until an unforeseen incident reveals hidden secrets, testing the bonds that unite them.",80,movie,505192,/4nfRUOv3LX5zLn98WS1WqVBk9E9.jpg,[9],7.853,4.6489,2018-06-02,['Prime Video']
Les Misérables,"Stéphane has recently joined the Anti-Crime Squad in Montfermeil, in the suburbs of Paris, France, where Victor Hugo set his famed novel “Les Miserables”. Alongside his new colleagues Chris and Gwada – both experienced members of the team – he quickly discovers tensions running high between local gangs. When the trio finds themselves overrun during the course of an arrest, a drone captures the encounter, threatening to expose the reality of everyday life.",80,movie,586863,/pUc2ZaIxvPHROjT0Trd6tpSnTme.jpg,[9],7.577,3.4409,2019-11-14,['Prime Video']
Drishyam 2,"7 years after the events of Drishyam, the family lives with the trauma from that fateful night. A gripping tale of an investigation and a family threatened by it. Will Georgekutty be able to protect his family this time?",80,movie,706872,/8RJBCUGE27LX06tAES4jTELN0KA.jpg,[9],7.548,4.4677,2021-02-19,['Prime Video']
Jai Bhim,"A pregnant woman from a primitive tribal community, searches desperately for her husband, who is missing from police custody. So as to find her husband and seek justice for them, as their voice, a High Court advocate rises in support. Will their battle for justice succeed?",80,movie,855400,/ehybiOtBUtrMkmtB39zQEtq1Jie.jpg,[9],7.44,2.594,2021-11-02,['Prime Video']
Ratsasan,"A serial killer is murdering school girls, and a newbie cop has to track him down before the victim count increases.",80,movie,412862,/mA0RseJsBNTUi00C1Bs0Wi9XOKQ.jpg,[9],7.393,3.3234,2018-10-05,['Prime Video']
Frank and Penelope,A tale of love and violence when a man on his emotional last legs finds a savior seductively dancing in a run-down strip club. And a life most certainly headed off a cliff suddenly becomes redirected - as everything is now worth dying for.,80,movie,899294,/5NpXoAi3nEQkEgLO09nmotPfyNa.jpg,[9],7.316,2.494,2022-06-03,['Prime Video']
Midnight,A serial killer ruthlessly hunts down a deaf woman through the streets of South Korea after she witnesses his brutal crime.,80,movie,628704,/gXaS8OuavUsEjoW7P8qKrHTGPi1.jpg,[9],7.242,8.5716,2021-06-30,['Prime Video']
Sardar Udham,"A young Sardar Udham Singh left deeply scarred by the Jallianwala Bagh massacre, escaped into the mountains of Afghanistan, reaching London in 1933-34. Carrying an unhealed wound for 21 years, the revolutionary assassinated Michael O’Dwyer on 13th March, 1940, the man at the helm of affairs in Punjab, April 1919 to avenge the lost lives of his beloved brethren.",80,movie,598826,/lAyDLZAVjslmtPC0EW5OSh0BMYA.jpg,[9],7.1,2.5416,2021-10-16,['Prime Video']
Beasts Clawing at Straws,"A struggling restaurant owner, caring for his sick mom, finds a bag of cash in a sauna locker, while a customs officer gets into trouble when his girlfriend runs off with money he borrowed from a loan shark.",80,movie,571648,/lO4hjVBxrVtMmupGraIR3c7Jq1Q.jpg,[9],7.118,2.0377,2020-02-19,['Prime Video']
Bomb City,An ongoing feud between punk rockers and a more affluent clique in a small Texas town leads to a hate crime.,80,movie,396774,/kho48mWJ5xuiLn5bpuIvO6ZP7ep.jpg,[9],7.11,1.7224,2017-03-31,['Prime Video']
The Accountant,"As a math savant uncooks the books for a new client, the Treasury Department closes in on his activities and the body count starts to rise.",80,movie,302946,/fceheXB5fC4WrLVuWJ6OZv9FXYr.jpg,[9],7.097,30.6446,2016-10-13,['Prime Video']
Shock Wave 2,"After suffering life changing injuries in the line of duty, bomb disposal officer Fung turns his back on the police. But when a devastating series of bombings sweep Hong Kong, the police suspect their former ally may be involved after he is found unconscious at a crime scene. Now faced with memory loss and recalling only fragments of his former life, Fung sets out to uncover the truth and find out who he really is.",80,movie,559974,/5eMEnVKFDXKjlxIKKqkXIStI1Tz.jpg,[9],7.1,1.2,2020-12-24,['Prime Video']
In the Fade,"Katja's life collapses after the deaths of her husband and son in a bomb attack. After a time of mourning and injustice, Katja seeks revenge.",80,movie,423646,/AdH8xoP2wAFZDMWiSoCGoLa0DUr.jpg,[9],6.901,2.561,2017-11-23,['Prime Video']
The Villainess,A young girl is raised as a killer in the Yanbian province of China. She hides her identity and travels to South Korea where she hopes to lead a quiet life but becomes involved with two mysterious men.,80,movie,437109,/tJlOV2SU6qTxR540H9VtoCAOVm.jpg,[9],6.9,4.8571,2017-06-08,['Prime Video']
Monkey Man,"Kid is an anonymous young man who ekes out a meager living in an underground fight club where, night after night, wearing a gorilla mask, he is beaten bloody by more popular fighters for cash. After years of suppressed rage, Kid discovers a way to infiltrate the enclave of the city’s sinister elite. As his childhood trauma boils over, his mysteriously scarred hands unleash an explosive campaign of retribution to settle the score with the men who took everything from him.",80,movie,560016,/4lhR4L2vzzjl68P1zJyCH755Oz4.jpg,[9],6.9,9.556,2024-04-03,['Prime Video']
Chasing the Dragon,"An illegal immigrant from Mainland China sneaks into the corrupt British-colonized Hong Kong in 1963, transforming himself into a ruthless drug lord.",80,movie,449927,/Lc0XGNZmsFe3uA1UMqhlBiJSY4.jpg,[9],6.9,1.2036,2017-09-28,['Prime Video']
Deliver Us from Evil,"A retired contract killer goes on a bloody rampage when a young girl finds herself at the mercy of gangland human traffickers and only one man can come to her rescue, with an arsenal of weapons and years of experience in the art of killing.",80,movie,581526,/hngKHgBHRD5nbTx92zatBC6eMSP.jpg,[9],6.9,2.895,2020-08-05,['Prime Video']
The Mule,"Earl Stone, a man in his eighties, is broke, alone, and facing foreclosure of his business when he is offered a job that simply requires him to drive. Easy enough, but, unbeknownst to Earl, he's just signed on as a drug courier for a Mexican cartel. He does so well that his cargo increases exponentially, and Earl hit the radar of hard-charging DEA agent Colin Bates.",80,movie,504172,/oeZh7yEz3PMnZLgBPhrafFHRbVz.jpg,[9],6.858,5.5628,2018-12-14,['Prime Video']
Piranhas,A gang of teenage boys stalk the streets of Naples armed with hand guns and AK-47s to do their mob bosses' bidding – until they decide to be the bosses themselves.,80,movie,574436,/7fcIdggCiqoz3vddPhb9TkHlEYC.jpg,[9],6.8,1.3994,2019-02-14,['Prime Video']
Avengement,"While on a prison furlough, a lowly criminal evades his guards and returns to his old stomping ground to take revenge on the people who turned him into a cold blooded killer.",80,movie,534490,/rXPxSAYf3FdQktnOtQnvhUPMhFp.jpg,[9],6.785,3.675,2019-05-24,['Prime Video']
Mr. Six,"Many years ago Mr. Six was a notorious gangster. That was back when there was still such a thing as honour among thieves, when criminals earned respect and maintained principles. These days Mr. Six is all but forgotten, a living relic residing in a narrow alley.  One day Six's son, Xiaobo, is abducted by some spoiled punks after he scratches their precious Ferrari. Mr. Six realizes that he must do whatever it takes to get his son back — even if that means returning to the life he thought he had left behind.",80,movie,357940,/hVttIfMDjQwHdVpUYhxdBamkl02.jpg,[9],6.785,1.5942,2015-12-18,['Prime Video']
Memory,"Alex, an assassin-for-hire, finds that he's become a target after he refuses to complete a job for a dangerous criminal organization. With the crime syndicate and FBI in hot pursuit, Alex has the skills to stay ahead, except for one thing: he is struggling with severe memory loss, affecting his every move. Alex must question his every action and whom he can ultimately trust.",80,movie,818397,/4Q1n3TwieoULnuaztu9aFjqHDTI.jpg,[9],6.8,6.9466,2022-04-28,['Prime Video']
American Animals,"Lexington, Kentucky, 2004. Four young men attempt to execute one of the most audacious art heists in the history of the United States.",80,movie,489931,/aLbdKxgxuOPvs6CTlmzoOQ4Yg3j.jpg,[9],6.749,3.5571,2018-06-01,['Prime Video']
V,"DCP Aditya, a celebrated cop, faces his most unsettling case yet involving a mysterious serial killer who has been brutally killing his targets and leaving behind notes challenging Aditya to nab him. Teaming with Apoorva, an aspiring crime novelist, and the police force, Aditya finds himself walking on thin ice upon discovering the killer has another challenge for him: to prevent four more murders from happening or give up his medals and resign. What he is yet to find out is the killer's past and his desperation to carry out the killing spree without fail.",80,movie,683342,/iBVcwOVZNGNCNlOLFmcYJW83tTu.jpg,[9],6.748,0.9429,2020-09-05,['Prime Video']
The Parts You Lose,"An unlikely friendship unfolds between a young deaf boy, Wesley, and a fugitive criminal who takes refuge in an abandoned barn on the family’s rural North Dakota farm.",80,movie,492613,/9kX7Yew8IHsTtBsOcktA9BEjoNo.jpg,[9],6.7,0.8865,2019-03-14,['Prime Video']
First Love,"One night in Tokyo, Leo, a young boxer, meets his first love, Monica, an imprisoned sex worker. Caught up in a drug-smuggling scheme, they find themselves pursued by a corrupt cop, a yakuza, his nemesis, and a female assassin.",80,movie,597094,/xsC4RfkozbvgoOqnFoyH8P277ho.jpg,[9],6.718,1.5028,2019-05-31,['Prime Video']
The Bikeriders,"After a chance encounter, headstrong Kathy is drawn to Benny, member of Midwestern motorcycle club the Vandals. As the club transforms into a dangerous underworld of violence, Benny must choose between Kathy and his loyalty to the club.",80,movie,1008409,/qTb6sSRt8Pw96JTan8ezU2xO0FU.jpg,[9],6.703,7.0361,2024-06-19,['Prime Video']
Samaritan,"Thirteen year old Sam Cleary suspects that his mysteriously reclusive neighbor Mr. Smith is actually the legendary vigilante Samaritan, who was reported dead 25 years ago. With crime on the rise and the city on the brink of chaos, Sam makes it his mission to coax his neighbor out of hiding to save the city from ruin.",80,movie,629176,/zgH8Ej50n2cvJCMJrxd4twEwSqz.jpg,[9],6.689,6.6008,2022-08-25,['Prime Video']
Only the Animals,"Following the disappearance of the glamorous and secretive Evelyne Ducat during a blizzard in the highlands of southern France, the lives of five people inextricably linked to Evelyne are brought together to devastating effect as the local police investigate the case.",80,movie,574321,/zdAS6PT1AZIL7s1q9xTkOMDjU5z.jpg,[9],6.688,1.5253,2019-12-04,['Prime Video']
The Infiltrator,A U.S Customs official uncovers a massive money laundering scheme involving Pablo Escobar.,80,movie,325789,/758F57DxVRLe38S1Je4O1Bjx2u6.jpg,[9],6.679,2.9043,2016-07-13,['Prime Video']
The Ardennes,"A brutal home-jacking goes hopelessly wrong. Dave, one of the two robbers, manages to run off, leaving his brother Kenneth behind. Four years later, Kenneth is released from prison and much has changed. Dave has his life back on track and is trying to help Kenneth however possible, but is witnessing how the highly strung Kenneth tries to win back his ex-girlfriend Sylvie.",80,movie,351037,/nVfABxAnahoU65o61cZ77tKNbD7.jpg,[9],6.649,1.7959,2015-10-14,['Prime Video']
Ennio,"A portrait of Ennio Morricone, the most popular and prolific film composer of the 20th century, the one most loved by the international public, a two-time Oscar winner and the author of over five hundred unforgettable scores.",99,movie,396194,/lEuLAubp74HYztEyNYpEx3AoqOu.jpg,[9],8.328,2.9642,2022-02-17,['Prime Video']
BTS: Yet to Come in Cinemas,"Join RM, Jin, SUGA, j-hope, Jimin, V and Jung Kook in this special cinematic cut, re-edited and remixed for the big screen. Watch new close-up angles and a whole new view of the entire concert, BTS Yet To Come in Busan. Featuring hit songs from across the group's career, including ""Dynamite,"" ""Butter"" and “IDOL,"" plus the first concert performance of ""Run BTS"" from the group’s latest album Proof.",99,movie,1063453,/eWb45OsBHSO2t1j068bqDsPOGG9.jpg,[9],8.267,1.5343,2023-02-01,['Prime Video']
Chasing Happiness,"From humble roots as pastor's sons in New Jersey, through their meteoric rise to fame, the Jonas Brothers' bond was unshakeable-until a surprising and painful breakup led Joe, Kevin and Nick down very different paths. With deeply personal interviews, previously unreleased footage and exclusive music, this is the Jonas Brothers as never seen before.",99,movie,601169,/qbJx8lLgGxMeBbieyYGHKcVWpN.jpg,[9],8.0,1.649,2019-06-04,['Prime Video']
I Am: Celine Dion,"A raw and honest behind-the-scenes look at the iconic superstar's struggle with a life-altering illness. Serving as a love letter to her fans, this inspirational documentary highlights the music that has guided her life while also showcasing the resilience of the human spirit.",99,movie,879805,/zbfztYiTOCSVAfBcYJeIoKuoCIe.jpg,[9],7.8,2.2899,2024-06-18,['Prime Video']
I Am Not Your Negro,"Working from the text of James Baldwin’s unfinished final novel, director Raoul Peck creates a meditation on what it means to be Black in the United States.",99,movie,411019,/zwd0Zti7BvY1mO0mTPzM0fRrtc6.jpg,[9],7.727,3.6171,2017-02-03,['Prime Video']
RBG,"Justice Ruth Bader Ginsburg now 84, and still inspired by the lawyers who defended free speech during the Red Scare, Ginsburg refuses to relinquish her passionate duty, steadily fighting for equal rights for all citizens under the law. Through intimate interviews and unprecedented access to Ginsburg’s life outside the court, RBG tells the electric story of Ginsburg’s consuming love affairs with both the Constitution and her beloved husband Marty—and of a life’s work that led her to become an icon of justice in the highest court in the land.",99,movie,493099,/vIenhDe9DuvxODJOIpMjBheYlcS.jpg,[9],7.5,1.8777,2018-05-04,['Prime Video']
Dior and I,"Behind-the-scenes documentary revealing what goes on inside the colourful, privileged, and sometimes stressful Christian Dior fashion house.",99,movie,261860,/w1qBPXztk6C7eZxShmYcGWuiDUS.jpg,[9],7.3,0.9662,2015-03-06,['Prime Video']
One Child Nation,"Through interviews with both victims and instigators, Nanfu Wang, a first-time mother, breaks open decades of silence on a vast, unprecedented social experiment that shaped — and destroyed — countless lives in China.",99,movie,566368,/bV0aqhB7fsw5mWJROBnFro1Qhwn.jpg,[9],7.2,0.7375,2019-03-29,['Prime Video']
Val,"For over 40 years Val Kilmer, one of Hollywood’s most mercurial and/or misunderstood actors has been documenting his own life and craft through film and video. He has amassed thousands of hours of footage, from 16mm home movies made with his brothers, to time spent in iconic roles for blockbuster movies like Top Gun, The Doors, Tombstone, and Batman Forever. This raw, wildly original and unflinching documentary reveals a life lived to extremes and a heart-filled, sometimes hilarious look at what it means to be an artist and a complex man.",99,movie,834027,/vWJKmfmjpkFeTbUGep6t7w5TexA.jpg,[9],7.151,3.1374,2021-07-23,['Prime Video']
Score: A Film Music Documentary,"Music is an integral part of most films, adding emotion and nuance while often remaining invisible to audiences. Matt Schrader shines a spotlight on the overlooked craft of film composing, gathering many of the art form’s most influential practitioners, from Hans Zimmer and Danny Elfman to Quincy Jones and Randy Newman, to uncover their creative process. Tracing key developments in the evolution of music in film, and exploring some of cinema’s most iconic soundtracks, 'Score' is an aural valentine for film lovers.",99,movie,426410,/hlass0Pq1j6WD6JAucH3mXBoWo4.jpg,[9],7.1,1.9909,2017-03-16,['Prime Video']
Mosul,An Iraqi journalist joins an army of uneasy allies and unforgettable characters in the epic battle to liberate the city of Mosul from the Islamic State.,99,movie,594082,/cOaq0MJNf3cCZsPeXWjw95CI0qv.jpg,[9],7.084,1.5841,2019-05-14,['Prime Video']
Super Size Me 2: Holy Chicken!,Muckraking filmmaker Morgan Spurlock reignites his battle with the food industry — this time from behind the register — as he opens his own fast food restaurant.,99,movie,468996,/bq1RcG7UPEzyq63Gi8S59h50Z3X.jpg,[9],7.0,1.2127,2019-09-06,['Prime Video']
Gimme Danger,"No other band in rock'n'roll history has rivaled The Stooges' combination of heavy primal throb, spiked psychedelia, blues-a-billy grind, complete with succinct angst-ridden lyrics, and a snarling, preening leopard of a frontman who somehow embodies Nijinsky, Bruce Lee, Harpo Marx, and Arthur Rimbaud all rolled into one. There is no precedent for The Stooges, while those inspired by them are now legion.  The film will present the context of their emergence musically, culturally, politically, historically, and relate their adventures and misadventures while charting their inspirations and the reasons behind their initial commercial challenges, as well as their long-lasting legacy.",99,movie,392820,/8YHqUETRBIFza756s8kcuU8XhEQ.jpg,[9],6.8,0.6865,2016-08-05,['Prime Video']
Time,"Fox Rich, indomitable matriarch and modern-day abolitionist, strives to keep her family together while fighting for the release of her incarcerated husband. An intimate, epic, and unconventional love story, filmed over two decades.",99,movie,653729,/2yLZmlf6vdpkhTaD0oUmIFu8SsM.jpg,[9],6.795,0.7666,2020-10-09,['Prime Video']
The Wolfpack,"Locked away from society in an apartment on the Lower East Side of Manhattan, the Angulo brothers learn about the outside world through the films that they watch. Nicknamed ‘The Wolfpack’, the brothers spend their childhood reenacting their favorite films using elaborate home-made props and costumes. Their world is shaken up when one of the brothers escapes and everything changes.",99,movie,307931,/gr0hihtD5wxvsH8N4HB66XKfnAo.jpg,[9],6.788,1.5865,2015-06-12,['Prime Video']
Holy Hell,An inside look at a West Hollywood cult formed by a charismatic teacher in the 1980s that eventually imploded.,99,movie,373472,/qD85xZGbePSCJhlALzY1FR1xVm8.jpg,[9],6.635,0.9249,2016-01-25,['Prime Video']
My Scientology Movie,"Following a long fascination with the religion and with much experience in dealing with eccentric, unpalatable and unexpected human behavior, the beguilingly unassuming Theroux won't take no for an answer when his request to enter the Church's headquarters is turned down. Inspired by the Church's use of filming techniques, and aided by ex-members of the organization, Theroux uses actors to replay some incidents people claim they experienced as members in an attempt to better understand the way it operates. In a bizarre twist, it becomes clear that the Church is also making a film about Louis Theroux.",99,movie,359871,/mTAZFb79cum6bfU41C96DwMCp6Y.jpg,[9],6.587,1.1629,2016-05-05,['Prime Video']
Lo and Behold: Reveries of the Connected World,Werner Herzog's exploration of the Internet and the connected world.,99,movie,360030,/yv9ecMFec43ReHGy1fDntPF4FS2.jpg,[9],6.571,1.8387,2016-03-04,['Prime Video']
Back in Time,"Cast, crew and fans explore the 'Back to the Future' time-travel trilogy's resonance throughout our culture—30 years after Marty McFly went back in time.",99,movie,330127,/yx564Sa6KUgzKmgcv4wUCefzEzI.jpg,[9],6.536,2.1483,2015-10-20,['Prime Video']
Chris Brown: Welcome to My Life,"This compelling Documentary moves beyond the spotlight and past the attention-grabbing headlines to give pop superstar Chris Brown a chance to tell his own story. New interviews with the international phenomenon reveal long-awaited answers about his passion for making music, his tumultuous and much publicized relationships, and the pitfalls of coming of age in the public eye. Also included is new concert footage, behind-the-scenes access, and special interviews from Usher, Jennifer Lopez, DJ Khaled, Mike Tyson, Jamie Foxx and others.",99,movie,456508,/pZlujGBOc1eqARYYYZGqNdxEYd.jpg,[9],6.4,0.7622,2017-06-08,['Prime Video']
Behind the Curve,"Meet the growing, worldwide community of theorists who defend the belief that the Earth is flat while living in a society who vehemently rejects it.",99,movie,520777,/mOJrtSMmUpfFytvxlUEA8hej2At.jpg,[9],6.323,1.5078,2018-04-30,['Prime Video']
The Nightmare,"Eight people experience sleep paralysis, a condition which leaves them unable to move, speak or react.",99,movie,312827,/ldof0L20WKBt4H6GKQ6aSHSmsk5.jpg,[9],5.496,1.2607,2015-06-05,['Prime Video']
Radical,"In a Mexican border town plagued by neglect, corruption, and violence, a frustrated teacher tries an unorthodox new method to break through his students’ apathy and unlock their curiosity, their potential... and perhaps even their genius.",18,movie,1058694,/eGMkkbG85JUyXQEsbZKSnBrymts.jpg,[9],8.372,3.0214,2023-10-19,['Prime Video']
Lucy Shimmers and the Prince of Peace,Second chances start when a hardened criminal crosses paths with a precocious little girl who is helped by an angel to change hearts during the holiday season.,18,movie,770156,/yfnJ5qIYx7q33fY4jqv9Pu95RSg.jpg,[9],8.3,4.4645,2020-10-19,['Prime Video']
The Handmaiden,"1930s Korea, in the period of Japanese occupation, a new girl, Sookee, is hired as a handmaiden to a Japanese heiress, Hideko, who lives a secluded life on a large countryside estate with her domineering Uncle Kouzuki. But the maid has a secret. She is a pickpocket recruited by a swindler posing as a Japanese Count to help him seduce the Lady to elope with him, rob her of her fortune, and lock her up in a madhouse. The plan seems to proceed according to plan until Sookee and Hideko discover some unexpected emotions.",18,movie,290098,/dLlH4aNHdnmf62umnInL8xPlPzw.jpg,[9],8.208,24.7669,2016-06-01,['Prime Video']
Be with You,"Along with his young son, Ji-ho, Woo-jin misses his wife Soo-a, who died after promising to return a year later with the rainy season. Miraculously, they reunite with Soo-a when the rainy season comes around, but she has no memory of her husband and son whom she dearly loved.",18,movie,499028,/mvstNgM68EyCRWwpArakLhWvvtk.jpg,[9],8.2,3.6308,2018-03-14,['Prime Video']
Nise: The Heart of Madness,"After being released from prison, Dr. Nise da Silveira is back at work in a psychiatric hospital on the outskirts of Rio de Janeiro where she refuses to employ the new and violent electroshock in the treatment of schizophrenics. Ridiculed by doctors, she is forced to take on the abandoned Sector for Occupational Therapy, where she would start a revolution through paintings, animals and love.",18,movie,363103,/eDEu2l4xvmhVuLerpHzzz2i1lgm.jpg,[9],8.2,0.6377,2016-04-21,['Prime Video']
Me Before You,"A small town girl is caught between dead-end jobs. A high-profile, successful man becomes wheelchair bound following an accident. The man decides his life is not worth living until the girl is hired for six months to be his new caretaker. Worlds apart and trapped together by circumstance, the two get off to a rocky start. But the girl becomes determined to prove to the man that life is worth living and as they embark on a series of adventures together, each finds their world changing in ways neither of them could begin to imagine.",18,movie,296096,/Ia3dzj5LnCj1ZBdlVeJrbKJQxG.jpg,[9],7.928,18.5484,2016-06-01,['Prime Video']
Simone: Woman of the Century,"Simone Veil's life story through the pivotal events of Twentieth Century. Her childhood, her political battles, her tragedies. An intimate and epic portrait of an extraordinary woman who eminently challenged and transformed her era defending a humanist message still keenly relevant today.",18,movie,740937,/yyN4d1pz2kd5TNSOKjdTU7aSn2e.jpg,[9],7.9,0.9072,2022-10-12,['Prime Video']
Thirteen Lives,"Based on the true nail-biting mission that captivated the world. Twelve boys and the coach of a Thai soccer team explore the Tham Luang cave when an unexpected rainstorm traps them in a chamber inside the mountain. Entombed behind a maze of flooded cave tunnels, they face impossible odds. A team of world-class divers navigate through miles of dangerous cave networks to discover that finding the boys is only the beginning.",18,movie,698948,/yi5KcJqFxy0D6yP8nCfcF8gJGg5.jpg,[9],7.9,7.097,2022-07-18,['Prime Video']
Invisible Life,"Rio de Janeiro, Brazil, 1950. In the conservative home of the Gusmão family, Eurídice and Guida are two inseparable sisters who support each other. While Guida can share with her younger sister the details of her romantic adventures, Eurídice finds in her older sister the encouragement she needs to pursue her dream of becoming a professional pianist.",18,movie,548544,/dHmy5vHcEfeBfy72sWxAdeSBLmn.jpg,[9],7.877,1.6349,2019-08-30,['Prime Video']
My Fault,"Noah must leave her city, boyfriend, and friends to move into William Leister's mansion, the flashy and wealthy husband of her mother Rafaela. As a proud and independent 17 year old, Noah resists living in a mansion surrounded by luxury. However, it is there where she meets Nick, her new stepbrother, and the clash of their strong personalities becomes evident from the very beginning.",18,movie,1010581,/w46Vw536HwNnEzOa7J24YH9DPRS.jpg,[9],7.82,80.9845,2023-06-08,['Prime Video']
Spotlight,"The true story of how the Boston Globe uncovered the massive scandal of child molestation and cover-up within the local Catholic Archdiocese, shaking the entire Catholic Church to its core.",18,movie,314365,/8DPGG400FgaFWaqcv11n8mRd2NG.jpg,[9],7.815,7.3986,2015-11-06,['Prime Video']
A Day,"Three years ago,  a father saved his daughter's life. After she's involved in a car accident, it looks like he'll have to do it again, no matter how many attempts it takes.",18,movie,459073,/1Tgtamqk3Kp9iwflrDWRRTjGjXB.jpg,[9],7.806,1.8733,2017-06-15,['Prime Video']
Past Lives,"Nora and Hae Sung, two childhood friends, are reunited in New York for one fateful week as they confront notions of destiny, love, and the choices that make a life.",18,movie,666277,/rzO71VFu7CpJMfF5TQNMj0d1lSV.jpg,[9],7.74,14.0879,2023-06-02,['Prime Video']
Sound of Metal,"Metal drummer Ruben begins to lose his hearing. When a doctor tells him his condition will worsen, he thinks his career and life is over. His girlfriend Lou checks the former addict into a rehab for the deaf hoping it will prevent a relapse and help him adapt to his new life. After being welcomed and accepted just as he is, Ruben must choose between his new normal and the life he once knew.",18,movie,502033,/3178oOJKKPDeQ2legWQvMPpllv.jpg,[9],7.713,6.555,2020-11-20,['Prime Video']
A Million Miles Away,"The life of engineer and former NASA astronaut José M. Hernández, the first migrant farmworker to go to space.",18,movie,1002185,/kMI3tgxLAZbzGOVlorUBva0kriS.jpg,[9],7.702,3.6108,2023-09-08,['Prime Video']
1942: Unknown Battle,"WWII 1942: Rzhev, USSR. Stuck in a crucial strategical position, a small company from the Red Army does whatever it takes to fend off the Nazis.",18,movie,647498,/k0dKShTvJZdqkwzJ4qqloy2nNFP.jpg,[9],7.7,1.2969,2019-12-05,['Prime Video']
I Believe,A 9 year old boy experiences God's power in a supernatural way.,18,movie,499338,/7DVRR21ol8EojJxAlaNcLTzLBvI.jpg,[9],7.66,3.4271,2019-06-06,['Prime Video']
Papicha,"Nedjma, an 18-year-old student passionate about fashion design refuses to let the tragic events of the Algerian Civil War keep her from experiencing a normal life. As the social climate becomes more conservative, she rejects the new bans set by the radicals and decides to put on a fashion show.",18,movie,592807,/5SsvyPphkVkByyh0pfzLe00CC2S.jpg,[9],7.644,1.8189,2019-10-09,['Prime Video']
My Policeman,"In the late 1990s, the arrival of elderly invalid Patrick into Marion and Tom’s home triggers the exploration of seismic events from 40 years previous: the passionate relationship between Tom and Patrick at a time when homosexuality was illegal.",18,movie,744114,/wdbiMjXd4CxPfCx4r4Jfy8cGec0.jpg,[9],7.638,2.3042,2022-10-20,['Prime Video']
House of Hummingbird,"14-year-old Eun-hee moves through life like a hummingbird searching for a taste of sweetness wherever she may find it. Ignored by her parents and abused by her brother, she finds her escape by roaming the neighborhood with her best friend, going on adventures, and exploring young love.",18,movie,547404,/ugWlKFgLnv8W6MmRmk0jnaJUSra.jpg,[9],7.6,1.7957,2019-08-28,['Prime Video']
Beautiful Boy,"After he and his first wife separate, journalist David Sheff struggles to help their teenage son, who goes from experimenting with drugs to becoming devastatingly addicted to methamphetamine.",18,movie,451915,/u2Gfv0mz3xePsgyCPHovrnFL1sB.jpg,[9],7.554,15.1177,2018-10-12,['Prime Video']
The Mountain II,"In a desolate war zone where screams of the innocent echo, on the very line between disaster and valor, 7 Maroon Berets will dance with death.",18,movie,427008,/dYCqrxuCuzhfgbYJbO2HN4zTeqa.jpg,[9],7.55,2.0587,2016-11-04,['Prime Video']
Manchester by the Sea,"After his older brother passes away, Lee Chandler is forced to return home to care for his 16-year-old nephew. There he is compelled to deal with a tragic past that separated him from his family and the community where he was born and raised.",18,movie,334541,/o9VXYOuaJxCEKOxbA86xqtwmqYn.jpg,[9],7.548,13.7793,2016-11-17,['Prime Video']
Pacto de Fuga,"During the last years of Pinochet's military regime,  a group of militants from the ""Manuel Rodríguez Patriotic Front"" plan a prison break of political prisoners, through a tunnel that will take them 18 months to dig.",18,movie,596247,/qDFfu73R8uO94ydFtdxEdSfTlg6.jpg,[9],7.5,3.7448,2020-01-23,['Prime Video']
Love Everlasting,"Bridger is a young outsider who's always wanted more. He and his mother flee an abusive home, eventually finding a small town in the middle of nowhere. Once there, Bridger finds true acceptance with another misfit.",18,movie,426203,/fQeaB97z2g0vdu0tvu0T9me1aJF.jpg,[9],7.5,0.9639,2016-11-14,['Prime Video']
The Girl Who Believes in Miracles,"When Sara hears a preacher say faith can move mountains, she starts praying. Suddenly people in her town are mysteriously healed! But fame soon takes its toll – can Sara’s family save her before it’s too late?",10751,movie,805195,/riaVoQwSTQR7wDlZtveUSUhdoIu.jpg,[9],7.5,2.7547,2021-04-02,['Prime Video']
Anne of Green Gables,"A retelling of L.M. Montgomery's story of Anne Shirley, an orphan who is accidentally sent to a couple looking to adopt a boy instead.",10751,movie,397520,/naohj9jmNggrodVingNs1veCwXJ.jpg,[9],7.2,1.4626,2016-02-15,['Prime Video']
Jack of the Red Hearts,A teenage con artist tricks a desperate mother into hiring her as a live-in companion for her autistic daughter.,10751,movie,342464,/40NhRnY2p6hyUiAvWd2aNiNEl9p.jpg,[9],7.1,1.4465,2016-02-26,['Prime Video']
Kapoor & Sons,"Returning home to visit their ill grandfather, two estranged brothers must confront their unresolved rivalry while their parents’ marriage frays.",10751,movie,374173,/oPdcOInH8TqR5udDTDPiDuLSN90.jpg,[9],7.0,1.5525,2016-03-18,['Prime Video']
Hearts Beat Loud,"In the hip Brooklyn neighborhood of Red Hook, single dad and record store owner Frank is preparing to send his hard-working daughter Sam off to college while being forced to close his vintage shop. Hoping to stay connected through their shared musical passions, Frank urges Sam to turn their weekly jam sessions into a father-daughter live act. After their first song becomes an internet breakout, the two embark on a journey of love, growing up and musical discovery.",10751,movie,470333,/h1wKptD8iXJbtAUSz9OlXS3q4Co.jpg,[9],6.988,1.806,2018-06-08,['Prime Video']
Three Wishes for Cinderella,"Popelka, a resourceful and independent young girl, is a servant in her stepmother's house and confides in her closest friend the owl. When she comes across three magical acorns, she's granted a single wish for each one of them.",10751,movie,660262,/4kqH4d9FBQv5Sel39Ns7TMd13RT.jpg,[9],6.958,2.3598,2021-11-12,['Prime Video']
Troop Zero,"In rural 1977 Georgia, a misfit girl dreams of life in outer space. When a national competition offers her a chance at her dream, to be recorded on NASA’s Golden Record, she recruits a makeshift troupe of Birdie Scouts, forging friendships that last a lifetime and beyond.",10751,movie,525946,/yr1RzTrVIfS5n9zvClUfAtZDyUn.jpg,[9],6.948,2.9458,2019-02-01,['Prime Video']
My Spy,"A hardened CIA operative finds himself at the mercy of a precocious 9-year-old girl, having been sent undercover to surveil her family.",10751,movie,592834,/n2C6jRK9PtPIs99RQhKtqGlsnsO.jpg,[9],6.872,4.5517,2020-01-09,['Prime Video']
The Man Who Invented Christmas,"In 1843, despite the fact that Dickens is a successful writer, the failure of his latest book puts his career at a crossroads, until the moment when, struggling with inspiration and confronting reality with his childhood memories, a new character is born in the depths of his troubled mind; an old, lonely, embittered man, so vivid, so human, that a whole world grows around him, a story so inspiring that changed the meaning of Christmas forever.",10751,movie,450322,/qRkzRue5rTzB6PESXBJCKqROOXC.jpg,[9],6.828,2.963,2017-10-12,['Prime Video']
Dil Dhadakne Do,"On a cruise to celebrate their parents' 30th wedding anniversary, a brother and sister deal with the impact of family considerations on their romantic lives.",10751,movie,338065,/AqFX6282JM2ollS4XTFp6t6Dwa9.jpg,[9],6.8,3.5185,2015-06-04,['Prime Video']
Back of the Net,A new student at a soccer academy is determined to beat her rival's team in the national tournament.,10751,movie,515743,/1wwfTLrtvgM8Nnv6djel3b2eHqM.jpg,[9],6.694,1.8343,2019-04-11,['Prime Video']
Aline,"A fictionalized biopic of Aline Dieu, a multitalented singer from a musically inclined family.",10751,movie,498402,/9FC1wqVpaWvaIcAbu6bIYgFDu1z.jpg,[9],6.7,1.2231,2020-11-19,['Prime Video']
The Beauty Inside,"Woo-jin, a furniture designer who wakes up in a different body every day, falls for Yi-soo, a woman he meets through his work.",14,movie,338729,/xlFdEcJs4a8YHHfY9s0mPBrLZZ.jpg,[9],7.6,3.2719,2015-08-20,['Prime Video']
Tumbbad,"India, 1918. On the outskirts of Tumbbad, a cursed village where it always rains, Vinayak, along with his mother and his brother, care of a mysterious old woman who keeps the secret of an ancestral treasure that Vinayak gets obsessed with.",14,movie,538858,/6qeRFImDskoIRkSCFatqeM2rM3k.jpg,[9],7.483,8.6539,2018-10-12,['Prime Video']
I Am Dragon,"In the midst of the wedding princess Miroslava is kidnapped by a dragon and carried away into his castle on the remote island. Mira left everything behind in the past - family, friends and groom. Now the only things she had were a stone cage and a mysterious young man named Arman ... but who is he and what is he doing on that island? Miroslava will know the truth too late: loving a dragon will reveal the bitter truth - love is scary.",14,movie,370964,/9R9mwkXs0W78WMzh4M1yFP7v7RP.jpg,[9],7.2,6.2649,2015-12-03,['Prime Video']
The Map of Tiny Perfect Things,Two teenagers trapped in an endless time loop set out to find all the tiny things that make that one day perfect.,14,movie,672647,/foHto5PECzIaKT4ADV9x2nWY0jg.jpg,[9],7.119,6.5104,2021-02-12,['Prime Video']
Three Thousand Years of Longing,"A solitary scholar discovers an ancient bottle while on a trip to Istanbul and unleashes a djinn who offers her three wishes. Filled with reluctance, she is unable to come up with one, so the djinn tries to inspire her with his stories.",14,movie,556694,/nS7DNl4A7XnDncZX70UJ8ALAihF.jpg,[9],6.889,9.1623,2022-08-24,['Prime Video']
Rampant,"Ancient Korea, 17th century. While the paranoid King Lee Jo of Joseon, vassal of the Qing dynasty, feels surrounded by conspirators and rebels, a dark evil emerges from the bowels of a merchant ship and the exiled Prince Lee Cheung returns to the royal court, ignoring that he will have to lead the few capable of defeating the ambitious humans and the bloody monsters who threaten to destroy the kingdom.",14,movie,537190,/88F0FLFknAIdnPfXxWuSqnICD4W.jpg,[9],6.9,2.5212,2018-10-25,['Prime Video']
The Ash Lad: In the Hall of the Mountain King,"Espen “Ash Lad”, a poor farmer’s son, embarks on a dangerous quest with his brothers to save the princess from a vile troll known as the Mountain King – in order to collect a reward and save his family’s farm from ruin.",14,movie,444090,/uyJEfpAflLCkqn6PFHu9EHxmbI6.jpg,[9],6.785,4.1494,2017-09-29,['Prime Video']
Above the Shadows,A young woman who has faded to the point of becoming invisible must find her way back with the help of the one man who can see her.,14,movie,609734,/3FrGhwhyZdNtdZRXS6jQbFw9KYB.jpg,[9],6.749,2.6127,2019-05-31,['Prime Video']
Endless,"When madly in love high school graduates Riley and Chris are separated by a tragic car accident, Riley blames herself for her boyfriend's death while Chris is stranded in limbo. Miraculously, the two find a way to connect. In a love story that transcends life and death, both Riley and Chris are forced to learn the hardest lesson of all: letting go.",14,movie,470610,/1ZViaX2oRnI0uM3Gf87Z7eCZ3hE.jpg,[9],6.726,2.4631,2020-04-09,['Prime Video']
Mermaid Down,"A mermaid is ripped from the Pacific, her tail is chopped off and she's thrown into a mental home where no one believes she is a mermaid.",14,movie,504631,/oB281saxibom0KC3Ndz81aJJtaa.jpg,[9],6.6,3.5887,2019-10-15,['Prime Video']
The Ash Lad: In Search of the Golden Castle,"When the King and Queen are poisoned, brothers Per and Pål get arrested, suspected of being behind it. Younger brother Espen ""Ash Lad"" and Princess Kristin set out on a quest to find the mythical Soria Moria castle, which is said to be built of pure gold. In Soria Moria, there sits a well containing the Water of Life; the only thing that can cure Kristin's parents. But some wicked Danes are also on the hunt to find the castle. If Espen and Kristin fail, it will spell the end for the brothers, the kingdom - and perhaps the entire world.",14,movie,561557,/5LVjFm8tGRtpapvexWi6RaXEHOC.jpg,[9],6.5,2.0788,2019-08-23,['Prime Video']
The Portable Door,"Paul and Sophie, interns at a mysterious London firm, become steadily aware their employers Humphrey and Dennis are anything but conventional – they are disrupting the world of magic by bringing modern corporate strategy to ancient magical practices.",14,movie,830896,/49NQGuvaMWYeAD22h135tFd2Grs.jpg,[9],6.521,1.8549,2023-03-23,['Prime Video']
I Still See You,"Ten years after an apocalyptic event left the world haunted by ghosts, Roni receives a threatening message from beyond the grave. Joining forces with a mysterious classmate, Kirk, Roni descends into a shadow world that blurs the bounds of the living and the dead-and begins a desperate race against time to stop a cunning killer.",14,movie,448095,/9fqzZs922V8OmwgO11Eqclof2mQ.jpg,[9],6.517,2.1637,2018-09-27,['Prime Video']
Look Away,A timid and socially alienated 17-year-old high school student's life is turned upside down when she switches places with her sinister mirror image.,14,movie,526051,/8WTEFOwFBx0mHurnEfv27I0FOe2.jpg,[9],6.516,4.2396,2018-10-12,['Prime Video']
The Devil Conspiracy,"A powerful biotech company has breakthrough technology allowing them to clone history’s most influential people with just a few fragments of DNA. Behind this company is a cabal of Satanists that steals the shroud of Christ, putting them in possession of Jesus’ DNA. The clone will serve as the ultimate offering to the devil. The Archangel Michael comes to earth and will stop at nothing to end the devil’s conspiracy.",14,movie,296271,/1AWcMtUZjpkq4h52yDnNIp9FwEO.jpg,[9],6.51,3.6587,2023-01-13,['Prime Video']
Kalki 2898-AD,"In the year 2898 AD, around 6000 years after Kurukshetra war, Ashwatthama gears up for his final battle of redemption at the sign of hope in a dystopian world and Bhairava, a wisecracking and self-interested bounty hunter, tired of the perilous life becomes the hurdle in the process.",14,movie,801688,/rstcAnBeCkxNQjNp3YXrF6IP1tW.jpg,[9],6.4,8.062,2024-06-26,['Prime Video']
Jim Button and Luke the Engine Driver,"A young orphan boy Jim Button, his best friend Luke and a magical steam engine called Emma travel across the world in search of the truth about where Jim came from. Battling pirates and dragons, outsmarting make-believe giants, they must travel through the Forest of a Thousand Wonders, beyond the End of the World to find the hidden Dragon City.",14,movie,422742,/pkJEkOOr1qn5HLGGhkJ0bTTPVET.jpg,[9],6.394,1.3624,2018-03-29,['Prime Video']
The Invisible Boy: Second Generation,Three years later Michele (The Invisible boy) meets his mother and his twin sister. Both have stories and superpowers but their intentions may not be what Michele thinks.,14,movie,433150,/oi6CgVTaDQAuCRbQqXjevlpa8kk.jpg,[9],6.392,1.4729,2018-01-04,['Prime Video']
Dave Made a Maze,"Dave, an artist who has yet to complete anything significant in his career, builds a fort in his living room out of pure frustration, only to wind up trapped by the fantastical pitfalls, booby traps, and critters of his own creation. Ignoring his warnings, Dave’s girlfriend Annie leads a band of oddball explorers on a rescue mission. Once inside, they find themselves trapped in an ever-changing supernatural world, threatened by booby traps and pursued by a bloodthirsty Minotaur.",14,movie,433941,/f2sMi0iBt44E0M5jmSCaOAnGVZp.jpg,[9],6.359,1.1747,2017-08-18,['Prime Video']
Cinderella,"Cinderella, an orphaned girl with an evil stepmother, has big dreams and with the help of her Fabulous Godmother, she perseveres to make them come true.",14,movie,593910,/clDFqATL4zcE7LzUwkrVj3zHvk7.jpg,[9],6.357,6.3749,2021-09-03,['Prime Video']
Archive,"2038: George Almore is working on a true human-equivalent AI, and his latest prototype is almost ready. This sensitive phase is also the riskiest as he has a goal that must be hidden at all costs—being reunited with his dead wife.",14,movie,606234,/eDnHgozW8vfOaLHzfpHluf1GZCW.jpg,[9],6.3,3.3821,2020-08-13,['Prime Video']
Cold Skin,A young man who arrives at a remote island finds himself trapped in a battle for his life.,14,movie,428399,/yYDNVAckvOHH9v6EGVB73cMyZgZ.jpg,[9],6.286,3.5587,2017-10-20,['Prime Video']
Chernobyl: Abyss,The aftermath of a shocking explosion at the Chernobyl nuclear power station made hundreds of people sacrifice their lives to clean up the site of the catastrophe and to successfully prevent an even bigger disaster that could have turned a large part of the European continent into an uninhabitable exclusion zone. This is their story.,14,movie,589761,/AmJLuHjxPdIJO6vmymeWADG6jK5.jpg,[9],6.25,5.0766,2021-04-15,['Prime Video']
Detective Dee: The Four Heavenly Kings,"Dee, the detective serving Chinese empress Wu Zetian, is called upon to investigate a series of strange events in Loyang, including the appearance of mysterious warriors wearing Chiyou ghost masks, foxes that speak human language and the pillar sculptures in the palace coming alive.",14,movie,506763,/k7jIYt37BnON8NmncfpN2uRTXSX.jpg,[9],6.212,2.0142,2018-07-27,['Prime Video']
Mojin: The Lost Legend,"At the beginning of the 1990s, famous tomb explorer Hu Bayi decided to retire and move to the United States with his girlfriend Shirley. But before his wedding, Bayi discovers his first love Ding Shitian, who supposedly had died in the ""One Hundred Cave"" 20 years ago, is actually still alive. Together with Shirley and his old exploration partner, Bayi unravels a terrible millennium-old secret...",14,movie,299824,/supoIHkh3dzDi1XmvK8tgGlkGNS.jpg,[9],6.201,2.2584,2015-12-18,['Prime Video']
Zombi Child,"Haiti, 1962: A man is brought back from the dead only to be sent to the living hell of the sugarcane fields. In Paris, 55 years later, at the prestigious Légion d’honneur boarding school, a Haitian girl confesses an old family secret to a group of new friends - never imagining that this strange tale will convince a heartbroken classmate to do the unthinkable.",14,movie,554311,/hCm2mO44BRTGdUrnywzqHUJfNpM.jpg,[9],6.2,0.7149,2019-06-12,['Prime Video']
The Mermaid: Lake of the Dead,"An evil Mermaid falls in love with Marina's fiancé Roman and aims to keep him away from Marina in her Kingdom of Death under water. The Mermaid is a young woman who drowned a few centuries ago. Marina only has one week to overcome her fear of the dark water, to remain human in the deathly fight with the monsters and not to become one herself.",14,movie,516850,/gGFZ84plg0TPM737j8ccpseh96l.jpg,[9],6.152,2.0215,2018-07-12,['Prime Video']
The Keeper,"The story of a man whose love for football, for England and for the love of his life, Margaret, saw him rise from Nazi 'villain' to British hero. Bert Trautmann, the German goalkeeper won over even his harshest opponents by winning the FA Cup Final for Manchester City in 1956 - playing on with a broken neck to secure victory.",36,movie,489763,/nNPsc5USXEr90FoFaXXljaC1O3r.jpg,[9],7.5,3.2266,2018-12-05,['Prime Video']
Till,"The true story of Mamie Till Mobley’s relentless pursuit of justice for her 14 year old son, Emmett Till, who, in 1955, was lynched while visiting his cousins in Mississippi.",36,movie,854239,/v6zp0Qs1iXhhLMNXw8iCmV89f94.jpg,[9],7.4,2.0785,2022-10-14,['Prime Video']
Lost Illusions,"Lucien de Rubempré, a young, lower-class poet, leaves his family's printing house for Paris. Soon, he learns the dark side of the arts business as he tries to stay true to his dreams.",36,movie,660000,/vLr7juofGqjOI2CyJ7hEKBXymxu.jpg,[9],7.4,1.4904,2021-10-20,['Prime Video']
Kalashnikov AK-47,"Tank commander Kalashnikov is severely injured in battle in 1941. The accident leaves him incapacitated and unable to return to the front line. While recovering in the hospital he begins creating the initial sketches of what will become one of the world’s most legendary weapons. A self-taught inventor, Mikhail Kalashnikov, is only 29 when he develops the now iconic assault riffle — the AK-47.",36,movie,592279,/ApfjrFsGunqLo5MKYGtFMTSTaMq.jpg,[9],7.409,3.3524,2020-02-20,['Prime Video']
Naked Among Wolves,"Taking place at the Concentration camp Buchenwald at the end of March 1945, prisoner Hans Pippig discovers in a carrying case of an incoming prisoner a Jewish child. If reported the three-year-old is sure to die. On the other hand, a violation of the rules of the camp would threaten the long prepared uprising of the concentration camp prisoners against the SS.",36,movie,333696,/ksZ5rGI4SE3nk1It96IyBjzvCf4.jpg,[9],7.36,1.5465,2015-04-01,['Prime Video']
Frantz,"In the aftermath of WWI, a young German who grieves the death of her fiancé in France meets a mysterious French man who visits the fiance’s grave to lay flowers.",36,movie,377263,/cL77uNb2BB8eXjYl9JIrWXCM8so.jpg,[9],7.359,2.6586,2016-09-07,['Prime Video']
Hatred,"Summer of 1939. Zosia is a young Polish girl who is deeply in love with Ukrainian Petro. Their great love will be put to the test when her father decides to marry her to a wealthy widower Skiba. Right after wedding she is left alone because her husband is drafted to the Polish army for the war with Germany. Meanwhile, tensions grow due to Jews, Poles, and Ukrainians living side by side.",36,movie,406449,/zYk1YmXtUON1OiNveK6bqbIWUy1.jpg,[9],7.3,1.6524,2016-10-07,['Prime Video']
Air,Discover the game-changing partnership between a then undiscovered Michael Jordan and Nike's fledgling basketball division which revolutionized the world of sports and culture with the Air Jordan brand.,36,movie,964980,/76AKQPdH3M8cvsFR9K8JsOzVlY5.jpg,[9],7.328,11.261,2023-04-05,['Prime Video']
The Chinese Widow,"It’s 1941 and the Japanese attack on Pearl Harbor has destroyed America’s morale. The US President Franklin D. Roosevelt then decides to risk it all by bombing Tokyo and raise more hope for his citizens. After completing its mission, a unit of the US Air Force is forced to make an emergency landing in China. Its commander Jack Turner (Emilie Hirsch) barely survives but gets rescued by Ying (Crystal Liu), a local widow who will stop at nothing to hide him from the Japanese occupant.",36,movie,528210,/ztcaeAzK3VkllaWB0VEQdcSD7BO.jpg,[9],7.3,1.1588,2017-11-10,['Prime Video']
The Rifleman,"The love story of sixteen-year-old Arturs is interrupted by the First World War. After losing his mother and his home, he finds some consolation in joining the army, because this is the first time national battalions are allowed in the Russian Empire. But war is nothing like Arturs imagined – no glory, no fairness. It is brutal and painful. Arturs is now completely alone as war takes the lives of his father and brother. Also, no progress is made in the promised quick resolution of the war and timely return home. Within the notion that only he alone cares about returning home and that his homeland is just a playground for other nations, Arturs finds strength for the final battle and eventually returns home to start everything from scratch, just like his newly born country.",36,movie,567566,/z3lVSySBEW17JK4k5RZJ5mALHM5.jpg,[9],7.276,2.2601,2019-11-11,['Prime Video']
The Boys in the Boat,"The triumphant underdog story of the University of Washington men's rowing team, who stunned the world by competing at the 1936 Berlin Olympics.",36,movie,823452,/ncJMztHprw3gLRAnDjNnnT23CIt.jpg,[9],7.3,3.5864,2023-12-25,['Prime Video']
Fanny's Journey,"Fanny is a Jewish girl in a French orphanage in 1943. When she and her friends are no longer safe from the Nazis, they try to flee to Switzerland. After their guide disappears, Fanny has to take the lead and help the other kids make it over the mountains.",36,movie,384581,/3nsdiyG3B39KKWOI0aVmNaaLXwK.jpg,[9],7.2,1.0029,2016-05-18,['Prime Video']
The Captain,"Germany, 1945. Soldier Willi Herold, a deserter of the German army, stumbles into a uniform of Nazi captain abandoned during the last and desperate weeks of the Third Reich. Newly emboldened by the allure of a suit that he has stolen only to stay warm, Willi discovers that many Germans will follow the leader, whoever he is.",36,movie,475094,/jdUSP7svZ3DOgCnB0upT1yiueUY.jpg,[9],7.199,2.94,2018-02-02,['Prime Video']
T-34,"In 1944, a courageous group of Russian soldiers managed to escape from German captivity in a half-destroyed legendary T-34 tank. Those were the times of unforgettable bravery, fierce fighting, unbreakable love, and legendary miracles.",36,movie,505954,/wMO5XGq2ybhL3CdCEPJ8OXWbNZG.jpg,[9],7.156,3.7184,2018-12-27,['Prime Video']
The Professor and the Madman,"Professor James Murray begins work compiling words for the first edition of the Oxford English Dictionary in the mid 19th century, and receives over 10,000 entries from a patient at Broadmoor Criminal Lunatic Asylum, Dr. William Minor.",36,movie,411728,/gtGCDLhfjW96qVarwctnuTpGOtD.jpg,[9],7.146,3.4118,2019-03-07,['Prime Video']
The Burial,"When a handshake deal goes sour, funeral home owner Jeremiah O'Keefe enlists charismatic, smooth-talking attorney Willie E. Gary to save his family business. Tempers flare and laughter ensues as the unlikely pair bond while exposing corporate corruption and racial injustice.",36,movie,763165,/9ssNSfNKpzZwhbFsnW3wa82m2sG.jpg,[9],7.121,3.6156,2023-10-06,['Prime Video']
Kesari,"In 1897, an army of 21 Sikhs battles 10,000 Afghans to prevent the Saragarhi Fort from being taken down.",36,movie,498448,/ctjT1pMNAGD9ou0kuhz806tf7kX.jpg,[9],7.1,3.1972,2019-03-21,['Prime Video']
Escape from Mogadishu,Diplomats from the North and South Korean embassies in Somalia attempt a daring joint escape from Mogadishu when the outbreak of civil war leaves them stranded.,36,movie,607844,/uZj357VwnONzHfQGBHpgDyw8uy6.jpg,[9],7.099,2.5689,2021-07-28,['Prime Video']
The Red Virgin,"Hildegart is conceived and educated by her mother Aurora to be the woman of the future, to become one of the most brilliant minds of Spain in the 1930s and one of the European references on female sexuality.",36,movie,1118028,/rWI9nlFB1bMWlU7xExJ4WmkQUyV.jpg,[9],7.082,5.0201,2024-09-27,['Prime Video']
The Mad Women's Ball,A woman who is unfairly institutionalized at a Paris asylum plots to escape with the help of one of its nurses. Based on the novel 'Le bal des folles' by Victoria Mas.,36,movie,680531,/A8KeSPmFDxqHKwNzyiuwUvPIrw0.jpg,[9],7.077,2.6931,2021-09-12,['Prime Video']
The Innocents,"Poland, 1945. Mathilde, a young French Red Cross doctor, is on a mission to help the war survivors. When a nun seeks for her help, she is brought to a convent where several pregnant sisters are hiding, unable to reconcile their faith with their pregnancy. Mathilde becomes their only hope.",36,movie,364051,/8ZSPkyzq80jBVezRlC80kvV6QZr.jpg,[9],7.1,1.4409,2016-02-10,['Prime Video']
Ip Man 3,"When a band of brutal gangsters led by a crooked property developer make a play to take over the city, Master Ip is forced to take a stand.",36,movie,365222,/RTt4lgyTDI8JHMGbZGDDbcZmkM.jpg,[9],7.018,3.6528,2015-12-24,['Prime Video']
The Eight Hundred,"In 1937, eight hundred Chinese soldiers fight under siege from a warehouse in the middle of the Shanghai battlefield, completely surrounded by the Japanese army.",36,movie,508935,/7L3bDCQaSJiJ42v4WGml5xLQPWW.jpg,[9],6.934,3.1212,2020-08-14,['Prime Video']
The Electrical Life of Louis Wain,"The extraordinary true story of eccentric British artist Louis Wain, whose playful, sometimes even psychedelic pictures helped to transform the public's perception of cats forever.",36,movie,617762,/zWtI3BI6dnfwRIr7xk2xC84Zian.jpg,[9],6.9,2.2841,2021-10-21,['Prime Video']
Delicious,"France, 1789 - just before the Revolution. When talented chef Manceron is dismissed from his prestigious position by the Duke of Chamfort, he loses the taste for cooking. But when he meets the mysterious Louise, together they decide to create the very first restaurant in France.",36,movie,745611,/pEYQgkcGsNZe6X76ZStGb62v1ad.jpg,[9],6.919,3.0642,2021-09-08,['Prime Video']
The Promise,"Set during the last days of the Ottoman Empire, a love triangle develops between Mikael, a brilliant medical student, the beautiful and sophisticated artist Ana, and Chris, a renowned American journalist based in Paris.",36,movie,354859,/iDWer2VFikupdqDc7d5sxCWZ3gW.jpg,[9],6.9,2.9026,2016-12-02,['Prime Video']
Colette,"After marrying a successful Parisian writer known commonly as Willy, Sidonie-Gabrielle Colette is transplanted from her childhood home in rural France to the intellectual and artistic splendor of Paris. Soon after, Willy convinces Colette to ghostwrite for him. She pens a semi-autobiographical novel about a witty and brazen country girl named Claudine, sparking a bestseller and a cultural sensation. After its success, Colette and Willy become the talk of Paris and their adventures inspire additional Claudine novels.",36,movie,454652,/z73Wer1DgObAwWnqZlOyeI33ROY.jpg,[9],6.894,4.0887,2018-09-21,['Prime Video']
Ip Man: The Awakening,"When a young Master Ip stops a kidnapping, he ignites a turf war with a ruthless human-trafficking ring. In retaliation, the gang kidnaps one of Ip Man's close friends, forcing him to face the group's brutal boxing champion head-on.",36,movie,875104,/A7vhdyGrpPMKXsuFBZzxmave94F.jpg,[9],6.9,3.4684,2021-09-16,['Prime Video']
Brotherhood of Blades II: The Infernal Battlefield,"An imperial guard searches for the truth behind a conspiracy that framed him and his partners. The proof of his innocence lies with a wanted woman named Bei Zhai... but will she reveal what she knows? In this intense prequel to BROTHERHOOD OF BLADES, the only thing he can truly trust is his sword.",36,movie,457837,/ooC6al3vhhECG998ZivkAZUdgst.jpg,[9],6.822,2.7232,2017-06-18,['Prime Video']
15 Minutes of War,"February 1976. Somalian rebels hijack a school bus carrying 21 French children and their teacher in Djibouti City. When the terrorists drive it to a no-man’s-land on the border between Somalia and French territory, the French Government sends out a newly formed elite squad to rescue the hostages. Within a few hours, the highly trained team arrives to the crisis area, where the Somalian National Army has taken position behind the barbed wire on the border. The French unit is left with very few options to rescue the hostages. As the volatile situation unravels, the French men quickly come up with a daring plan: carry out a simultaneous 5 men sniper attack to get the children and the teacher out safely. A true story.",36,movie,484638,/mHXzqCiAmgVhhJscGJIQH94vac0.jpg,[9],6.8,1.6116,2019-01-30,['Prime Video']
Panfilov's 28 Men,"USSR, Late November, 1941. Based on the account by reporter Vasiliy Koroteev that appeared in the Red Army's newspaper, Krasnaya Zvezda, shortly after the battle, this is the story of Panifilov's Twenty-Eight, a group of twenty-eight soldiers of the Red Army's 316th Rifle Division, under the command of General Ivan Panfilov, that stopped the advance on Moscow of a column of fifty-four Nazi tanks of the 11th Panzer Division for several days. Though armed only with standard issue Mosin-Nagant infantry rifles and DP and PM-M1910 machine guns, all useless against tanks, and with wholly inadequate RPG-40 anti-tank grenades and PTRD-41 anti-tank rifles, they fight tirelessly and defiantly, with uncommon bravery and unwavering dedication, to protect Moscow and their Motherland.",36,movie,427342,/L8aLFIITBjsn3HlQp0M0sT0Xe7.jpg,[9],6.819,2.6433,2016-11-24,['Prime Video']
The Wailing,A stranger arrives in a little village and soon after a mysterious sickness starts spreading. A policeman is drawn into the incident and is forced to solve the mystery in order to save his daughter.,27,movie,293670,/aXlL7yYwpXInhltamtzKQFBG08G.jpg,[9],7.361,12.2222,2016-05-12,['Prime Video']
Gonjiam: Haunted Asylum,"The crew of a horror web series travels to an abandoned asylum for a live broadcast, but they encounter much more than expected as they move deeper inside the nightmarish old building.",27,movie,508642,/KPrZ8lbgbMD7gr1pkMKoNbtcCK.jpg,[9],7.293,10.109,2018-03-28,['Prime Video']
Marrowbone,A young man and his three younger siblings are plagued by a sinister presence in the sprawling manor in which they live.,27,movie,399366,/iX77zMSqUv2Qt7ToEnN2mmEudEf.jpg,[9],7.265,9.6309,2017-10-27,['Prime Video']
The Closet,"After moving into a new house, a young girl begins displaying strange and disturbing behavior until, one day, she disappears behind a closet. While the devastated father is left with no clue about his daughter's disappearance, an exorcist shows up to help.",27,movie,571625,/W2tus8EwEagKCCCPqqocHEM9F2.jpg,[9],7.3,2.2048,2020-02-05,['Prime Video']
Speak No Evil,"When an American family is invited to spend the weekend at the idyllic country estate of a charming British family they befriended on vacation, what begins as a dream holiday soon warps into a snarled psychological nightmare.",27,movie,1114513,/6NwAlU6ZH6ua3sYpFAUpUnoKUmi.jpg,[9],7.252,21.7075,2024-09-11,['Prime Video']
Bones and All,"Abandoned by her father, a young woman embarks on a thousand-mile odyssey through the backroads of America where she meets a disenfranchised drifter. But despite their best efforts, all roads lead back to their terrifying pasts and to a final stand that will determine whether their love can survive their otherness.",27,movie,791177,/dBQuk2LkHjrDsSjueirPQg96GCc.jpg,[9],7.053,5.6875,2022-11-18,['Prime Video']
10 Cloverfield Lane,"After a catastrophic car crash, a young woman wakes up in a survivalist's underground bunker, where he claims to have saved her from an apocalyptic attack that has left the outside world uninhabitable.",27,movie,333371,/84Dhwz93vCin6T1PX6ctSvWEuNE.jpg,[9],6.992,11.3728,2016-03-10,['Prime Video']
Suspiria,"A darkness swirls at the center of a world-renowned dance company, one that will engulf the artistic director, an ambitious young dancer, and a grieving psychotherapist. Some will succumb to the nightmare. Others will finally wake up.",27,movie,361292,/dzWTnkert9EoiPWldWJ15dnfAFl.jpg,[9],6.903,7.487,2018-10-26,['Prime Video']
Stree,"Set in the town of Chanderi, Stree is based on the urban legend of Nale Ba that went viral in Karnataka in the 1990s, and features Shraddha Kapoor and Rajkummar Rao in pivotal roles.",27,movie,533991,/euhgW6hpDYw7nxFDjqHn0eKvQPX.jpg,[9],6.889,1.9645,2018-08-31,['Prime Video']
History of the Occult,"During the last broadcast of 60 Minutes Before Midnight, the most watched journalistic program on television, Adrián Marcato could expose a conspiracy and link the government to a obscure secret society.",27,movie,649294,/b8qA9L6ZZyX57zprm9GlZ9Ta3uv.jpg,[9],6.844,0.8209,2020-01-13,['Prime Video']
Totally Killer,"When the infamous ""Sweet Sixteen Killer"" returns 35 years after his first murder spree to claim another victim, 17-year-old Jamie accidentally travels back in time to 1987, determined to stop the killer before he can start.",27,movie,974931,/52YBwGJ3cJs54fpBzwnT1lnqgTo.jpg,[9],6.826,8.4513,2023-09-28,['Prime Video']
Restart the Earth,"When a drug to replicate plant cells creates a sentient form of flower, the planet is over taken by flora and humankind is depleted. A Chinese task force, a widowed father and his young daughter fight to survive in a mission to inject an antidote to the core of the plants to reverse their growth.",27,movie,870096,/kl80N1g69v9QXe1wvkFza31WhD4.jpg,[9],6.8,3.3279,2021-09-03,['Prime Video']
Nefarious,"On the day of his scheduled execution, a convicted serial killer gets a psychiatric evaluation during which he claims he is a demon, and further claims that before their time is over, the psychiatrist will commit three murders of his own.",27,movie,913673,/xwjWUAajQJPj5aik1tounPguZbz.jpg,[9],6.75,8.7736,2023-04-14,['Prime Video']
Abigail,"A group of criminals kidnap a teenage ballet dancer, the daughter of a notorious gang leader, in order to obtain a ransom of $50 million, but over time, they discover that she is not just an ordinary girl. After the kidnappers begin to diminish, one by one, they discover, to their increasing horror, that they are locked inside with no normal little girl.",27,movie,1111873,/5gKKSoD3iezjoL7YqZONjmyAiRA.jpg,[9],6.759,19.2324,2024-04-16,['Prime Video']
The Divine Fury,"After waking up with mysterious wounds on his hands, a champion fighter finds himself in an otherworldly battle against evil forces that wreak havoc in the human world.",27,movie,571627,/9Z2qT9iZYLzzsCSYu7A4SEQsKX0.jpg,[9],6.8,2.7754,2019-07-31,['Prime Video']
A Quiet Place: Day One,"As New York City is invaded by alien creatures who hunt by sound, a woman named Sam fights to survive with her cat.",27,movie,762441,/hU42CRk14JuPEdqZG3AWmagiPAP.jpg,[9],6.732,19.7863,2024-06-26,['Prime Video']
Apocalypse Z: The Beginning of the End,"When a kind of rabies that transforms people into aggressive creatures spreads across the planet, Manel isolates himself at home with his cat, relying on his wits to survive; but soon they must go out in search of food, by land and by sea, dodging many dangers.",27,movie,1118031,/wIGJnIFQlESkC2rLpfA8EDHqk4g.jpg,[9],6.717,41.3659,2024-10-04,['Prime Video']
Terrifier 2,"A year after the Miles County massacre, Art the Clown is resurrected by a sinister entity. Art returns home, where he must hunt down and destroy teenage Sienna and her younger brother Jonathan on Halloween. As the body count rises, the siblings fight to stay alive while uncovering the true nature of Art's evil intent.",27,movie,663712,/qEAlwXbYk6IHA4ztoS2XFFaa7Xo.jpg,[9],6.712,14.4728,2022-10-06,['Prime Video']
Infection,"Film about an epidemic outbreak of a new rabies virus in Venezuela and a father trying to save his son from contagion.  A Russian man is in Caracas under the influence of the Krokodil drug, when he gets infected with the rabies virus and starts an epidemic of aggressive and cannibalistic beings. Doctor Adam Vargas is in the midst of all this, when he begins a journey within a ravaged Venezuela to save his son from being infected.",27,movie,587424,/3UtZrXiV7hpf2QvV9qXWoc7LLDX.jpg,[9],6.7,1.1545,2019-08-11,['Prime Video']
The Return,"After the death of his father, a brilliant college student returns to his family home where he learns that the horrors from his childhood aren't as dead and gone as he once thought.",27,movie,628866,/rK2gW2kOIC5hG3JjVB81vU9v8gC.jpg,[9],6.694,1.9626,2020-09-05,['Prime Video']
Goodnight Mommy,"In the heat of the summer lays a lonesome house in the countryside where nine year old twin brothers await their mother’s return.  When she comes home, bandaged after cosmetic surgery, nothing is like before and the children start to doubt whether this woman is actually who she says she is.",27,movie,284303,/2qGRjDPpai1J2DBrs2Cwqm9fIx9.jpg,[9],6.679,5.0987,2015-01-08,['Prime Video']
Dark Spell,Terror strikes when a heartbroken woman uses black magic to get her husband back.,27,movie,633802,/2AbGdSGlU6CpiV3lswHUgE5CdAA.jpg,[9],6.651,3.8109,2021-02-11,['Prime Video']
Return to Horror Hotel,"Return to Horror Hotel is an anthology feature with 4 segments. One is about giant a bedbugs, one is about a magical charm that turns girls beautiful, one is about a WWII sailor who hasn't aged and one is about a terrorizing severed hand.",27,movie,616073,/kP4wYsysronwnEC548MqclI5LP2.jpg,[9],6.6,1.1392,2019-06-13,['Prime Video']
Cut Off,"A coroner finds a capsule in the head of a heavily mutilated corpse, containing a phone number and single word: the name of his daughter.",27,movie,436387,/927kgdzuNNHX6wubSbqi50kZse0.jpg,[9],6.629,1.8318,2018-10-11,['Prime Video']
The Jack in the Box Rises,"When a creepy Jack-in-the-Box is discovered and opened on the grounds of an exclusive girls' school, six brave students soon enter a fight to the finish against the unleashed demon.",27,movie,1207898,/oDVjlCTSyF6Fh8Fpm683MyGGnSG.jpg,[9],6.6,9.0552,2024-01-18,['Prime Video']
Smile 2,"About to embark on a new world tour, global pop sensation Skye Riley begins experiencing increasingly terrifying and inexplicable events. Overwhelmed by the escalating horrors and the pressures of fame, Skye is forced to face her dark past to regain control of her life before it spirals out of control.",27,movie,1100782,/ht8Uv9QPv9y7K0RvUyJIaXOZTfd.jpg,[9],6.596,33.6799,2024-10-16,['Prime Video']
Mother,"A pregnant woman, who is taking care of her son with development problems, is at her breaking point when a caregiver from the Philippines steps into her life. Diana suspects that she’s using voodoo against her after the quick improvements of her son.",27,movie,438463,/A390HPs0P0nQ1XR54zLlSHQOUtt.jpg,[9],6.6,1.343,2016-05-01,['Prime Video']
Saint Maud,"Having recently found God, self-effacing young nurse Maud arrives at a plush home to care for Amanda, a hedonistic dancer left frail from a chronic illness. When a chance encounter with a former colleague throws up hints of a dark past, it becomes clear there is more to sweet Maud than meets the eye.",27,movie,575776,/xueX3Nc85NeoGE30LfnU1zP0VLd.jpg,[9],6.577,6.4141,2020-10-09,['Prime Video']
Friendly Beast,"A restaurant owner going over the edge when an armed robbery is attempted at his establishment. He holds everyone captive at gunpoint – criminals and customers alike – and situations corrode into a nightmare state, guided by manipulation and raw compulsion.",27,movie,461774,/o7TZODLR9pMhKypYclFDdo1Z68o.jpg,[9],6.6,1.0904,2018-08-09,['Prime Video']
Scouts Guide to the Zombie Apocalypse,"Three scouts and lifelong friends join forces with one badass cocktail waitress to become the world’s most unlikely team of heroes.  When their peaceful town is ravaged by a zombie invasion, they’ll fight for the badge of a lifetime and put their scouting skills to the test to save mankind from the undead.",27,movie,273477,/lUKvvSnjFlazrdh6wyHxHrdMknD.jpg,[9],6.545,10.8953,2015-10-23,['Prime Video']
Radius,"Liam wakes from a car crash with no memory of who he is. As he makes his way into town to look for help, he finds only dead bodies, all with strange pale eyes. Liam's first assessment is that a virus is present in the air, but he soon discovers the horrible truth: anyone who comes within a 50-foot radius of him dies instantly.",27,movie,436274,/3BHYW2Wlcu9ES41Y4OTeSgkhYkD.jpg,[9],6.52,3.0918,2017-07-17,['Prime Video']
The Neon Demon,"When aspiring model Jesse moves to Los Angeles, her youth and vitality are devoured by a group of beauty-obsessed women who will take any means necessary to get what she has.",27,movie,301365,/d93h9dHIez9zRg4ooG6o1ZiQ776.jpg,[9],6.51,3.3348,2016-05-31,['Prime Video']
Hell House LLC,"Five years after an unexplained malfunction causes the death of 15 tour-goers and staff on the opening night of a Halloween haunted house tour, a documentary crew travels back to the scene of the tragedy to find out what really happened.",27,movie,359246,/cWVsgCuLaPub8wD5cMBVIxFZaVc.jpg,[9],6.47,8.5608,2015-10-16,['Prime Video']
Dismissed,A straight-edged teacher finds trouble when an honors student is willing to do anything to get an A.,27,movie,398588,/rMVslLnNSDkIPDnOmPr2CTaqd3J.jpg,[9],6.478,0.6705,2017-10-08,['Prime Video']
Some Like It Rare,"Sophie and Vincent’s small butcher shop is on the brink of bankruptcy and their marriage is falling apart. Their lives are turned upside down when Vincent accidentally kills a vegan activist who vandalized their shop. Overwhelmed and terrified of being accused of murder, their only solution is to get rid of the body by turning it into ham. To their surprise the ham is so popular that it may save their business… that is if they’re ready to keep “hunting""!",27,movie,730769,/p8phJ1JPAe0xSNBRwLyXE6KgKzX.jpg,[9],6.449,1.528,2021-09-10,['Prime Video']
The Blackwell Ghost,A filmmaker tries to prove that ghosts are real but soon regrets his intentions after he finds himself being terrorized in a haunted house by a ghost with a dark past. An authentic documentary that shows actual ghost footage that was captured on camera.,27,movie,470528,/xqpbsZYPPULdZcErDtGKld6QJws.jpg,[9],6.445,2.5013,2017-08-11,['Prime Video']
Life,"The six-member crew of the International Space Station is tasked with studying a sample from Mars that may be the first proof of extra-terrestrial life, which proves more intelligent than ever expected.",27,movie,395992,/wztfli5NgYDgurVgShNflvnyA3Z.jpg,[9],6.442,9.352,2017-03-22,['Prime Video']
The Hollow Child,"Samantha has lived her whole life in different foster homes. Now living in a small town, she never feels like she quite fits in, even with her own current foster family who might adopt her, or the boy who follows her around doing her classwork. So, it’s perhaps natural that she doesn’t know what to do with a curious tagalong little sister named Olivia. One day, Sam callously ditches Olivia, who wanders off into the woods on her own and disappears.",27,movie,433419,/lHeNY6zvR9yA2JWF9FrIOldsc2j.jpg,[9],6.4,1.5933,2018-05-18,['Prime Video']
Cold Meat,"David Petersen is passing through the Colorado Rockies. After saving a young diner waitress from her violent ex-husband during a break from driving, he hits the road again alone through a dangerous snow blizzard. One false move behind the wheel has him waking up inside a ravine, in the eye of the storm. But the cold is the least of his worries when a beast starts prowling outside. How will he survive?",27,movie,1032372,/gcACvRRy9nE9de5gTetoXiheIZ5.jpg,[9],6.396,3.196,2024-02-23,['Prime Video']
Inmate Zero,There's a zombie outbreak after a medical trial in an international detention and medical facility on an isolated island. An ex US Special Forces/bodyguard woman inmate and a guard form a team.,27,movie,523371,/6uSR3687xtyS207S8nYp1voT9mR.jpg,[9],6.4,1.6143,2020-02-28,['Prime Video']
Cold War,"A man and a woman meet in the ruins of post-war Poland. With vastly different backgrounds and temperaments, they are fatally mismatched and yet drawn to each other.",10402,movie,440298,/6rbS8oPIgUMhQgIX8oGVTtlNgLR.jpg,[9],7.444,3.4347,2018-06-08,['Prime Video']
High Strung,"When a hip hop violinist busking in the New York subway encounters a classical dancer on scholarship at the Manhattan Conservatory of the Arts, sparks fly. With the help of a hip hop dance crew they must find a common ground while preparing for a competition that could change their lives forever.",10402,movie,382399,/xfj4Vomg8h3I1hBHj4GfpduUfkv.jpg,[9],7.061,2.4408,2016-04-08,['Prime Video']
Pitch Perfect 2,"The Bellas are back, and they are better than ever. After being humiliated in front of none other than the President of the United States of America, the Bellas are taken out of the Aca-Circuit. In order to clear their name, and regain their status, the Bellas take on a seemingly impossible task: winning an international competition no American team has ever won. In order to accomplish this monumental task, they need to strengthen the bonds of friendship and sisterhood and blow away the competition with their amazing aca-magic! With all new friends and old rivals tagging along for the trip, the Bellas can hopefully accomplish their dreams.",10402,movie,254470,/fQaEGzFmvTYu3G641WV0Tg9auAt.jpg,[9],6.853,10.1502,2015-05-07,['Prime Video']
Bob Marley: One Love,Jamaican singer-songwriter Bob Marley overcomes adversity to become the most famous reggae musician in the world.,10402,movie,802219,/tn6fGquvQXzUsbSIWg1OV2GBMNW.jpg,[9],6.712,4.885,2024-02-14,['Prime Video']
Heartbeats,"When a bubbly American hip hop dancer goes to India with her family for a wedding, she is impressed by a new dance style and falls in love with the man who introduced her to it.",10402,movie,457308,/3DvBfOx4roI3jg6d1jnLApzEFZM.jpg,[9],6.7,1.9804,2017-06-30,['Prime Video']
Back to Black,"The extraordinary story of Amy Winehouse’s early rise to fame from her early days in Camden through the making of her groundbreaking album, Back to Black that catapulted Winehouse to global fame. Told through Amy’s eyes and inspired by her deeply personal lyrics, the film explores and embraces the many layers of the iconic artist and the tumultuous love story at the center of one of the most legendary albums of all time.",10402,movie,998846,/xHQEeUT3Ac4fTY72UeNrI75xLtE.jpg,[9],6.678,5.5386,2024-04-11,['Prime Video']
Popstar: Never Stop Never Stopping,"When his new album fails to sell records, pop/rap superstar Conner4real goes into a major tailspin and watches his celebrity high life begin to collapse. He'll try anything to bounce back, anything except reuniting with his old rap group The Style Boyz.",10402,movie,341012,/jBZeZZNjYBUU21zFvBnin5n62bv.jpg,[9],6.617,3.793,2016-06-03,['Prime Video']
Música,"A young man, plagued by the music in his head, has to come to terms with an uncertain future while balancing love, family and Brazilian culture in Newark, New Jersey.",10402,movie,968441,/kUX5ourGUJDG0yvEeS3uooZS0dS.jpg,[9],6.44,2.5218,2024-03-13,['Prime Video']
Deathgasm,Two teenage boys unwittingly summon an ancient evil entity known as The Blind One by delving into black magic while trying to escape their mundane lives.,10402,movie,323373,/cwy9sGEOAuzpZXzXBVln1PZ4vxn.jpg,[9],6.303,1.6875,2015-08-28,['Prime Video']
Tumbledown,"A young woman struggles to move on with her life after the death of her husband, an acclaimed folk singer, when a brash New York writer forces her to confront her loss and the ambiguous circumstances of his death.",10402,movie,207936,/6Dg1MqdqAaoia58KaXSNETn3Qya.jpg,[9],6.201,1.365,2015-04-18,['Prime Video']
Studio 666,"Legendary rock band Foo Fighters move into an Encino mansion steeped in grisly rock and roll history to record their much anticipated 10th album. Once in the house, Dave Grohl finds himself grappling with supernatural forces that threaten both the completion of the album and the lives of the band.",10402,movie,895744,/zD2XyaV6eGEEgEzVnjg0hQVR5yz.jpg,[9],5.945,3.0446,2022-02-24,['Prime Video']
Her Smell,A self-destructive punk rocker struggles with sobriety while trying to recapture the creative inspiration that led her band to success.,10402,movie,520679,/qEvgdGBMORPS0rz8pqkVH3obLee.jpg,[9],5.9,1.8508,2019-04-12,['Prime Video']
Song to Song,"In this modern love story set against the Austin, Texas music scene, two entangled couples — struggling songwriters Faye and BV, and music mogul Cook and the waitress whom he ensnares — chase success through a rock ‘n’ roll landscape of seduction and betrayal.",10402,movie,330947,/itmaNi14GyWguTOywZ0mMzyScW9.jpg,[9],5.478,3.2296,2017-03-17,['Prime Video']
Music,"Zu, a free spirit estranged from her family, suddenly finds herself the sole guardian of her half-sister, Music, a teenager on the autism spectrum whose whole world order has been beautifully crafted by her late grandmother. The film soon challenges whether it is Zu or Music who has a better view of the world, and that love, trust, and being able to be there for each other is everything.",10402,movie,586101,/xzDXq7ofNkvIovB6Vb8KZpjqkK0.jpg,[9],5.383,2.1571,2021-01-14,['Prime Video']
Remember,"With the aid of a fellow Auschwitz survivor and a hand-written letter, an elderly man with dementia goes in search of the person responsible for the death of his family.",9648,movie,302528,/x496Ip0weJYfsEX23eNyzG4MjXV.jpg,[9],7.35,1.4725,2015-10-23,['Prime Video']
Elephant Song,A psychiatrist is drawn into a complex mind game when he questions a disturbed patient about the disappearance of a colleague.,9648,movie,285841,/qz5Lay32YWZ8Mof4dEGizMGhVYz.jpg,[9],7.1,1.0762,2015-02-20,['Prime Video']
Detective Chinatown,"After being rejected from the police college, a mannerly man travels to Bangkok where he and an energetic distant relative must solve a murder case.",9648,movie,373200,/sYmdUFpcpRqlmeETqhcMrYJbjbN.jpg,[9],6.76,1.9274,2015-12-31,['Prime Video']
Blink Twice,"When tech billionaire Slater King meets cocktail waitress Frida at his fundraising gala, he invites her to join him and his friends on a dream vacation on his private island. But despite the epic setting, beautiful people, ever-flowing champagne, and late-night dance parties, Frida can sense that there’s something sinister hiding beneath the island’s lush façade.",9648,movie,840705,/lZGOK0I2DJSRlEPNOAFTSNxSjDD.jpg,[9],6.667,16.5788,2024-08-21,['Prime Video']
G20,"After the G20 Summit is overtaken by terrorists, President Danielle Sutton must bring all her statecraft and military experience to defend her family and her fellow leaders.",9648,movie,1045938,/wv6oWAleCJZUk5htrGg413t3GCy.jpg,[9],6.592,561.6231,2025-04-09,['Prime Video']
The Vast of Night,"At the dawn of the space-race, two radio-obsessed teens discover a strange frequency over the airwaves in what becomes the most important night of their lives and in the history of their small town.",9648,movie,565743,/q2P9lYkctl5Ory71HEBMaFxbVlD.jpg,[9],6.556,2.8381,2019-06-01,['Prime Video']
Mr. Holmes,"In 1947, long-retired and near the end of his life, Sherlock Holmes grapples with an unreliable memory and must rely on his housekeeper's son as he revisits the still-unsolved case that led to his retirement.",9648,movie,280996,/nNHkoefLcdtaHyG08G8aDn1yFMw.jpg,[9],6.476,4.288,2015-06-19,['Prime Video']
The Crime Is Mine,"In 1930s Paris, Madeleine, a pretty, young, penniless, and talentless actress, is accused of murdering a famous producer. Helped by her best friend, Pauline, a young, unemployed lawyer, she is acquitted on the grounds of self-defense. A new life of fame and success begins, until the truth comes out.",9648,movie,977506,/hcvhE2JWsidOxHL7yXk3MXs4vyt.jpg,[9],6.4,1.7497,2023-02-24,['Prime Video']
OtherLife,"Ren Amari is the driven inventor of a revolutionary new drug. OtherLife expands the brain's sense of time and creates virtual reality directly in the user's mind. With OtherLife, mere seconds in real life feel like hours or days of exciting adventures. As Ren and her colleagues race around the clock to launch OtherLife, the government muscles in to use the drugs as a radical solution to prison overcrowding. They will create virtual cells where criminals serve long sentences in just minutes of real time. When Ren resists, she finds herself an unwilling guinea pig trapped in a prison cell in her mind. She must escape before she descends into madness, and then regain control of OtherLife before others suffer the same fate.",9648,movie,411999,/stSDsKsb4fS6NPzuHwfAWD2jim8.jpg,[9],6.366,2.7936,2017-06-16,['Prime Video']
Into the Labyrinth,"When a kidnapping victim turns up alive after fifteen years, a profiler and a private investigator try to piece together the mystery.",9648,movie,602545,/tWcN7ZjeOBzuwNtx7viKb1w2UOj.jpg,[9],6.3,1.8484,2019-10-30,['Prime Video']
The Lie,"A father and daughter are on their way to dance camp when they spot the girl's best friend on the side of the road. When they stop to offer the friend a ride, their good intentions soon result in terrible consequences.",9648,movie,539649,/a3c5zUOIEXAFYFf0vyypBCNJepb.jpg,[9],6.341,3.1701,2018-09-13,['Prime Video']
A Perfect Enemy,"Famed architect Jeremy Angust is approached on his trip to the Paris Airport by a chatty girl named Texel Textor who needs a ride. He obliges and after they part ways at the airport entrance, he misses his flight. As he settles in the lounge, he encounters the mysterious young Texel again, who insists on telling her strange story — and the conversation grows stranger and more twisted until it turns sinister and deadly.",9648,movie,655917,/wgz3SDI99VJEE9uJEiVh4iqNlq8.jpg,[9],6.33,1.6106,2021-06-11,['Prime Video']
Encounter,"A decorated Marine goes on a rescue mission to save his two young sons from an unhuman threat. As their journey takes them in increasingly dangerous directions, the boys will need to leave their childhoods behind.",9648,movie,728526,/AjRUsn8m2znK4mQuYR5fUguBDQM.jpg,[9],6.32,1.6809,2021-12-03,['Prime Video']
The Visit,"A brother and sister are sent to their grandparents' remote Pennsylvania farm for a week, where they discover that the elderly couple is involved in something deeply disturbing.",9648,movie,298312,/hDrToKMpKYTdwdpOhshL8ko6WVp.jpg,[9],6.316,5.7461,2015-09-10,['Prime Video']
Infinity Chamber,A man trapped in an automated prison must outsmart a computer in order to escape and try and find his way back to the outside world that may already be wiped out.,9648,movie,428948,/zaYlG8wZ4DN3Kevnov39u3PjOfh.jpg,[9],6.3,2.0826,2016-12-03,['Prime Video']
The Nest,"Samuel, a boy who lives with his mother Elena in Villa dei Laghi, an isolated manor surrounded by woods, feels trapped in the family routine, growing up seemingly protected, but unsatisfied and restless.",9648,movie,600184,/f3DNmm0VXlwaPkTuKgznQdrDveD.jpg,[9],6.3,1.5141,2019-08-15,['Prime Video']
Goodnight Mommy,"When twin brothers arrive home to find their mother’s demeanor altered and face covered in surgical bandages, they begin to suspect the woman beneath the gauze might not be their mother.",9648,movie,814800,/oHhD5jD4S5ElPNNFCDKXJAzMZ5h.jpg,[9],6.255,2.9261,2022-09-16,['Prime Video']
Spoor,"A story about Janina Duszejko, an elderly woman, who lives alone in the Klodzko Valley where a series of mysterious crimes are committed. Duszejko is convinced that she knows who (or what) is the murderer, but nobody believes her.",9648,movie,432799,/8a3rRg9hMp1swcejSGbUSDdSFl1.jpg,[9],6.251,0.9541,2017-02-24,['Prime Video']
Blow the Man Down,"While grieving for the loss of their mother, the Connolly sisters suddenly find they have a crime to cover up, leading them deep into the underbelly of their salty Maine fishing village.",9648,movie,586451,/AgxDU9Vp0R6RIV6jpmQ4JrTcZzv.jpg,[9],6.214,1.4827,2019-04-26,['Prime Video']
Saving Zoë,"A year after the murder of her sister Zoë, Echo is determined to uncover the truth. With Zoë's diary as her guide, Echo finds herself pulled into the darkness of her sister's secret life and she uncovers how one small decision can lead to tragic consequences.",9648,movie,602198,/zrHeJ8l8mQS14RZh2qMtRkWnhNu.jpg,[9],6.2,1.6142,2019-07-12,['Prime Video']
Last Man Down,"After civilization succumbs to a deadly pandemic and his wife is murdered, a special forces soldier abandons his duty and becomes a hermit in the Nordic wilderness. Years later, a wounded woman appears on his doorstep. She's escaped from a lab and her pursuers believe her blood is the key to a worldwide cure. He's hesitant to get involved, but all doubts are cast aside when he discovers her pursuer is none other than Commander Stone, the man that murdered his wife some years ago.",9648,movie,860623,/4B7liCxNCZIZGONmAMkCnxVlZQV.jpg,[9],6.195,3.3043,2021-03-30,['Prime Video']
Abigail,"A young girl Abigail lives in a city whose borders were closed many years ago because of an epidemic of a mysterious disease. Abby's father was one of the sick - and he was taken when she was six years old. Going against the authorities to find his father, Abby learns that her city is actually full of magic. And she discovers in herself extraordinary magical abilities.",9648,movie,575094,/5Ggf38fEAhOCdgvfLOfUcfEQTQT.jpg,[9],6.098,2.8521,2019-08-22,['Prime Video']
A Dark Place,"When a young boy turns up dead in a sleepy Pennsylvania town, a local sanitation truck driver, Donald, plays detective, embarking on a precarious and obsessive investigation to prove the boy was murdered.",9648,movie,412157,/7QqFn9UzuSnh1uOPeSfYL1MFjkB.jpg,[9],6.038,2.0285,2018-10-07,['Prime Video']
The Deep House,"While diving in a remote French lake, a couple of YouTubers who specialise in underwater exploration videos discover a house submerged in the deep waters. What was initially a unique finding soon turns into a nightmare when they discover that the house was the scene of atrocious crimes. Trapped, with their oxygen reserves falling dangerously, they realise the worst is yet to come: they are not alone in the house.",9648,movie,672582,/52E0LGcMKHOO91P4j6hdHKVwITP.jpg,[9],6.015,4.3164,2021-06-30,['Prime Video']
Kidnapping Mr. Heineken,"The true story of the kidnapping of Freddy Heineken, the grandson of the founder of the Heineken brewery, and his driver. They were released after a ransom of 35 million Dutch guilders was paid.",9648,movie,228968,/6JAb9jQa4sONkutfqfR3I7LFpGd.jpg,[9],6.0,1.8718,2015-03-12,['Prime Video']
96,"Ram is a photographer and nature lover who travels all around India capturing moments. On a chance visit to his hometown Tanjavur, he goes into his school and begins to walk down memory lane to 1994 when he was a student harboring feelings for his classmate Janu.",10749,movie,441717,/nrVloCa2hCFOztRF1DZU2jnWIiQ.jpg,[9],7.5,2.8642,2018-10-04,['Prime Video']
My Fault: London,"18-year-old Noah moves from America to London, with her mother who's recently fallen in love with William, a wealthy British businessman. Noah meets William’s son, bad-boy Nick, and soon discovers there is an attraction between them neither can avoid. As Noah spends the summer adjusting to her new life, her devastating past will catch up with her while falling in love for the first time.",10749,movie,1294203,/ttN5D6GKOwKWHmCzDGctAvaNMAi.jpg,[9],7.473,52.8389,2025-02-12,['Prime Video']
Summer of 85,"What do you dream of when you're 16-years-old and in a seaside resort in Normandy in the 1980s? A best friend? A lifelong teen pact? Scooting off on adventures on a boat or a motorbike? Living life at breakneck speed? No. You dream of death. Because you can't get a bigger kick than dying. And that's why you save it till the very end. The summer holidays are just beginning, and this story recounts how Alexis grew into himself.",10749,movie,659959,/etH2pm1eMxEjY2dlltpQGLVspv.jpg,[9],7.408,3.1846,2020-07-14,['Prime Video']
And Then We Danced,"A passionate coming-of-age tale set amidst the conservative confines of modern Tbilisi, the film follows Merab, a competitive dancer who is thrown off balance by the arrival of Irakli, a fellow male dancer with a rebellious streak.",10749,movie,597088,/cHHKSPE2LzUTV8oi420lSmDKqgc.jpg,[9],7.4,1.7337,2019-09-13,['Prime Video']
My Days of Mercy,The daughter of a man on death row falls in love with a woman on the opposing side of her family's political cause.,10749,movie,434714,/adIPKAoKnKL9vCTkvfF4J9ZA7Ln.jpg,[9],7.4,2.4459,2018-03-31,['Prime Video']
Firebird,"At the height of the Cold War, a troubled soldier forms a forbidden love triangle with a daring fighter pilot and his female comrade amid the dangerous surroundings of a Soviet Air Force Base.",10749,movie,797838,/uECWNRjCEwewHBjt0leyZiAyiXb.jpg,[9],7.341,4.4009,2021-10-29,['Prime Video']
Chemical Hearts,"When a hopelessly romantic high school senior falls for a mysterious new classmate, it sets them both on an unexpected journey that teaches them about love, loss, and most importantly themselves.",10749,movie,621013,/aknnLs5SkaFKZIoFvtBsRhG1FxV.jpg,[9],7.3,3.0555,2020-08-21,['Prime Video']
Battle for Sevastopol,"The story of Lyudmila Pavlichenko, the most successful female sniper in history.",10749,movie,332270,/cURuQIcuJ5U8ToPJByqytaIpL7U.jpg,[9],7.31,3.8306,2015-04-02,['Prime Video']
The Secret Scripture,"The hidden memoir of an elderly woman confined to a mental hospital reveals the history of her passionate yet tortured life, and of the religious and political upheavals in Ireland during the 1920s and 30s.",10749,movie,283591,/iVoZqwvGAwxvGVbYV5y04wpiBob.jpg,[9],7.29,2.2337,2017-03-23,['Prime Video']
Akron,"Benny, a college freshman at the University of Akron, Ohio meets and falls for fellow freshman Christopher at a football game. With the support of their families and friends they embark on a new relationship. But a tragic event in the past involving their mothers soon comes to light and threatens to tear them apart.",10749,movie,361018,/7G92ackDnKzwqdBgqmR3xDsqHOE.jpg,[9],7.3,0.964,2015-10-06,['Prime Video']
Life Itself,"As a young New York couple goes from college romance to marriage and the birth of their first child, the unexpected twists of their journey create reverberations that echo over continents and through lifetimes.",10749,movie,446696,/pE2hxC8bPbIi9tGyhFg5xiFW6dA.jpg,[9],7.221,2.5048,2018-09-21,['Prime Video']
Mario,Two young gay soccer players get caught up between the politics of the game and the politics of love.,10749,movie,500259,/jdnkICY5RwbaiS9zBOxkUtbZvxH.jpg,[9],7.2,0.8986,2018-02-22,['Prime Video']
The Choice,Travis and Gabby first meet as neighbors in a small coastal town and wind up in a relationship that is tested by life's most defining events.,10749,movie,330483,/6MF3cdAasnF17SG9bmeamQ066iJ.jpg,[9],7.201,4.4505,2016-02-04,['Prime Video']
Professor Marston and the Wonder Women,"The unconventional life of Dr. William Marston, the Harvard psychologist and inventor who helped invent the modern lie detector test and created Wonder Woman in 1941.",10749,movie,420622,/tbrzHlnE8dNpllLWEe9bwDGNzLe.jpg,[9],7.2,3.9843,2017-10-13,['Prime Video']
My King,"Tony is admitted to a rehabilitation center after a serious ski accident. Dependent on the medical staff and pain relievers, she takes time to look back on a turbulent relationship that she experienced with Georgio.",10749,movie,329805,/kOhRkC7J3jpAgHGC0Uh3SoCqU4c.jpg,[9],7.1,1.0713,2015-10-21,['Prime Video']
Your Fault,The love between Noah and Nick seems unwavering despite their parents' attempts to separate them. But his job and her entry into college open up their lives to new relationships that will shake the foundations of both their relationship and the Leister family itself.,10749,movie,1156593,/1sQA7lfcF9yUyoLYC0e6Zo3jmxE.jpg,[9],7.128,68.2795,2024-12-26,['Prime Video']
Arjun Reddy,"A brilliant but impulsive young surgeon spirals into self-destruction after a painful breakup, struggling to cope with love, loss, and the consequences of his own temper.",10749,movie,473234,/kHubDgL59I5hCn7ccBYvU7bKY1r.jpg,[9],7.1,1.8932,2017-08-25,['Prime Video']
Passengers,"A spacecraft traveling to a distant colony planet and transporting thousands of people has a malfunction in its sleep chambers. As a result, two passengers are awakened 90 years early.",878,movie,274870,/oZpdONg32luHu0g8HcysuPgSlIK.jpg,[9],6.952,12.6265,2016-12-21,['Prime Video']
Invasion,"Two years after the fall of the alien ship, the life of a young woman from Moscow has been changed forever. Her growing powers are now at the focus of both human and celestial investigation: an alien force takes an interest in her, and will stop short of nothing, including an invasion. Can love and compassion save humanity, when faced with a much greater and more demanding test this time?",878,movie,514207,/eNkewJGOW44OznlnfXA8ewWPPmI.jpg,[9],6.883,4.0416,2020-02-27,['Prime Video']
Level 16,"The teenage girls of Vestalis Academy are meticulously trained in the art of being “clean girls,” practicing the virtues of perfect femininity. But what exactly are they being trained for? Vivien intends to find out.",878,movie,548066,/glVIjhLmzmgtppLWb3lvnoPljGW.jpg,[9],6.767,3.2656,2018-02-20,['Prime Video']
Jurassic World,"Twenty-two years after the events of Jurassic Park, Isla Nublar now features a fully functioning dinosaur theme park, Jurassic World, as originally envisioned by John Hammond.",878,movie,135397,/rhr4y79GpxQF9IsfJItRXVaoGs4.jpg,[9],6.693,22.3702,2015-06-06,['Prime Video']
Attraction,"After an alien ship crash lands in a Russian city, many who see the inside and the occupants start to question their own existence while others demand the aliens leave Earth.",878,movie,401513,/uMr2lXCh8PuGBhCIosjknQRv1iT.jpg,[9],6.69,3.7914,2017-01-26,['Prime Video']
Multiverse,Four brilliant university students are forced to confront themselves in terrifying ways when their Quantum Physics experiment leads to an entangled parallel existence that leaves them questioning who they are and what is real.,878,movie,660833,/jMhWb00KXwnYbneENxImQslRzUs.jpg,[9],6.636,2.1687,2021-11-12,['Prime Video']
The Moon,"In 2029, Korea's lunar probe Woori embarks on a historic journey to the moon, capturing global attention.",878,movie,753091,/8LfXejDvxnOGZ0VEBZMBVekGWgo.jpg,[9],6.557,3.0338,2023-08-02,['Prime Video']
Proximity,A young NASA JPL scientist is abducted by extraterrestrials but when no one believes his story he becomes obsessed with finding proof which leads him on a journey of discovery.,878,movie,693158,/nto7dx8vmqESDU484huGoSt4o48.jpg,[9],6.6,3.2848,2020-05-15,['Prime Video']
Turbo Kid,"In a post-apocalyptic wasteland, an orphaned teen must battle a ruthless warlord to save the girl of his dreams.",878,movie,310135,/ArUqADkwycYtNVuXSoSXVrdJ8iJ.jpg,[9],6.522,2.4996,2015-08-14,['Prime Video']
The Blackout,"Contact between most towns on Earth has been severed. A small ring-like area in Eastern Europe still has electricity, and maybe even life is being reported from space. What military forces find outside the ring is shocking.",878,movie,574982,/avl9MEQhtvokNnzoWepkmHBZ2ss.jpg,[9],6.477,3.1694,2019-11-21,['Prime Video']
Coma,"A young and talented architect comes to his senses after a horrific accident only to find himself in the odd dystopian world. A world that is filled with the memories of all current coma patients. Just like a human memory this world is fragmental, chaotic and unstable. This is COMA: icecaps, rivers and cities can all exist in a space of a single room and laws of physics are no longer laws as they can be bent.",878,movie,430155,/ijJm0RSeKIr67qkHLtSmtigS6ra.jpg,[9],6.406,7.4738,2020-01-01,['Prime Video']
Hardcore Henry,"Henry, a newly resurrected cyborg who must save his wife/creator from the clutches of a psychotic tyrant with telekinetic powers, AKAN, and his army of mercenaries. Fighting alongside Henry is Jimmy, who is Henry's only hope to make it through the day. Hardcore Henry takes place over the course of one day, in Moscow, Russia.",878,movie,325348,/ik1uZyiMSxF9HqrgRKUNfMCfr3z.jpg,[9],6.393,3.1356,2015-09-12,['Prime Video']
Black Box,"After losing his wife and his memory in a car accident, a single father undergoes an experimental treatment that causes him to question who he really is.",878,movie,716258,/ldlpTitpSTBINwgifzlRRXveXUF.jpg,[9],6.392,2.0692,2020-10-06,['Prime Video']
The Mandela Effect,"A man becomes obsessed with facts and events that have been collectively misremembered by thousands of people. Believing the phenomena to be the symptom of something larger, his obsession eventually leads him to question reality itself.",878,movie,491037,/1B38NHh9C4jHFaKMVAAHssEmvpc.jpg,[9],6.4,0.9357,2019-12-06,['Prime Video']
Assimilate,Three friends making a web series about their town discover that their neighbors are being killed and replaced by creatures who are perfect copies of their victims.,878,movie,528985,/jbMZEbL9FuhvHOS5Yivz5Vwbbhk.jpg,[9],6.4,2.301,2019-05-24,['Prime Video']
Megaboa,"On a trip to Colombia, a group of college students encounter a fifty-foot boa constrictor, hungry for blood.",878,movie,920081,/sAnAMv3eyQiGI1z2k8NsvH0Y6r5.jpg,[9],6.3,2.6332,2021-11-26,['Prime Video']
Synchronic,"Two New Orleans paramedics' lives are ripped apart after encountering a series of horrific deaths linked to a designer drug with bizarre, otherworldly effects.",878,movie,549294,/wgm4gdJwb7iSYX0uBsRAZmHQmPm.jpg,[9],6.321,3.6395,2020-10-23,['Prime Video']
The Endless,Two brothers return to the cult they fled from years ago to discover that the group's beliefs may be more sane than they once thought.,878,movie,430231,/49sb3kEZplzudQBhJDSt0mNJm4V.jpg,[9],6.316,5.837,2017-11-05,['Prime Video']
A-X-L,The life of a teenage boy is forever altered by a chance encounter with cutting edge military technology.,878,movie,438590,/9kB56ZdMB6RgY5QtX9Bar45jCeI.jpg,[9],6.284,3.5111,2018-08-23,['Prime Video']
The Meg,"A deep sea submersible pilot revisits his past fears in the Mariana Trench, and accidentally unleashes the seventy foot ancestor of the Great White Shark believed to be extinct.",878,movie,345940,/eyWICPcxOuTcDDDbTMOZawoOn8d.jpg,[9],6.248,18.7095,2018-08-09,['Prime Video']
Gundala,"Sancaka has lived on the streets since his parents left him. Living a hard life, Sancaka survives by thinking about his own safety. When the condition of the city gets worse and injustice rages throughout the country, Sancaka must decide whether he continues to live to look after himself or rise to become their oppressed hero.",878,movie,516700,/wZCo5qUz3IdIhs6466B9PpFglXU.jpg,[9],6.2,1.3495,2019-08-29,['Prime Video']
Occupation: Rainfall,"Two years into an intergalactic invasion of Earth, survivors in Sydney, Australia, fight back in a desperate ground war. As casualties mount by the day, the resistance and their unexpected allies, uncover a plot that could see the war come to a decisive end. With the Alien invaders hell-bent on making earth their new home, the race is on to save mankind.",878,movie,688258,/vpq8XjZ3ZalcbqWOYIdqcV7FbIJ.jpg,[9],6.2,1.9589,2020-10-30,['Prime Video']
Raising the Bar,"16-year-old Kelly quits an elite gymnastics program and moves to Australia. To help out a new friend and show up an old rival she re-enters competitive gymnastics, she'll have to find a way to move forward while making amends with her past.",10770,movie,396289,/4PmeOpZK9Qvnsuo02TqBO1wHecR.jpg,[9],6.4,1.375,2017-03-09,['Prime Video']
EXmas,"When Graham decides to surprise his family by traveling home for Christmas, he is shocked to discover them already celebrating with an unexpected guest of honor, his ex-fiancée, Ali. The two exes battle it out to see who the family will pick to stay through Christmas Day and who must go.",10770,movie,1192745,/4WfzdlUXUAd1QA6xmbbNH89Kgbo.jpg,[9],6.435,1.2406,2023-11-17,['Prime Video']
Accidentally Engaged,"When unsuccessful actress Clarissa returns to her hometown for a wedding and tries to impress her old friends by claiming she's dating big time celebrity Chas Hunter, she suddenly finds herself in a comically false engagement when her lies go public and Chas decides to join the festivities in a stunt to escape bad press.",10770,movie,417936,/lArOsPsD5e0W0paC7vReirclHNw.jpg,[9],6.2,3.7649,2016-03-05,['Prime Video']
Stalked by My Doctor: The Return,"Dr. Beck, who has changed his name, saves a young teenage girl drowning in Mexico, whom he falls in love with. As always, there are some complications in his way, but he has plans to possibly get past them and get the girl of his dreams.",10770,movie,414610,/cNR9qhsV05lZpFCgT8YfTqnsHCP.jpg,[9],6.1,1.0593,2016-09-05,['Prime Video']
Merry Kissmas,"Unwinding her relationship from a controlling choreographer, Kayla happens to take an elevator ride with lonesome caterer “Dustin”. The lift stalls, and spontaneously, magical kisses follow. Soon the choreographer makes nice, and Dustin retreats. Kayla becomes confused as to which man to love.",10770,movie,369058,/k0qMSI9jzrEvErC66eCdkM6W1yu.jpg,[9],6.1,0.5578,2015-12-05,['Prime Video']
A Prince for Christmas,A prince from Europe meets a charming waitress when he travels to America during the Christmas holiday to escape an arranged marriage.,10770,movie,369057,/hyMRbk3aVjc8E5eXZLtvAhRLDQ0.jpg,[9],5.9,0.9755,2015-10-28,['Prime Video']
Christmas with a Prince,"Pediatric specialist Tasha Mason is focused on one thing; keeping the kids in her ward as healthy and happy as possible. So when her high-school crush, who just happens to be handsome Prince Alexander Cavalieri, breaks his leg on a nearby ski-slope, Tasha is forced to allow him to secretly get well on her floor and she’s furious that a spoiled Royal is interrupting the precious healing time her kids so badly need. Soon, however, Tasha learns that some tough love and a lot of Christmas spirit, could turn this royal pain into a knight in shining armor.",10770,movie,566039,/f36niI1QKbUUN7hh6lbeIEUIv4P.jpg,[9],5.5,0.8535,2018-11-09,['Prime Video']
48 Christmas Wishes,"Holiday magic has never gleamed brighter as Santa’s Elves head out on an adventure to bring every boy and girl their Christmas wish while also bringing a family back together in this heartfelt Christmas movie from Gaumont. After accidentally destroying a bag of Christmas wishes from a small town on the eve of Christmas Eve, two junior elves learn that if even one wish goes unfulfilled, Christmas could be extinguished forever. For the first time in their lives, the elves Mindy and Cam venture out of the North Pole and sneak into Minnedoza to collect the lost wishes. Along the way they enlist the help of young Blake, whose family has a difficult time celebrating Christmas since his father died. With their deadline fast approaching, Mindy and Cam have only one more wish to find…but whose could it be? It’s up to Mindy and Cam to find out and save Christmas!",10770,movie,490410,/yz3BdtQuWxBvjyXqhwLCdzbTxj.jpg,[9],5.515,0.5763,2017-12-01,['Prime Video']
Angel Falls Christmas,A devoted doctor with little time for the Christmas spirit is in desperate need of an intervention from the unlikeliest of places.,10770,movie,878401,/7A4sPNcTnwtHW2lPaPrKHFVSMON.jpg,[9],5.352,1.0161,2021-11-26,['Prime Video']
Sharknado 5: Global Swarming,Fin and his wife April travel around the world to save their young son who's trapped inside a sharknado.,10770,movie,438970,/zB1ZhLWQNiBkRnABbFaULodfEaj.jpg,[9],4.7,3.1996,2017-08-06,['Prime Video']
Sharknado 3: Oh Hell No!,"The sharks take bite out of the East Coast when the sharknado hits Washington, D.C. and Orlando, Florida.",10770,movie,331446,/r8qy2CgaSjJYusWy3XkbZieK5aG.jpg,[9],4.615,2.6552,2015-07-22,['Prime Video']
The Last Sharknado: It's About Time,"Our hero Fin has battled sharks all over the globe, but in this last installment he will tackle the final shark-tier - time travel.",10770,movie,523849,/fNMIepqPpg4QN3D0O0SPgvt29w3.jpg,[9],4.4,2.528,2018-08-19,['Prime Video']
Tunnel,"A man is on his way home when the poorly constructed tunnel he is driving through collapses, leaving him trapped leaving himself for the unexpected whilst emergency services struggle to help.",53,movie,390497,/rLTYM8HeUo4YhgAlU888XEU8LMS.jpg,[9],7.292,3.962,2016-08-10,['Prime Video']
The Salesman,"Forced out of their apartment due to dangerous works on a neighboring building, Emad and Rana move into a new flat in the center of Tehran. An incident linked to the previous tenant will dramatically change the young couple’s life.",53,movie,375315,/x4PIuYU5ZMMXiTrheNR8vCTYPBf.jpg,[9],7.234,3.13,2016-06-24,['Prime Video']
Dominique,"Dominique, a well-trained assassin, flees from her troubled past in an attempt to begin a new life in South America. However, she soon finds herself in a town plagued with violence and corruption. Facing brutal attacks from the police and mafia, Dominique must decide whether to protect herself or an innocent family that has taken her in.",53,movie,1331375,/jvug7Esd89yNLJwGvUfeQ9j69cE.jpg,[9],7.07,10.8914,2024-10-11,['Prime Video']
Tom Clancy's Without Remorse,An elite Navy SEAL uncovers an international conspiracy while seeking justice for the murder of his pregnant wife.,10752,movie,567189,/6GCOpT8QcNzup09TAMmvvk22LTR.jpg,[9],6.969,9.0837,2021-04-29,['Prime Video']
1944,"The events of the war in 1944, from the Blue Hills to Sõrve Peninsula. Shown through the eyes of Estonian soldiers who had to pick sides and fight against fellow brothers. Choices have to be made, not only by the soldiers, but also by their loved ones.",10752,movie,321303,/3DyGmQ53Tj4iSvYxMrj3x4o5kwy.jpg,[9],6.9,1.3437,2015-02-20,['Prime Video']
The King's Choice,"On 9 April 1940, German soldiers arrive in the city of Oslo. The King of Norway faces a choice that will change his country forever.  The King's Choice is a story about the three most dramatic days in Norway's history, the royal family's escape and King Haakon's difficult choice after Nazi Germany's invasion of Norway.",10752,movie,396616,/qulAxlraNWYrvtq2lIi6AakbeUs.jpg,[9],6.888,2.0379,2016-09-29,['Prime Video']
The Great Battle,"Kingdom of Goguryeo, ancient Korea, 645. The ruthless Emperor Taizong of Tang invades the country and leads his armies towards the capital, achieving one victory after another, but on his way is the stronghold of Ansi, protected by General Yang Man-chu, who will do everything possible to stop the invasion, even if his troops are outnumbered by thousands of enemies.",10752,movie,535389,/gv5ByLHZfn7MUKpjJovRTr5URGg.jpg,[9],6.8,3.4955,2018-09-19,['Prime Video']
Hyena Road,"Three different men, three different worlds, three different wars – all stand at the intersection of modern warfare – a murky world of fluid morality where all is not as it seems. A unique and dramatic look at the Canadian Army in Afghanistan.",10752,movie,316042,/zdn34Jx3rRkhDGsD0qcB0cA1HzB.jpg,[9],6.8,2.7943,2015-10-09,['Prime Video']
Shadow,"In a kingdom ruled by a young and unpredictable king, the military commander has a secret weapon: a shadow, a look-alike who can fool both his enemies and the King himself. Now he must use this weapon in an intricate plan that will lead his people to victory in a war that the King does not want.",10752,movie,463319,/zs9njGb9uOUOlNF6imwz3I4PFiO.jpg,[9],6.726,3.8074,2018-09-30,['Prime Video']
April 9th,"In the early morning of April 9, 1940, the Danish army is alerted: the Germans have crossed the border.",10752,movie,332179,/hH1uhfE5eN4FzQIuj8WkdCAL7n0.jpg,[9],6.686,1.5291,2015-03-12,['Prime Video']
Sobibor,"The film is based on a real story that happened in 1943 in the Sobibor concentration camp in German-occupied Poland. The main character of the movie is the Soviet-Jewish soldier Alexander Pechersky, who at that time was serving in the Red Army as a lieutenant. In October 1943, he was captured by the Nazis and deported to the Sobibor concentration camp, where Jews were being exterminated in gas chambers. But, in just 3 weeks, Alexander was able to plan an international uprising of prisoners from Poland and Western Europe. This uprising resulted in being the only successful one throughout the war, which led to the largest escape of prisoners from a Nazi concentration camp.",10752,movie,440626,/dnexT2if0lRTp8jsGSOY4JVAnnj.jpg,[9],6.565,2.2804,2018-05-03,['Prime Video']
Wolf Warrior 2,"China's deadliest special forces operative settles into a quiet life on the sea. When sadistic mercenaries begin targeting nearby civilians, he must leave his newfound peace behind and return to his duties as a soldier and protector.",10752,movie,452557,/87aWrVqaVhXhblhO7sYHLC2y8TT.jpg,[9],6.544,2.9217,2017-07-27,['Prime Video']
Ambush,"When a small outpost is ambushed, a US Army squad must take the battle below ground on a high-stakes mission in a new type of warfare the likes of which they have never seen.",10752,movie,1074034,/3QjtDMS7PB4SMj0nAJQiE86Lo0w.jpg,[9],6.476,2.7256,2023-02-24,['Prime Video']
Torpedo: U-235,"World War II: Resistance fighters accept a suicide mission to deliver a stolen Nazi submarine carrying atomic uranium. Hunted by Hitler’s army, the crew must outwit the German Navy to bring the cargo safely to America.",10752,movie,554022,/wHuhFcsii1GkKPHVC1wpdvJ9Djs.jpg,[9],6.4,1.3145,2019-10-23,['Prime Video']
The Wall,An American sniper and his spotter engage in a deadly cat-and-mouse game with an Iraqi sniper.,10752,movie,405775,/470L4b8erR58cWBpwJwcHZcbqi.jpg,[9],6.4,5.3275,2017-05-12,['Prime Video']
Journey's End,"Set in a dugout in Aisne in 1918, a group of British officers, led by the mentally disintegrating young officer Stanhope, variously await their fate.",10752,movie,438259,/5gGkt84bCPt7XRo35FcsrOeer78.jpg,[9],6.346,2.6004,2017-12-14,['Prime Video']
12 Strong,A team of special forces head into Afghanistan in the aftermath of the September 11th attacks in an attempt to dismantle the Taliban.,10752,movie,429351,/37Qwani2g0jVPU7N4OkkTZ7aERz.jpg,[9],6.342,9.8495,2018-01-18,['Prime Video']
Redbad,"In the year of 754 AD, during a time of epic battles and bloodshed, the legend of the pagan warrior king, Rebad, is born, but so is a new weapon against his people: Christianity. Redbad must ultimately unite a Viking army powerful enough to defeat the seemingly invincible Franks.",10752,movie,485296,/jmBXIR1nv1ueIBFBqKg60rLBzmQ.jpg,[9],6.3,2.1817,2018-06-28,['Prime Video']
Whiskey Tango Foxtrot,"In 2002, cable news producer Kim Barker decides to shake up her routine by taking a daring new assignment in Kabul, Afghanistan. Dislodged from her comfortable American lifestyle, Barker finds herself in the middle of an out-of-control war zone. Luckily, she meets Tanya Vanderpoel, a fellow journalist who takes the shell-shocked reporter under her wing. Amid the militants, warlords and nighttime partying, Barker discovers the key to becoming a successful correspondent.",10752,movie,279641,/xaLpB1dhUWkmpJSsJ41vFVpeHf2.jpg,[9],6.308,2.584,2016-03-04,['Prime Video']
Max & Leon,"In this WW2 epic comedy – in the vein of “La Grande Vadrouille” – our two heroes, Max and Léon, two lazy and partier pals, will try by all possible means to avoid going in the battle zone… This will lead the duo to demented and wild adventures.",10752,movie,392142,/47qB83tIFr9CuX6RHsTapk0W3Ls.jpg,[9],6.301,1.5215,2016-11-01,['Prime Video']
An Ordinary Man,A war criminal in hiding forms a relationship with his only connection to the outside world - his maid.,10752,movie,405965,/qc2mu3aYUDhdDCcrgvQWiQ4rMp1.jpg,[9],6.3,2.3399,2017-10-09,['Prime Video']
The Guardians,"In this ensemble drama set in rural France, the women of the Paridier farm are left to run it by themselves while their men are off fighting in World War I. But things become complicated with the arrival of American troops.",10752,movie,427347,/7nkfTsQrlyVh6r2Jik5hl86OLhz.jpg,[9],6.1,0.7365,2017-12-06,['Prime Video']
Man Down,"When a U.S. Marine returns home from Afghanistan, he finds that the place he once called home is no better than the battlefields he fought on overseas. Accompanied by his best friend, he searches desperately for the whereabouts of his estranged son and wife. In their search, the two intercept a man carrying vital information about his family.",10752,movie,296523,/6sv6YqD7CPbk1Wn7ayq5zosPeCi.jpg,[9],6.0,3.2252,2015-09-12,['Prime Video']
The Yellow Birds,"Two young soldiers, Bartle and Murph, navigate the terrors of the Iraq war under the command of the older, troubled Sergeant Sterling. All the while, Bartle is tortured by a promise he made to Murph's mother before their deployment.",10752,movie,383585,/rSeZHcgmiNs6s5vfuIKHcQm84eA.jpg,[9],6.0,1.847,2018-05-24,['Prime Video']
The Battle at Lake Changjin,"Korean War, winter 1950. In the frozen and snowy area of Changjin Lake, a bloody battle is about to begin between the elite troops of the United States and China.",10752,movie,779029,/iXvAlIo4DPLBiraC2KLu4977Wo2.jpg,[9],5.936,1.6021,2021-09-30,['Prime Video']
303 Squadron,"After the fall of the September Campaign of 1939, two Polish pilots are forced to fight for their nation in foreign battlefronts.",10752,movie,430727,/a3O1zY9INsubcJp1od8ccQULfhm.jpg,[9],5.884,0.8931,2018-08-31,['Prime Video']
The Dressmaker,"In 1950s Australia, beautiful, talented dressmaker Tilly returns to her tiny hometown to right wrongs from her past. As she tries to reconcile with her mother, she starts to fall in love while transforming the fashion of the town.",37,movie,298382,/5Loofmo5GTt1Qe2Dz5ERLVlN98T.jpg,[9],7.001,3.247,2015-10-29,['Prime Video']
Woman Walks Ahead,"Based on a true story, this riveting western follows a headstrong New York widow as she journeys west to meet Sioux chief Sitting Bull, facing off with an army officer intent on war with Native Americans.",37,movie,396373,/qI5NcQHR0nsykPqlG2qnfFyMgW6.jpg,[9],6.7,3.0421,2017-09-10,['Prime Video']
Sweet Country,"In 1929, an Australian Aboriginal stockman kills a white station owner in self-defense and goes on the lam, pursued by a posse.",37,movie,468210,/szJdZCSiEIYybmPymoP2UTEvOUC.jpg,[9],6.646,1.9651,2018-01-25,['Prime Video']
The Magnificent Seven,"Looking to mine for gold, greedy industrialist Bartholomew Bogue seizes control of the Old West town of Rose Creek. With their lives in jeopardy, Emma Cullen and other desperate residents turn to bounty hunter Sam Chisolm for help. Chisolm recruits an eclectic group of gunslingers to take on Bogue and his ruthless henchmen. With a deadly showdown on the horizon, the seven mercenaries soon find themselves fighting for more than just money once the bullets start to fly.",37,movie,333484,/ezcS78TIjgr85pVdaPDd2rSPVNs.jpg,[9],6.461,9.8104,2016-09-14,['Prime Video']
Badland,"Detective Matthias Breecher, hired to track down the worst of the Confederate war criminals, roams the Old West seeking justice. His resolve is tested when he meets a determined pioneer woman who is far more than she seems.",37,movie,634524,/217ddlMrnXll436baw7y5ERmz3x.jpg,[9],6.163,1.8673,2019-11-01,['Prime Video']
The Kid,"New Mexico Territory, 1880. Rio Cutler and his older sister Sara must abandon their home after an unfortunate event happens. In their desperate flee to Santa Fe, they cross paths with the infamous outlaw Billy the Kid and his gang, who are ruthlessly pursued by a posse led by Sheriff Pat Garret.",37,movie,492565,/62kTr2OP9itiyboPCpbhdvty9eV.jpg,[9],5.953,2.2665,2019-03-08,['Prime Video']
Jane Got a Gun,"After her outlaw husband returns home shot with eight bullets and barely alive, Jane reluctantly reaches out to an ex-lover who she hasn't seen in over ten years to help her defend her farm when the time comes that her husband's gang eventually tracks him down to finish the job.",37,movie,174751,/l5g8mqTWrudxBYXyB3B8cVSnxjp.jpg,[9],5.828,1.7202,2015-12-31,['Prime Video']
The Duel,A Texas Ranger investigates a series of unexplained deaths in a town called Helena.,37,movie,333386,/qF7PKbM4KpjF7e6KOUoluoz78fl.jpg,[9],5.4,2.0137,2016-06-24,['Prime Video']
Damsel,"Oregon, a small town near the sea, around 1870. Henry, a grieving man who aspires to preach as a way to overcome his unfortunate past, reunites with eccentric pioneer Samuel Alabaster, who has hired him to officiate at his marriage to the precious Penelope. What Henry ignores is that both must embark on a dangerous journey through the inhospitable wilderness to meet her.",37,movie,414018,/dNZxjsJwmKorpPvd0kquJffYROr.jpg,[9],5.4,2.6718,2018-06-22,['Prime Video']
Diablo,A young civil war veteran is forced on a desperate journey to save his kidnapped wife.,37,movie,362703,/6uAVDyWhkXfaMo09hNpyqR0xkFp.jpg,[9],4.9,1.5629,2016-01-08,['Prime Video']
INVINCIBLE,"Mark Grayson is a normal teenager except for the fact that his father is the most powerful superhero on the planet. Shortly after his seventeenth birthday, Mark begins to develop powers of his own and enters into his father’s tutelage.",10759,tv,95557,/jBn4LWlgdsf6xIUYhYBwpctBVsj.jpg,[9],8.637,112.4637,,['Prime Video']
Banana Fish,"Nature made Ash Lynx beautiful; nurture made him a cold ruthless killer. A runaway brought up as the adopted heir and sex toy of ""Papa"" Dino Golzine, Ash, now at the rebellious age of seventeen, forsakes the kingdom held out by the devil who raised him. But the hideous secret that drove Ash's older brother mad in Iraq has suddenly fallen into Papa's insatiably ambitious hands—and it's exactly the wrong time for Eiji Okamura, a pure-hearted young photographer from Japan, to make Ash Lynx's acquaintance.",10759,tv,80564,/d2TW5Rtd0uCasHlQygsDfWCROl2.jpg,[9],8.6,51.7982,,['Prime Video']
Dororo,"A samurai lord has bartered away his newborn son's organs to forty-eight demons in exchange for dominance on the battlefield. Yet, the abandoned infant survives thanks to a medicine man who equips him with primitive prosthetics—lethal ones with which the wronged son will use to hunt down the multitude of demons to reclaim his body one piece at a time, before confronting his father. On his journeys the young hero encounters an orphan who claims to be the greatest thief in Japan.",10759,tv,83100,/jyFHtqYeVvc2A9nLhFGvM49xGPg.jpg,[9],8.5,15.6759,,['Prime Video']
Batman: The Animated Series,"Vowing to avenge the murder of his parents, Bruce Wayne devotes his life to wiping out crime in Gotham City as the masked vigilante ""Batman"".",10759,tv,2098,/lBomQFW1vlm1yUYMNSbFZ45R4Ox.jpg,[9],8.54,39.7385,,['Prime Video']
Kenichi: The Mightiest Disciple,"Yeah, Kenichi’s a total wimp. He’s always getting picked on and doesn’t have a lot of friends to stick up for him. The guy needs motivation if he hopes to graduate in one piece. Well, Miu’s the perfect motivation. She’s hot, she accepts him, and she just so happens to live at a dojo with six martial arts masters. You could say fate has led Kenichi to their door, or you could say he was just following the hottie. Either way, he’s about to get whipped into serious shape. If he can survive some hard-core training, he might survive another day at school. He might even score with Miu. Yeah, you could call Kenichi a wimp. But let’s go with underdog instead.",10759,tv,37585,/pLzfW5xWN9sOId6C6vgcv8otnN7.jpg,[9],8.5,9.4964,,['Prime Video']
Magic Knight Rayearth,"Three young girls, Hikaru, Umi, and Fuu, are transported to a magical world called Cephiro during a field trip to Tokyo Tower. They are soon greeted by Master Mage Clef, who explains to them that they have been summoned to become the Legendary Magic Knights and save Cephiro. The girls are less than enthusiastic about this idea, and only want to return home. Clef further explains that they must seek out the three Rune Gods to help them fight. He bestows armor and magical powers to each of them. They learn from Clef that High Priest Zagato has kidnapped the Pillar of Cephiro, Princess Emeraude. The Pillar of Cephiro has the sole responsibility of keeping Cephiro alive and in balance with her prayers. Without Princess Emeraude, Cephiro would fall into ruin. Hikaru, Umi, and Fuu must fight off Zagato's henchman and find the Rune Gods if they ever want to get back home. They soon learn that friendship and loyalty are the only things they can rely on in the crumbling Cephiro.",10759,tv,34158,/pm3hODqtNDLqucDVvakky8FrhMx.jpg,[9],8.5,6.997,,['Prime Video']
The Boys,A group of vigilantes known informally as “The Boys” set out to take down corrupt superheroes with no more than blue-collar grit and a willingness to fight dirty.,10759,tv,76479,/2zmTngn1tYC1AvfnrFLhxeD82hz.jpg,[9],8.5,77.9981,,['Prime Video']
Harina,"The misadventures of Lieutenant Harina and his partner, Officer Ramírez, a very special police couple, who find themselves with the opportunity of a lifetime",10759,tv,158793,/aqW5UWQ2M13lQWVrGNrUzs3hn2x.jpg,[9],8.4,1.803,,['Prime Video']
Slugterra,"Following his father's death, 15-year-old Eli Shane embraces his destiny to follow in his dad's footsteps to a secret, subterranean world called Slugterra where he is determined to be the greatest Slugslinging hero of them all!",10759,tv,46994,/hbAHSGKr0aJStev8w5ebWWZboh1.jpg,[9],8.4,12.728,,['Prime Video']
Teen Titans,"Fighting for truth, justice and the last slice of pizza, these five superheroes are living proof you're never too young to save the planet. Protecting Earth and beyond, the Teen Titans use martial arts and gadgetry to battle villains.",10759,tv,604,/7DCq6XbJx5WGKPvSMBxYK9uJQWQ.jpg,[9],8.351,42.5337,,['Prime Video']
Yashahime: Princess Half-Demon,"In feudal Japan, half-demon twins Towa and Setsuna are separated from each other during a forest fire. While desperately searching for her younger sister, Towa wanders into a mysterious tunnel that sends her into present-day Japan, where she is found and raised by Kagome Higurashi’s brother, Sota, and his family. Ten years later, the tunnel that connects the two eras has reopened, allowing Towa to be reunited with Setsuna, who is now a demon slayer working for Kohaku. But to Towa’s shock, Setsuna appears to have lost all memories of her older sister",10759,tv,103254,/78l5gFTXyLp9KE4uSWJgSRb9RGj.jpg,[9],8.3,10.8354,,['Prime Video']
Medabots,"Set in the near future, Medabots revolves around the super charged battling adventures of a group of kids and their pet robots. Fueled with artificial intelligence and a specialized arsenal of high powered weapons, Medabots compete against each other in exciting Robattles, with the winners acquiring Medaparts from the defeated Medabot.

With over 370 unique robots ready to Robattle, Medabots is filled with explosive adventures in a world where kids have the ultimate power. But more than anything else, these challenges are about courage and mind power, where the soul of the Medafighter and Medabot combine to emerge victorious.",10759,tv,11235,/x4bQto8Jsphbd0VxLKcvqDQS0Mj.jpg,[9],8.331,23.9657,,['Prime Video']
Elfen Lied,"The Diclonius, a mutated homo sapien that is said to be selected by God and will eventually become the destruction of mankind, possesses two horns in their heads, and has a ""sixth sense"" which gives it telekinetic abilities. Due to this dangerous power, they have been captured and isolated in laboratories by the government. Lucy, a young and psychotic Diclonius, manages to break free of her confines and brutally murder most of the guards in the laboratory, only to get shot in the head as she makes her escape. She survives and manages to drift along to a beach, where two teenagers named Kouta and Yuka discovers her. Having lost her memories, she was named after the only thing that she can now say, ""Nyuu,"" and the two allow her to stay at Kouta's home. However, it appears that the evil ""Lucy"" is not dead just yet...",10759,tv,42671,/jnPmlRjcLmwNqRzmYOWVlqsw2Ix.jpg,[9],8.33,6.3235,,['Prime Video']
Bakugan Battle Brawlers,Centers on the lives of creatures called Bakugan and the battle brawlers who possess them.,10759,tv,34109,/vptVwP1uej035bHzirMtEMSndn.jpg,[9],8.3,12.2705,,['Prime Video']
Stargate SG-1,"The story of Stargate SG-1 begins about a year after the events of the feature film, when the United States government learns that an ancient alien device called the Stargate can access a network of such devices on a multitude of planets. SG-1 is an elite Air Force special operations team, one of more than two dozen teams from Earth who explore the galaxy and defend against alien threats such as the Goa'uld, Replicators, and the Ori.",10759,tv,4629,/dQjmI7XxI47v8IM2MUysHG0LuU2.jpg,[9],8.3,90.719,,['Prime Video']
Fallout,"The story of haves and have-nots in a world in which there’s almost nothing left to have. 200 years after the apocalypse, the gentle denizens of luxury fallout shelters are forced to return to the irradiated hellscape their ancestors left behind — and are shocked to discover an incredibly complex, gleefully weird, and highly violent universe waiting for them.",10759,tv,106379,/AnsSKR9LuK0T9bAOcPVA3PUvyWj.jpg,[9],8.268,24.8468,,['Prime Video']
Battlestar Galactica,"When an old enemy, the Cylons, resurface and obliterate the 12 colonies, the crew of the aged Galactica protect a small civilian fleet - the last of humanity - as they journey toward the fabled 13th colony, Earth.",10759,tv,1972,/99PJSbcO2LeM10uOGWeFihNp77j.jpg,[9],8.209,36.7063,,['Prime Video']
Battlestar Galactica,"A re-imagining of the original series in which a ""rag-tag fugitive fleet"" of the last remnants of mankind flees pursuing robots while simultaneously searching for their true home, Earth.",10759,tv,71365,/imTQ4nBdA68TVpLaWhhQJnb7NQh.jpg,[9],8.205,6.7335,,['Prime Video']
Karakuri Circus,"Narumi is certain that Masaru will be kidnapped by wooden puppets with supernatural strength after fighting them with all his strength.  Masaru inherited his father's wealth which has brought many enemies out of the shadows, too many for Narumi to defend him alone. When Narumi is feeling discouraged, Masaru's watcher, Shirogane, arrives with a powerful weapon, the puppet Arlequin.",10759,tv,83054,/pUhEiAZXI6OqlUnIbUjlANzY8V9.jpg,[9],8.2,3.3431,,['Prime Video']
The Storyteller,"The Storyteller aided by his cynical dog, narrates classic folk tales, fables, and legends.",10759,tv,5303,/4zyfBsIxQfEK0RcfJvwXgHTKqfn.jpg,[9],8.135,5.1368,,['Prime Video']
The Walking Dead: Daryl Dixon,"Daryl washes ashore in France and struggles to piece together how he got there and why. The series tracks his journey across a broken but resilient France as he hopes to find a way back home. As he makes the journey, though, the connections he forms along the way complicate his ultimate plan.",10759,tv,211684,/kdM24KINoAVK9wjCtDJCkdffEpc.jpg,[9],8.134,21.231,,['Prime Video']
Reacher,"Jack Reacher, a veteran military police investigator, has just recently entered civilian life. Reacher is a drifter, carrying no phone and the barest of essentials as he travels the country and explores the nation he once served.",10759,tv,108978,/31GlRQMiDunO8cl3NxTz34U64rf.jpg,[9],8.11,99.7717,,['Prime Video']
Lupin the 3rd,"Follow the exciting adventures of Arsene Lupin III, the grandson of the world's greatest thief, Arsene Lupin. Together with Daisuke Jigen, Goemon Ishikawa and his love interest Fujiko Mine, he carries out the greatest robberies of all time, all the while evading the control of Inspector Koichi Zenigata.",10759,tv,31572,/aywOqgw5opNykCW4R8os1liPVnq.jpg,[9],8.1,46.1495,,['Prime Video']
Yu-Gi-Oh! 5D's,"The future of dueling is revving up! And with it begins a new legend! Yu-Gi-Oh! 5D's!

Welcome to New Domino City! Once the playground to legendary duelist Yugi Muto, this sprawling metropolis has since been transformed into a futuristic society where dueling has kicked into overdrive. With recent technological advancements made by KaibaCorp, dueling has undergone a metamorphosis that has revolutionized the makeup and pace of the game! It’s now a heart-pounding, adrenaline-filled and fuel injected competition where duelists ride supercharged hyper cycles called Duel Runners and battle it out in hi-octane contests called “Turbo Duels.” The winners and losers aren’t just separated by skill and strength… but by SPEED!

However, for five special duelists, it's not just about winning or losing anymore - it's about survival, for they are the chosen ""Signers"" who have been marked by destiny to uncover the secrets of the five dragons!",10759,tv,20695,/1fareX2gQVmpcxoPFHLAHu3ljld.jpg,[9],8.1,10.7806,,['Prime Video']
Person of Interest,"John Reese, former CIA paramilitary operative, is presumed dead and teams up with reclusive billionaire Finch to prevent violent crimes in New York City by initiating their own type of justice. With the special training that Reese has had in Covert Operations and Finch's genius software inventing mind, the two are a perfect match for the job that they have to complete. With the help of surveillance equipment, they work ""outside the law"" and get the right criminal behind bars. ",10759,tv,1411,/6FuKOyJgViZXgMDOq9djFJLWPqX.jpg,[9],8.1,39.3149,,['Prime Video']
Winx Club,"In a magical universe, witches, warriors begin fighting in the name of good .vs. evil! At a magic school, five teenage girls are selected to defend the universe with their magic.",10759,tv,1848,/iAEh0rhHfq0oPdsZbsCSNPRBHXW.jpg,[9],8.1,30.1265,,['Prime Video']
The Walking Dead: Dead City,"Maggie and Negan travel to post-apocalyptic Manhattan - long ago cut off from the mainland. The crumbling city is filled with the dead and denizens who have made it a world full of anarchy, danger, beauty, and terror.",10759,tv,194583,/wq3vuQzQgbS83zX3malAFWMsSwX.jpg,[9],8.043,17.0184,,['Prime Video']
Island,"Jeju Island is taken over by evil spirits. An exorcist, priest, and chaebol heiress are fated to fight against evil spirits attempting to end the world. “They are stirring at last.”",10759,tv,211747,/vg6XsKLcO4dCzqBce045laQ82S6.jpg,[9],8.029,6.6597,,['Prime Video']
Babylon 5,"Babylon 5 is a five-mile long space station located in neutral space. Built by the Earth Alliance in the 2250s, its goal is to maintain peace among the various alien races by providing a sanctuary where grievances and negotiations can be worked out among duly appointed ambassadors. A council made up of representatives from the five major space-faring civilizations - the Earth Alliance, Minbari Federation, Centauri Republic, Narn Regime, and Vorlon Empire - work with the League of Non-Aligned Worlds to keep interstellar relations under control. Aside from its diplomatic function, Babylon 5 also serves as a military post for Earth and a port of call for travelers, traders, businessmen, criminals, and Rangers.",10759,tv,3137,/rj87TqwabgJzslrH4G6BCDseBKV.jpg,[9],8.0,36.8736,,['Prime Video']
Stargate Atlantis,"With the Ancients' city of Atlantis discovered in the Pegasus Galaxy by Stargate Command, Dr. Elizabeth Weir and Major Sheppard lead a scientific expedition to the ancient abandoned city. Once there, the team not only find themselves unable to contact Earth, but their explorations unexpectedly reawaken the Ancients' deadly enemies, The Wraith, who hunger for this new prey. Now with the help of newfound local allies like Teyla Emmagan, the Atlantis Team sets about to uncover their new home's secrets even as their war of survival against the Wraith begins.",10759,tv,2290,/l0JYr2iqwId6VOmCV8dHzlIM6Wd.jpg,[9],8.024,37.2397,,['Prime Video']
The Terminal List,"Navy SEAL Commander James Reece turns to vengeance as he investigates the mysterious forces behind the murder of his entire platoon. Free from the military’s command structure, Reece applies the lessons he’s learned from nearly two decades of warfare to hunt down the people responsible.",10759,tv,120911,/jbyaKYNexl1poKZnEmB6Qobn60s.jpg,[9],8.013,16.2149,,['Prime Video']
Mirzapur,"The iron-fisted Akhandanand Tripathi is a millionaire carpet exporter and the mafia don of Mirzapur. His son, Munna, is an unworthy, power-hungry heir who will stop at nothing to inherit his father's legacy. An incident at a wedding procession forces him to cross paths with Ramakant Pandit, an upstanding lawyer, and his sons, Guddu and Bablu. It snowballs into a game of ambition, power and greed that threatens the fabric of this lawless city.",10759,tv,84105,/p0qM8hhlMF5DuxHBzl2EZR6TehX.jpg,[9],8.0,11.7656,,['Prime Video']
Utopia,"The  Utopia Experiments is a legendary graphic novel shrouded in mystery.  When a group of strangers find themselves in possession of an original  manuscript, their lives suddenly and brutally implode.",10759,tv,46511,/snOU6W5CU7aGVSVu29wBWzdzNzi.jpg,[9],8.01,6.5008,,['Prime Video']
Monster Farm,"Genki is a boy who loves playing the Monster Rancher games and one day he's somehow transported into the world of the video game where he meets the girl Holly and the monsters Mochi, Suezo, Golem, Tiger and Hare. Together, they are searching for a way to revive the Phoenix, which is the only monster capable of stopping the evil Moo.",10759,tv,15130,/lzh49cRWKSjNm98Cov0bBDvBww7.jpg,[9],8.0,7.0484,,['Prime Video']
The Adventures of Tintin,"Travel with Tintin, the young and intrepid Belgian reporter, and his faithful dog Snowy as they take you from Tibet to the Moon, or from Egypt to the depths of the sea -- solving mysteries, pursuing truth and justice, and gambling with their lives.",10759,tv,1570,/x269Sp8n4YOIATxm1y9cpXwj4Ah.jpg,[9],7.942,13.4026,,['Prime Video']
Garth Marenghi's Darkplace,"When the Hellmouth opens beneath Darkplace Hospital in downtown Romford, kiddy doctor, Vietnam veteran and ex-warlock Dr. Rick Dagless M.D. is the only man who can close it. Joined by best buddy Dr. Lucien Sanchez, fiery hospital boss Thornton Reed, and woman Liz Asher, Dagless must fight the forces of Darkness while dealing with the burden of day-to-day admin. From the chilling pen of best-selling horror writer Garth Marenghi comes this lost masterpiece of televisual terror. Dare you enter Garth's Darkplace?",10759,tv,205,/4aSD7ssvpkmNqOxenPiWaLpq4vg.jpg,[9],7.929,14.6124,,['Prime Video']
Blue Exorcist,"Humans live in the world of Assiah, demons in Gehenna. The two dimensions are not meant to interfere with each other, but demons still possess creatures in Assiah in spite of this. The humans who can fight these demons are known as exorcists. Rin Okumura is a boy who bears the curse of being Satan's illegitimate son. His foster father sacrificed himself to save him from demons. To avenge his foster father's death as well as to prove himself, Rin decides to follow the path of an exorcist and defeat his own father, Satan. To hone his raw skills, Rin enters True Cross Academy to train with other exorcist candidates.",10759,tv,38464,/kpNoqNmElzGUEcEoZyfFwvYXMsR.jpg,[9],7.901,21.4204,,['Prime Video']
Kid vs. Kat,"Kid vs. Kat is a Canadian-American animated television series developed and produced at Studio B Productions. The show was created and co-directed by Rob Boutilier. The series is distributed by Studio B Productions. The feature revolves around a 10-year-old boy's constant battle with his sister's Sphinx cat which, in reality, is a cybernetic alien.

The show premiered on YTV in Canada on October 25, 2008, aired on Disney XD in the United States on February 21, 2009, and then ended on June 4, 2011. It ran for 2 seasons, spanning 52 episodes.",10759,tv,17463,/1f3DyCY4Xe6ZxN2blj0gNdWhS71.jpg,[9],7.884,32.075,,['Prime Video']
Farscape,A freak accident during an experimental space mission catapults Astronaut John Crichton across a thousand galaxies to an alien battlefield.,10759,tv,4271,/fCJx7cCXKOEkmCVIIyP8qk0Pb7Y.jpg,[9],7.857,34.6373,,['Prime Video']
Gen V,"At America's only college for superheroes, gifted students put their moral boundaries to the test, competing for the university's top ranking, and a chance to join The Seven, Vought International's elite superhero team. When the school's dark secrets come to light, they must decide what kind of heroes they want to become.",10759,tv,205715,/uuot1N5AgZ7xRCKgm4ZCwOhgIJu.jpg,[9],7.831,15.171,,['Prime Video']
Merlin,"The unlikely friendship between Merlin, a young man gifted with extraordinary magical powers, and Prince Arthur, heir to the crown of Camelot.",10759,tv,7225,/8eR5Jg7CxsuCOEBU5wW0opObxpi.jpg,[9],7.8,24.8841,,['Prime Video']
Newtopia,"Jae-yoon, a late military enlistee, and his girlfriend, Young-joo, break up over the phone over growing misunderstandings. But a zombie outbreak rocks the world. A national emergency is declared, a plane crashes in the city center, and Jae-yoon and his unit get trapped on top of a Seoul skyscraper. Young-joo risks the zombie-filled streets to find him. Can their love survive the apocalypse?",10759,tv,233742,/cIC36RA59lg9ruYtPc7UA3f72yy.jpg,[9],7.8,29.5033,,['Prime Video']
Psycho-Pass,"Psycho-Pass is set in a futuristic era in Japan where the Sibyl System, a powerful network of psychometric scanners, actively measures the biometrics of its citizens' minds. The resulting assessment is called a Psycho-Pass. When the calculated likelihood of an individual committing a crime, measured by the Crime Coefficient index, exceeds an accepted threshold, he or she is pursued, apprehended, and either arrested or decomposed by the field officers of the Crime Investigation Department of the Public Safety Bureau.",10759,tv,43865,/xHFMsGXdjXJDXMQvHhh7owu7TGr.jpg,[9],7.8,16.352,,['Prime Video']
Hazbin Hotel,"In attempt to find a non-violent alternative for reducing Hell's overpopulation, the daughter of Lucifer opens a rehabilitation hotel that offers a group of misfit demons a chance at redemption.",16,tv,94954,/rXojaQcxVUubPLSrFV8PD4xdjrs.jpg,[9],8.751,21.2644,,['Prime Video']
Superbook,Chris Quantum is your typical Middle School student -- except if you take into account one of his best friends is a robot named Gizmo. Add his best friend Joy Pepper into the mix and you have a recipe for adventure. The adventures begin for this trio when a mysterious device appears and takes them on journeys throughout the Bible. Travel back in time and get ready for the journey of a lifetime!,16,tv,44931,/4gxPU54vvA5ZGaICzwDXAQY5SvR.jpg,[9],8.528,12.5459,,['Prime Video']
The Legend of Vox Machina,"They're rowdy, they're ragtag, they're misfits turned mercenaries for hire. Vox Machina is more interested in easy money and cheap ale than actually protecting the realm. But when the kingdom is threatened by evil, this boisterous crew realizes that they are the only ones capable of restoring justice.",16,tv,135934,/b5A0qkGrZJTyVv3gT6b8clFEz9R.jpg,[9],8.23,29.6122,,['Prime Video']
Toradora!,"Ryūji Takasu is a gentle high school student with a love for housework; but in contrast to his kind nature, he has an intimidating face that often gets him labeled as a delinquent. On the other hand is Taiga Aisaka, a small, doll-like student who is anything but a cute and fragile girl. Equipped with a wooden katana and feisty personality, Taiga is known throughout the school as the ""Palmtop Tiger."" One day, an embarrassing mistake causes the two students to cross paths. Ryūji discovers that Taiga actually has a sweet side: she has a crush on the popular vice president, Yūsaku Kitamura, who happens to be his best friend. But things only get crazier when Ryūji reveals that he has a crush on Minori Kushieda—Taiga's best friend! Toradora! is a romantic comedy that follows this odd duo as they embark on a quest to help each other with their respective crushes, forming an unlikely alliance in the process.",16,tv,42916,/jgLSYTAgjQgwBqLEw1bgr8vNxeK.jpg,[9],8.229,7.3605,,['Prime Video']
Pucca,"""Pucca"" is a TV series based on a Flash animation series published by Vooz Character Systems. It follows the trails and exploits of a South Korean girl named Pucca who is insanely in love with a prideful ninja named Garu. Meanwhile, Garu and Pucca help their town of Sooga Village out when evil ninjas attack, as well as diffuse a lot of the absurd situations that frequently plague the town. This show could best be described as a cleaned-up version of South Park meets Looney Tunes meets Naruto. There is some very subtly hidden adult humor; but most of the adult jokes would not go noticed by small children, who are the primary audience.",16,tv,6782,/xQjSUOEQTrCqDoBiEYIrNlajCD.jpg,[9],8.199,12.4075,,['Prime Video']
Captain Tsubasa,"The passionate story of an elementary school student whose thoughts and dreams revolve almost entirely around the love of soccer. 11-year-old Tsubasa Oozora started playing football at a very young age, and while it was mostly just a recreational sport for his friends, for him, it developed into something of an obsession.  In order to pursue his dream to the best of his elementary school abilities, Tsubasa moves with his mother to Nankatsu city, which is well-known for its excellent elementary school soccer teams. But although he was easily the best in his old town, Nankatsu has a lot more competition, and he will need all of his skill and talent in order to stand out from this new crowd.",16,tv,77240,/zHgc9nTXiP77qoy14BO7WUFTwkp.jpg,[9],8.2,19.6556,,['Prime Video']
Ghost Stories,"When nearby construction disturbs a spiritual resting place, its disgruntled denizens do what any supernatural beings would do after a rude awakening: they terrorize the local school. And that means it’s up to a scruffy band of young ghostbusters to expel their satanic schoolmates before everyone gets sent to permanent detention! So join Satsuki, her crybaby brother, the resident class stud, the school nerd and ""physical researcher,"" a born-again beauty, and a resentful, demon-possessed cat in the funniest, scariest school you’ve ever enrolled in.",16,tv,35466,/9muUVVBl5gpBzZTGUmvjzKWUge9.jpg,[9],8.083,6.0632,,['Prime Video']
Clarence,"In a world of noise, Clarence is a jar of sunshine, pure and simple. He sees the world only in his favorite colors: goofy grape and neon green. Clarence values his friends Jeff and Sumo and his mother Mary more than gold. No matter what happens, good or bad, nothing brings Clarence down.",16,tv,50035,/rUWNAR3FlJDFRabvCBDNA3ryZJw.jpg,[9],7.927,29.5701,,['Prime Video']
Tales from the Cryptkeeper,"Tales from the Cryptkeeper is an animated series aimed at children made by Nelvana Limited, PeaceArch Entertainment, kaBOOM! Entertainment and Warner Bros. Television Animation. It was shown on TVO and ABC, and is still shown near Halloween on Teletoon. It was based on the live-action television show, Tales from the Crypt, which aired concurrently on HBO. Being directed at children, Tales From the Cryptkeeper was significantly milder than the live-action HBO version.",16,tv,13455,/3gsAFMW4SXMvXPY7Kqcozk7ecNr.jpg,[9],7.8,3.3708,,['Prime Video']
The Adventures of Tom Sawyer,"Tom Sawyer is a young boy growing up along the Mississippi River in the mid 1800s. Along with his best friend Huckleberry Finn, he spends his days ditching school, fishing, climbing trees and having adventures.",16,tv,43513,/b08ZN0isUCr6WG5GvUbNaW8GpeL.jpg,[9],7.7,8.1774,,['Prime Video']
Undone,"After getting into a near fatal car accident, Alma discovers she has a new relationship with time and uses this ability to find out the truth about her father’s death.",16,tv,86340,/ucUhydbM7DEHDhFPV3KhKRxJ51l.jpg,[9],7.674,9.0715,,['Prime Video']
SpongeBob SquarePants,"Deep down in the Pacific Ocean in the subterranean city of Bikini Bottom lives a square yellow sponge named SpongeBob SquarePants. SpongeBob lives in a pineapple with his pet snail, Gary, loves his job as a fry cook at the Krusty Krab, and has a knack for getting into all kinds of trouble without really trying. When he's not getting on the nerves of his cranky next door neighbor Squidward, SpongeBob can usually be found smack in the middle of all sorts of strange situations with his best buddy, the simple yet lovable starfish, Patrick, or his thrill-seeking surfer-girl squirrel pal, Sandy Cheeks.",16,tv,387,/zDuKxQkG8EemvLdBn43ChdM0MJL.jpg,[9],7.7,16.3699,,['Prime Video']
Tenjho Tenge,"The story primarily focuses on the members of the Juken Club and their opposition, the Executive Council, which is the ruling student body of a high school that educates its students in the art of combat. As the story unfolds, both groups become increasingly involved with an ongoing battle that has been left unresolved for four hundred years.",16,tv,34732,/mTkTqRFusTa5rZW8S9YxPhOwIcw.jpg,[9],7.7,4.2813,,['Prime Video']
Sonic X,"After getting stranded on Earth, Sonic and his friends team up with 12-year-old Chris Thorndyke to collect all the Chaos Emeralds and defeat the evil Dr. Eggman.",16,tv,10926,/1EFqCQv0td8LMogXCpNEAW3uxgL.jpg,[9],7.58,8.9116,,['Prime Video']
The Adventures of Super Mario Bros. 3,"The Mario Bros., Princess Toadstool, and Toad protect the Mushroom Kingdom against the evil forces of Bowser and his seven Koopa Kids.",16,tv,14396,/qhOmMbTkQ8PtuB65YLUftVWRuvu.jpg,[9],7.571,8.1988,,['Prime Video']
Devil Lady,"The beautiful and successful supermodel Jun Fudou meets a woman named Lan Asuka, who confronts her with a werewolf monster, which she calls a devil beast. As a result, unimagined powers awaken in Jun, and she manages to defeat the monster. She, just like this werewolf, is part of the next step in human evolution: humans who can mutate into beast-like monsters and then mercilessly terrorise civilisation. Unlike the other devil beasts, however, she can retain her humanity, which is her undoing because Lan Asuka is a high-ranking employee of the government and of the “Anti-Beast Special Squad”, which wants to abuse her powers and train her to mercilessly hunt down her own species.

Caught between these extremes and her weak self, the question arises: what fate will Jun meet? Will she ever be able to decide it for herself?",16,tv,45610,/bBeUz5FFcIoJxSS6KDXOzYDH4Hn.jpg,[9],7.5,17.9994,,['Prime Video']
Speed Racer,"Teenager Speed Racer aspires to be the world's best race-car champion with the help of his friends, family and his father's high-tech race-car, the Mach 5.",16,tv,30986,/7o9x0cdLjNXLeKfPM7p8h7DBL9B.jpg,[9],7.458,0.7401,,['Prime Video']
Secret Level,"Adult animated series of original short stories which are set within the worlds of beloved video games. Each episode serves as a gateway to a new adventure, unlocking exciting worlds from beloved gaming classics and highly anticipated new titles.",16,tv,261579,/tXMi6tb1owDAALnFFqnWjjd26if.jpg,[9],7.447,17.948,,['Prime Video']
Batman: Caped Crusader,"Welcome to Gotham City, where the corrupt outnumber the good, criminals run rampant and law-abiding citizens live in a constant state of fear. Forged in the fire of tragedy, wealthy socialite Bruce Wayne becomes something both more and less than human—the Batman. His one-man crusade for justice attracts unexpected allies within the GCPD and City Hall, but his heroic actions spawn deadly, unforeseen ramifications.",16,tv,125909,/imuZQcnPNKNygPw28TESUq4tNsb.jpg,[9],7.41,9.9841,,['Prime Video']
Wotakoi: Love Is Hard for Otaku,"When Narumi, an office lady who hides the fact that she is a yaoi fangirl, changes jobs, she is reunited with Hirotaka, her childhood friend who is attractive and skilled but is a hardcore gaming otaku. They decide to start dating for now, but being otaku, both of them are awkward so a serious romantic relationship is rather difficult for them...",16,tv,78457,/fpDesSzDRMFGIJbcuC2WVCveC2P.jpg,[9],7.4,6.3365,,['Prime Video']
Totally Spies!,"Totally Spies! depicts three girlfriends 'with an attitude' who have to cope with their daily lives at high school as well as the unpredictable pressures of international espionage. They confront the most intimidating - and demented - of villains, each with their own special agenda for demonic, global rude behavior.",16,tv,2808,/zSu4xj0WKh9W6V2QQl3qPBKMaoI.jpg,[9],7.244,42.0388,,['Prime Video']
No One Will Miss Us,"It's the '90s, and five losers run an illegal business at their high school. They sell homework and assignments to their classmates. The advantage is that no one ever suspects the nerds. Their business brings them money and popularity. But hormones and an unexpected death threaten to ruin everything. If the business collapses, their futures and their friendships are at risk.",35,tv,259666,/py0s87C9214KRbZ4kWLQfgsE9ET.jpg,[9],8.6,7.5056,,['Prime Video']
House,"Dr. Gregory House, a drug-addicted, unconventional, misanthropic medical genius, leads a team of diagnosticians at the fictional Princeton–Plainsboro Teaching Hospital in New Jersey.",35,tv,1408,/3Cz7ySOQJmqiuTdrc6CY0r65yDI.jpg,[9],8.591,138.6355,,['Prime Video']
Brassic,"A group of working-class friends finding unconventional ways to win at life in suburban northern England. These lads have dealt, scammed, bribed and conned their way through adolescence, but now, their dealing and stealing is catching up with them and a whole load of trouble is heading their way.",35,tv,92621,/tnIq3yiLMZJpaJyRs8FNV7WJs6V.jpg,[9],8.5,17.5748,,['Prime Video']
No Gain No Love,"Son Hae-yeong seeks out a fake wedding with her neighbourhood convenience store employee, Kim Ji-uk, to avoid missing out on a promotion.",35,tv,229480,/jiGxkMP3lzPDaPw4F0EZAEiTSgL.jpg,[9],8.483,10.8157,,['Prime Video']
Teen Wolf,"Scott McCall, a high school student living in the town of Beacon Hills has his life drastically changed when he's bitten by a werewolf, becoming one himself. He must henceforth learn to balance his problematic new identity with his day-to-day teenage life. The following characters are instrumental to his struggle: Stiles, his best friend; Allison, his love interest who comes from a family of werewolf hunters; and Derek, a mysterious werewolf with a dark past. Throughout the series, he strives to keep his loved ones safe while maintaining normal relationships with them.",35,tv,34524,/8Ij1O2nU8exLgwPXU8Eo6PZdCDC.jpg,[9],8.469,94.4857,,['Prime Video']
Clarkson's Farm,"Follow Jeremy Clarkson as he embarks on his latest adventure, farming. The man who on several occasions claims to be allergic to manual labour takes on the most manually labour intensive job there is. What could possibly go wrong?",35,tv,117648,/yKc3FqwD2eanWBUwqcRH7bChE3V.jpg,[9],8.453,15.0271,,['Prime Video']
Marry My Husband,"Kang Ji-won, a terminally ill cancer patient, is killed by her husband and best friend after she witnesses them having an affair. She wakes up 10 years before the incident and decides to seek revenge with the help of Yu Ji-hyuk, a director at the company where she works. Now, she must reclaim her fate and eliminate the trash from her life.",35,tv,221851,/y2hvE76S6Me0uhYEQ1P8lGf7Wm0.jpg,[9],8.439,19.4131,,['Prime Video']
Tyler Perry's Sistas,"There's nothing that bonds a group of single black women together more than sidestepping the land mines of living, working and dating in Atlanta. In a sea of swipe-lefts, social media drama and unrealistic #relationshipgoals, these friends try to find their Mr. Right.",35,tv,94686,/9UtwdSXDkDMvqAdMJsbB8JLlBEH.jpg,[9],8.3,26.494,,['Prime Video']
Fleabag,"A portrait into the mind of a dry-witted, sexual, angry, porn-watching, grief-riddled woman, trying to make sense of the world. As she hurls herself headlong at modern living, Fleabag is thrown roughly up against the walls of contemporary London, with all its frenetic energy, late nights, and bright lights.",35,tv,67070,/27vEYsRKa3eAniwmoccOoluEXQ1.jpg,[9],8.289,10.8013,,['Prime Video']
Monty Python's Flying Circus,"A British sketch comedy series with the shows being composed of surreality, risqué or innuendo-laden humour, sight gags and observational sketches without punchlines.",35,tv,849,/p91aop04lAeAklz32RXAMEWftQh.jpg,[9],8.246,22.5793,,['Prime Video']
Another Miss Oh,Two women working in the same industry with the exact same name keep getting their lives entangled both professionally and personally.,35,tv,66082,/8lTp5kfcd61qFWwHhjwTE8a09OQ.jpg,[9],8.214,3.9088,,['Prime Video']
Charmed,"Three sisters (Prue, Piper and Phoebe) reunite and unlock their powers to become the Charmed Ones, the most powerful good witches of all time, whose prophesied destiny is to protect innocent lives from evil beings such as demons and warlocks. Each sister possesses unique magical powers that grow and evolve, while they attempt to maintain normal lives in modern day San Francisco. ",35,tv,1981,/z4bPJ1BWU2EtV69NII2GVvsugQ2.jpg,[9],8.181,76.21,,['Prime Video']
Freaks and Geeks,"High school mathlete Lindsay Weir rebels and begins hanging out with a crowd of burnouts (the ""freaks""), while her brother Sam Weir navigates a different part of the social universe with his nerdy friends (the ""geeks"").",35,tv,2382,/tPqV63zcW6ZV0Hd48DMGb5UzQIG.jpg,[9],8.2,16.2963,,['Prime Video']
Father Ted,"A crazy comedy about three rather strange parish priests exiled to Craggy Island, a remote island off the Irish west coast.",35,tv,1813,/zq3W23WnuKWAkk34Axx3hv3HduU.jpg,[9],8.1,19.5301,,['Prime Video']
The Marvelous Mrs. Maisel,"It’s 1958 Manhattan and Miriam “Midge” Maisel has everything she’s ever wanted - the perfect husband, kids, and Upper West Side apartment. But when her life suddenly takes a turn and Midge must start over, she discovers a previously unknown talent - one that will take her all the way from the comedy clubs of Greenwich Village to a spot on Johnny Carson’s couch.",35,tv,70796,/zS7fQiOZiKCVH2vlYSiIsFWW8hh.jpg,[9],8.088,32.7725,,['Prime Video']
House of Cards,"Frustrated at a new moderate Conservative government and deprived of a promotion to a senior position, chief whip Francis Urquhart prepares a meticulous plot to bring down the Prime Minister then to take his place.",35,tv,21720,/evQlyXJtIjI9QiZUu180RsyWVCV.jpg,[9],8.1,2.2139,,['Prime Video']
Oh My Ghost,"Na Bong Sun may be a skilled sous chef, but she lacks the self-esteem to shine professionally and socially. Beyond her cooking talents, however, is an uncanny ability to communicate with ghosts. One day, her mystic senses go out of control when the seductive ghost of Shin Soon Ae possesses her. Imbued with a fiery new ""personality,"" Bong Sun starts turning heads, including that of Kang Sun Woo, the hottest chef in town and Bong Sun's secret crush!",35,tv,63119,/DksE2NO6XjaxCW5k5VS6D43Uj7.jpg,[9],8.1,4.5132,,['Prime Video']
The Nanny,"Fran, fresh out of her job as a bridal consultant in her boyfriend’s shop, first appears on the doorstep of Broadway producer Maxwell Sheffield peddling cosmetics, and quickly stumbled upon the opportunity to become The Nanny for his three children. But soon Fran, with her offbeat nurturing and no-nonsense honesty, touches Maxwell as well as the kids.",35,tv,2352,/4syShXMjaPAP3mG81ekhruv94sd.jpg,[9],8.072,50.2508,,['Prime Video']
My Mad Fat Diary,"Set in 1996 in Lincolnshire, the show tells the tragic and humorous story of a very troubled young girl Rae, who has just left a psychiatric hospital, where she has spent four months after attempting suicide, begins to reconnect with her best friend Chloe and her group, who are unaware of Rae's mental health and body image problems, believing she was in France for the past four months.",35,tv,60616,/nxAaKVzxnGeXSrMjHMtzo523DaC.jpg,[9],8.1,7.2109,,['Prime Video']
Peep Show,"Peep Show follows the lives of two men from their twenties to thirties, Mark Corrigan, who has steady employment for most of the series, and Jeremy ""Jez"" Usbourne, an unemployed would-be musician.",35,tv,815,/6rdoQ0cTjsEQLIwEjhBV8U98oUm.jpg,[9],8.0,25.6987,,['Prime Video']
Good Omens,"Aziraphale, an angel, and Crowley, a demon, join forces in order to prevent Armageddon. They attempt to raise the Antichrist in a balanced and human way, but are they focusing their efforts in the right direction?",35,tv,71915,/omgCpyBV5sUT8AkeIcEwdPPgKZC.jpg,[9],8.029,9.9191,,['Prime Video']
The Addams Family,"A satirical inversion of the ideal of the perfect American nuclear family, they are an eccentric wealthy family who delight in everything grotesque and macabre, and are never really aware that people find them bizarre or frightening. In fact, they themselves are often terrified by ""normal"" people.",35,tv,14009,/9eqmCtAY9d2WwafLBYXRKYepgeA.jpg,[9],8.029,25.607,,['Prime Video']
The Grand Tour,"Jeremy Clarkson, Richard Hammond and James May are back with a show about adventure, excitement and friendship... as long as you accept that the people you call friends are also the ones you find extremely annoying. Sometimes it's even a show about cars. Follow them on their global adventure.",35,tv,67557,/3Pcqu6QliBWJ8vsOVClVLddPnZw.jpg,[9],7.976,22.9434,,['Prime Video']
Blackadder,"Black Adder traces the deeply cynical and self-serving lineage of various Edmund Blackadders throughout British history, from the muck of the Middle Ages to the frontline of the First World War.",35,tv,7246,/pwr2DISBcHfGIHv50HAAbC6lYeU.jpg,[9],7.969,16.0783,,['Prime Video']
Monk,"Adrian Monk was once a rising star with the San Francisco Police Department, legendary for using unconventional means to solve the department's most baffling cases. But after the tragic (and still unsolved) murder of his wife Trudy, he developed an extreme case of obsessive-compulsive disorder. Now working as a private consultant, Monk continues to investigate cases in the most unconventional ways.",35,tv,1695,/fLO6glULGTE0iZ4LQcikDeciRdH.jpg,[9],7.945,68.0016,,['Prime Video']
Coupling,"Six friends in their thirties navigate dating, sexual adventures,  and mishaps on their quest to find love.",35,tv,2719,/sGXTdRNmpp7BUArum8AGaYMKPPi.jpg,[9],7.943,8.1704,,['Prime Video']
Mr. Bean,Mr Bean turns simple everyday tasks into chaotic situations and will leave you in stitches as he creates havoc wherever he goes.,35,tv,4327,/pUNQV35kDaKuejnXGNiUeEBurNE.jpg,[9],7.942,19.0076,,['Prime Video']
Bottom,"Richie Richard (socially awkward, sexually inexperienced) and Eddie Hitler (carefree alcoholic ) are two social outcasts living on the dole. Trapped together in a squalid flat in Hammersmith, London they are perpetually skint, bored and sexually frustrated. They spend their days scheming, bickering, and being nasty and sadistic to each other.",35,tv,4292,/uAlQ4VmHcBuTzHm7r0niovvBfaU.jpg,[9],7.9,2.5593,,['Prime Video']
Desperate Housewives,"Looking down on her friends and family isn't a way of life for Mary Alice Young... it's a way of death. One day, in her perfect house, in the loveliest of suburbs, Mary Alice ended it all. Now she's taking us into the lives of her family, friends and neighbors, commenting from her elevated P.O.V.",35,tv,693,/sywYmV9c9Vj2U7ocqNyfDt2pz3r.jpg,[9],7.909,68.0844,,['Prime Video']
Psych,"Thanks to his police officer father's efforts, Shawn Spencer spent his childhood developing a keen eye for detail (and a lasting dislike of his dad). Years later, Shawn's frequent tips to the police lead to him being falsely accused of a crime he solved.

Now, Shawn has no choice but to use his abilities to perpetuate his cover story: psychic crime-solving powers, all the while dragging his best friend, his dad, and the police along for the ride.",35,tv,1447,/fDI15gTVbtW5Sbv5QenqecRxWKJ.jpg,[9],7.864,84.4874,,['Prime Video']
Northern Exposure,"After receiving a scholarship from the state, a recent Columbia University medical school graduate is required to set up his practice in an eccentric Alaskan town.",35,tv,4396,/cKDPNLQOOCwHRibhcamXwiEbIJO.jpg,[9],7.863,28.6012,,['Prime Video']
Mouse,"A psychopath's ruthless serial murders have left the entire nation gripped with fear and chaos. A honest and justice-seeking rookie police officer and a veteran detective with tragic past, face against the killer. After the encounter with the psychopath, their lives totally change.",80,tv,117378,/nU9egcLr002U23IPBqoCWqXkdwf.jpg,[9],8.4,13.6879,,['Prime Video']
Power Book IV: Force,"Tommy Egan leaves New York behind and plans to take on Chicago, using his outsider status to break all the local rules and rewrite them on his quest to become the biggest drug dealer in the city.",80,tv,119845,/cR0ursLXoT0zfX9XDGAzQRAnK0W.jpg,[9],8.333,13.1936,,['Prime Video']
Power Book II: Ghost,"Picking up just days after the “Power” finale, this sequel series follows Tariq navigating his new life, in which his desire to shed his father’s legacy comes up against the mounting pressure to save his family.",80,tv,97890,/8rbxvwGpPd9MWjdhAoSBj016cns.jpg,[9],8.3,20.0242,,['Prime Video']
Power Book III: Raising Kanan,"Set in South Jamaica, Queens, in 1991, this prequel to ""Power"" revolves around the coming of age of Kanan Stark.",80,tv,124394,/pZ7IaHON9hnu8C0g3zdoWwIsJ9t.jpg,[9],8.3,17.152,,['Prime Video']
Line of Duty,"A drama about the investigations of AC-12, a controversial police anticorruption unit.",80,tv,43982,/ysGUKnnR1pGYIndjXWcjupGbWpS.jpg,[9],8.2,17.7026,,['Prime Video']
Hannibal,"Both a gift and a curse, Graham has the extraordinary ability to think like his prey—he sees what they see, feels what they feel. But while Graham is pursuing an especially troubling, cannibalistic murderer, Special Agent Jack Crawford teams him with a highly respected psychiatrist – a man with a taste for the criminal minded – Dr. Hannibal Lecter.",80,tv,40008,/pbV2eLnKSIm1epSZt473UYfqaeZ.jpg,[9],8.244,38.2583,,['Prime Video']
Bones,"Dr. Temperance Brennan and her colleagues at the Jeffersonian's Medico-Legal Lab assist Special Agent Seeley Booth with murder investigations when the remains are so badly decomposed, burned or destroyed that the standard identification methods are useless.",80,tv,1911,/eyTu5c8LniVciRZIOSHTvvkkgJa.jpg,[9],8.221,126.052,,['Prime Video']
Mayday,"Major real-life air disasters are depicted in this series. Each episode features a detailed dramatized reconstruction of the incident based on cockpit voice recorders and air traffic control transcripts, as well as eyewitnesses recounts and interviews with aviation experts.",80,tv,90,/2uuVIAb4MtPmMNTpOyID5V8DzrU.jpg,[9],8.2,57.915,,['Prime Video']
Agatha Christie's Poirot,"From England to Egypt, accompanied by his elegant and trustworthy sidekicks, the intelligent yet eccentrically-refined Belgian detective Hercule Poirot pits his wits against a collection of first class deceptions.",80,tv,790,/6f4IVfbn8knb7RjdZlGLuW5guDc.jpg,[9],8.144,51.4449,,['Prime Video']
Columbo,"Columbo is a friendly, verbose, disheveled-looking police detective who is consistently underestimated by his suspects. Despite his unprepossessing appearance and apparent absentmindedness, he shrewdly solves all of his cases and secures all evidence needed for indictment. His formidable eye for detail and meticulously dedicated approach often become clear to the killer only late in the storyline.",80,tv,873,/2JCD8vab3fircOU8cM2HJCxfv4I.jpg,[9],8.081,66.8037,,['Prime Video']
Godfather of Harlem,"Loosely based on infamous crime boss Bumpy Johnson, who in the early 1960s returned from ten years in prison to find the neighborhood he once ruled in shambles. With the streets controlled by the Italian mob, Bumpy attempts to regain his piece of Harlem.",80,tv,79086,/avhyzJycLNi3nXov2lREhDkP3ik.jpg,[9],8.1,30.1573,,['Prime Video']
Endeavour,"The early days of a young Endeavour Morse, whose experiences as a detective constable with the Oxford City Police will ultimately shape his future.",80,tv,44264,/suX3F5e8XN9emrb52CQSwt2mRwx.jpg,[9],8.1,42.8118,,['Prime Video']
Bates Motel,"A ""contemporary prequel"" to the 1960 film Psycho, depicting the life of Norman Bates and his mother Norma prior to the events portrayed in Hitchcock's film, albeit in a different fictional town and in a modern setting. The series begins after the death of Norma's husband, when she purchases a motel located in a coastal Oregon town so she and Norman can start a new life.",80,tv,46786,/xXKcfZE7ulYxgjjYv51s0zDG69s.jpg,[9],8.06,18.185,,['Prime Video']
BMF,"The drug trafficking drama is inspired by the true story of two brothers who rose from the decaying streets of southwest Detroit in the late 1980s and gave birth to one of the most influential crime families in the country. It revolves around brothers Demetrius ""Big Meech"" Flenory and Terry ""Southwest T"" Flenory, who together took their vision beyond the drug trade and into the world of hip-hop. The drama, per Starz, will tell a story about love, family and capitalism in the pursuit of the American dream.",80,tv,101591,/5gUlUufL3fom30qxKawwlWuD7kC.jpg,[9],8.039,6.9273,,['Prime Video']
Castle,"After a serial killer imitates the plots of his novels, successful mystery novelist Richard ""Rick"" Castle receives permission from the Mayor of New York City to tag along with an NYPD homicide investigation team for research purposes.",80,tv,1419,/diXBeMzvfJb2iJg3G0kCUaMCzEc.jpg,[9],8.0,77.3056,,['Prime Video']
Bosch: Legacy,"Bosch is now making a living as a private investigator two years after he quit the LAPD and finds himself working with one time enemy and top-notch attorney Honey “Money” Chandler. Meanwhile, Bosch's daughter Maddie is venturing into the world of the LAPD.",80,tv,153657,/ge5gFKCO6m7MuGyjwjoGvqo2q2m.jpg,[9],7.983,33.413,,['Prime Video']
Broadchurch,"The murder of a young boy in a small coastal town brings a media frenzy, which threatens to tear the community apart.",80,tv,1427,/2NhBFUTg5KVBmGwafxtLwVdsqrr.jpg,[9],7.933,12.6088,,['Prime Video']
Bosch,"Based on Michael Connelly's best-selling novels, these are the stories of relentless LAPD homicide Detective Harry Bosch who pursues justice at all costs. But behind his tireless momentum is a man who is haunted by his past and struggles to remain loyal to his personal code: “Everybody counts or nobody counts.”",80,tv,60585,/lQPwNJ6DRpmRfTrKy8A94c7IvU3.jpg,[9],7.926,57.1261,,['Prime Video']
How to Get Away with Murder,"A sexy, suspense-driven legal thriller about a group of ambitious law students and their brilliant, mysterious criminal defense professor. They become entangled in a murder plot and will shake the entire university and change the course of their lives.",80,tv,61056,/bJs8Y6T88NcgksxA8UaVl4YX8p8.jpg,[9],7.84,54.0923,,['Prime Video']
Farzi,"Sunny, a brilliant small-time artist is catapulted into the high-stakes world of counterfeiting when he creates the perfect fake currency note, even as Michael, a fiery, unorthodox task force officer wants to rid the country of the counterfeiting menace. In this thrilling cat-and-mouse race, losing is not an option!",80,tv,132117,/cTS86RwEBIDgCgUmjWQTSoPsK6p.jpg,[9],7.788,11.2015,,['Prime Video']
ZeroZeroZero,"Based on the book of the same name by bestselling author Roberto Saviano, ZeroZeroZero is an unforgettable exploration of the inner workings of the global cocaine trade.",80,tv,92137,/c0AISx9tx6crOih0KdjQsfAm3Uo.jpg,[9],7.777,7.5128,,['Prime Video']
Alfred Hitchcock Presents,"A television anthology series hosted by Alfred Hitchcock featuring dramas, thrillers, and mysteries.",80,tv,5273,/c9ZiCq8MVRifBDGi4VHNU3FPf79.jpg,[9],7.721,18.668,,['Prime Video']
Unsolved Mysteries,"Combines four to five segments of dramatic re-enactments, interviews and updates of real human and paranormal mysteries. An audience interactive call-to-action request allowed viewers to call in with tips to help solve the cases.",80,tv,126,/1bOXbWqNsRU2ykPiE586I18coLf.jpg,[9],7.717,21.4474,,['Prime Video']
FBI: International,Follows the elite agents of the FBI's International Fly Team headquartered in Budapest as they travel the world with the mission of protecting Americans wherever they may be.,80,tv,121658,/1Ublm6D8zmqMroqrXkn3Fgd353q.jpg,[9],7.7,23.7928,,['Prime Video']
Carnival Row,"In a mystical and dark city filled with humans, fairies and other creatures, a police detective investigates a series of gruesome murders leveled against the fairy population. During his investigation, the detective becomes the prime suspect and must find the real killer to clear his name.",80,tv,90027,/jyhxT10e2z9IDsKoIQDKhyxSQJt.jpg,[9],7.705,15.8478,,['Prime Video']
Animal Kingdom,"17-year-old Joshua ""J"" Cody moves in with his freewheeling relatives in their Southern California beach town after his mother dies of a heroin overdose. Headed by boot-tough matriarch Janine ""Smurf"" Cody and her right-hand Baz, who runs the business and calls the shots, the clan also consists of Pope, the oldest and most dangerous of the Cody boys; Craig, the tough and fearless middle son; and Deran, the troubled, suspicious ""baby"" of the family.",80,tv,66025,/rzvdKrnSRKPFI0pgqMQknDPpRC9.jpg,[9],7.7,18.6768,,['Prime Video']
Dirk Gently's Holistic Detective Agency,A comedic thriller that follows the bizarre adventures of eccentric “holistic” detective Dirk Gently and his reluctant assistant Todd. An adaptation of Douglas Adams’ wildly successful comic novels.,80,tv,67773,/q8oMpXPEAUJJ0KztsRs5K51T2lo.jpg,[9],7.689,16.266,,['Prime Video']
The Lincoln Lawyer,"Sidelined after an accident, hotshot Los Angeles lawyer Mickey Haller restarts his career - and his trademark Lincoln - when he takes on a murder case.",80,tv,116799,/4jSaIqEU8CPBBNn4iVCK6wzPjSx.jpg,[9],7.678,17.4209,,['Prime Video']
Unforgotten,"London police detectives Cassie Stuart and Sunny Khan investigate historic cold cases involving missing persons, murder and long-hidden secrets.",80,tv,62505,/wll5rUiRvF51Mpyo2CfdLjtjl8f.jpg,[9],7.675,9.0791,,['Prime Video']
Power,"A successful New York entrepreneur lives a double life as the head of a drug empire that serves only the rich and influential, all while wanting to escape the underworld and keep his family safe.",80,tv,54650,/ctftzvyj8b0odco7EoS9VfJhf7K.jpg,[9],7.7,32.1406,,['Prime Video']
The Fall,"When the Police Service of Northern Ireland are unable to close a case after 28 days, Detective Superintendent Stella Gibson of the Metropolitan Police Service is called in to review the case. Under her new leadership, the local detectives must track down and stop a serial killer who is terrorising the city of Belfast.",80,tv,49010,/fm7nN3nUADA7JGgnFNlOWpXn1tf.jpg,[9],7.668,15.4907,,['Prime Video']
Hustle,A motley group of London con artists pull of a series of daring and intricate stings.,80,tv,3764,/xty7kinvhVH3RzMdjNQSpJj2pEm.jpg,[9],7.6,15.6929,,['Prime Video']
Spooks,"Tense drama series about the different challenges faced by the British Security Service as they work against the clock to safeguard the nation. The title is a popular colloquialism for spies, and the series follows the work of a group of MI5 officers based at the service's Thames House headquarters, in a highly secure suite of offices known as The Grid.",80,tv,4046,/5kODxCYihuM49oQWke6GfHdsRT6.jpg,[9],7.6,24.5974,,['Prime Video']
Elementary,"A modern-day drama about a crime-solving duo that cracks the NYPD's most impossible cases. Following his fall from grace in London and a stint in rehab, eccentric Sherlock escapes to Manhattan where his wealthy father forces him to live with his worst nightmare - a sober companion, Dr. Watson.",80,tv,1415,/q9dObe29W4bDpgzUfOOH3ZnzDbR.jpg,[9],7.598,45.1187,,['Prime Video']
On Call,"Traci Harmon, a veteran female training officer, and her rookie male ride-along, Alex Diaz, navigate the loss of a fellow officer and politics of modern day policing  — in the department and on the streets of Long Beach.",80,tv,236429,/dleP2tDeLpoADaDk43R3q9XXFNq.jpg,[9],7.569,10.8521,,['Prime Video']
Goliath,"Once a powerful lawyer, Billy McBride is now burned out and washed up, spending more time in a bar than a courtroom. When he reluctantly agrees to pursue a wrongful death lawsuit against the biggest client of Cooperman &amp; McBride, the massive law firm he helped create, Billy and his ragtag team uncover a vast and deadly conspiracy, pitting them all in a life or death trial against the ultimate Goliath.",80,tv,67384,/b7ygC3GRaq4xc0nkWdGnydtMfvD.jpg,[9],7.6,35.8842,,['Prime Video']
Dark Winds,"This psychological thriller follows two Navajo police officers, Leaphorn and Chee, in the 1970s Southwest as their search for clues in a grisly double murder case forces them to challenge their own spiritual beliefs and come to terms with the trauma of their pasts.",80,tv,128904,/kDlrMN0P9ByrEH2GoRbBFeZHbcf.jpg,[9],7.6,13.7182,,['Prime Video']
The Bletchley Circle,"The Bletchley Circle follows the journey of four ordinary women with extraordinary skills that helped to end World War II. Set in 1952, Susan, Millie, Lucy and Jean have returned to their normal lives, modestly setting aside the part they played in producing crucial intelligence, which helped the Allies to victory and shortened the war. When Susan discovers a hidden code behind an unsolved murder she is met by skepticism from the police. She quickly realises she can only begin to crack the murders and bring the culprit to justice with her former friends. The Bletchley Circle paints a vivid portrait of post-war Britain in this fictional tale of unsung heroes.",80,tv,59312,/xwHNf6rxtMxYdDd3g0yJ2ft33b0.jpg,[9],7.6,2.2377,,['Prime Video']
Father Brown,Father Brown is based on G. K. Chesterton's detective stories about a Catholic priest who doubles as an amateur detective in order to try and solve mysteries.,80,tv,61511,/u8LUC3O1hiEDKP2SFZK68iYqMzl.jpg,[9],7.6,29.3314,,['Prime Video']
The Men Who Built America,"Influential builders, dreamers and believers whose feats transformed the United States, a nation decaying from the inside after the Civil War, into the greatest economic and technological superpower the world had ever seen. The Men Who Built America is the story of a nation at the crossroads and of the people who catapulted it to prosperity.",99,tv,56304,/kmxok1OGUFLd2psEMzZ7mU0MjQi.jpg,[9],7.986,2.1965,,['Prime Video']
The Universe,"From the planets to the stars and out to the edge of the unknown, history and science collide in a wondrous yet deadly adventure through space and time.",99,tv,2622,/o3LhwEcm9M7B1Sq96mzCyXOtn2g.jpg,[9],7.915,10.2053,,['Prime Video']
The Walking Dead: Origins,"The Walking Dead: Origins is a series of specials exploring the journeys of the series' most celebrated characters. Each episode charts the story of the zombie apocalypse from the point of view of a single character and features new interviews and narrations from the actors that portray these iconic characters, interwoven with clips from the most pivotal moments of their journeys so far.",99,tv,129035,/6stEKYqgLBhSieTRnnZ5ShE5ZPS.jpg,[9],7.8,4.2043,,['Prime Video']
Gloria Trevi: Ellas soy yo,,99,tv,231952,/sWbTwoCTwa5VMxLXaae9qbkeOro.jpg,[9],7.8,4.4524,,['Prime Video']
Súbete a mi moto,The Story behind the the iconic boy band Menudo according to the creator and manager of the band,99,tv,111119,/eHbHQ1FdcVGXftkztSHB06n4xKm.jpg,[9],7.549,1.6464,,['Prime Video']
The Curse of Oak Island,Follow brothers Marty and Rick Lagina through their effort to find the speculated - and as of yet undiscovered - buried treasure believed to have been concealed through extraordinary means on Oak Island.,99,tv,60603,/gtkxUUmHDF31iDUOlxQqUXmiU71.jpg,[9],7.4,64.6459,,['Prime Video']
Seduced: Inside the NXIVM Cult,This four-part documentary series follows the story of India Oxenberg's perilous journey through the dark and criminal world of the notorious self-help-group-turned-sex-slave-cult NXIVM.,99,tv,111647,/2algVl1riUbFcFBxxy1Ops6FNM7.jpg,[9],7.1,0.9326,,['Prime Video']
NOVA,"PBS' premier science series helps viewers of all ages explore the science behind the headlines. Along the way, NOVA demystifies science and technology, and highlights the people involved in scientific pursuits.",99,tv,3562,/giUBXYnDAaJgNqA6iE3BMVE2EHp.jpg,[9],6.91,85.8857,,['Prime Video']
The Chosen,The life of Christ through the eyes of those who encountered him called The Chosen.,18,tv,85077,/fc6FqGatySnYSNYg2U4HQeZfoeV.jpg,[9],8.638,91.9868,,['Prime Video']
The Originals,"A spin-off from The Vampire Diaries and set in New Orleans, The Originals centers on the Mikaelson siblings, otherwise known as the world's original vampires: Klaus, Elijah, and Rebekah. Now Klaus must take down his protégé, Marcel, who is now in charge of New Orleans, in order to re-take his city, as he originally built New Orleans. Klaus departed from the city after being chased down by his father Mikael, while it was being constructed and Marcel took charge. As Klaus has returned after many years, his ego has provoked him to become the king of the city. ""Every King needs an heir"" says Klaus, accepting the unborn child. The child is a first to be born to a hybrid and a werewolf.",18,tv,46896,/2llbXc2BOkLkBGgcNJCRbrWedUO.jpg,[9],8.595,67.4731,,['Prime Video']
Maxton Hall - The World Between Us,"When Ruby unwittingly witnesses an explosive secret at Maxton Hall private school, the arrogant millionaire heir James Beaufort has to deal with the quick-witted scholarship student for better or worse: He is determined to silence Ruby. Their passionate exchange of words unexpectedly ignites a spark...",18,tv,250670,/slKAbvY2CjAIyJFqoLSh1WICzg6.jpg,[9],8.401,29.8827,,['Prime Video']
Death's Game,"At the brink of going to hell, Yee-jae must cycle through twelve separate lives and twelve separate deaths in this reincarnation drama.",18,tv,218230,/fS4i7HHi1NNksTdAT8Vrvz9O161.jpg,[9],8.377,17.4788,,['Prime Video']
Grimm,"After Portland homicide detective Nick Burkhardt discovers he's descended from an elite line of criminal profilers known as ""Grimms,"" he increasingly finds his responsibilities as a detective at odds with his new responsibilities as a Grimm.",18,tv,39351,/iOptnt1QHi6bIHmOq6adnZTV0bU.jpg,[9],8.264,81.3749,,['Prime Video']
Pride and Prejudice,"Set in England in the early 19th century, Pride and Prejudice tells the story of Mr and Mrs Bennet's five unmarried daughters after the rich and eligible Mr Bingley and his status-conscious friend, Mr Darcy, have moved into their neighbourhood. While Bingley takes an immediate liking to the eldest Bennet daughter, Jane, Darcy has difficulty adapting to local society and repeatedly clashes with the second-eldest Bennet daughter, Elizabeth.",18,tv,1457,/7od3Mob2qu5lL1l5RsdV6xuEquw.jpg,[9],8.235,13.1596,,['Prime Video']
Outlander,"The story of Claire Randall, a married combat nurse from 1945 who is mysteriously swept back in time to 1743, where she is immediately thrown into an unknown world where her life is threatened. When she is forced to marry Jamie, a chivalrous and romantic young Scottish warrior, a passionate affair is ignited that tears Claire's heart between two vastly different men in two irreconcilable lives.",18,tv,56570,/oftZNfyTVNU7IfOqoGLoT8MGvNs.jpg,[9],8.2,60.3055,,['Prime Video']
The Summer I Turned Pretty,"Every summer, Belly and her family head to the Fishers’ beach house in Cousins. Every summer is the same ... until Belly turns sixteen. Relationships will be tested, painful truths will be revealed, and Belly will be forever changed. It’s a summer of first love, first heartbreak and growing up — it's the summer she turns pretty.",18,tv,194766,/utNX6hHohGmenZLW5pFMSrdOhL7.jpg,[9],8.161,31.7308,,['Prime Video']
Are You Afraid of the Dark?,"This spooky anthology series for kids recounts ghost stories told by the young members of the Midnight Society as they gather around a campfire. Each episode opens with members of the Midnight Society at their secret spot in the woods, where they prepare their fire and the night's storyteller announces the title of the his or her offering. However, the cameras soon leave the storyteller and switch to the tale being told.",18,tv,2913,/hcVvglRh3l38IRhhtawlT2nUDY8.jpg,[9],8.153,21.3358,,['Prime Video']
American Horror Story,"An anthology horror drama series centering on different characters and locations, including a house with a murderous past, an asylum, a witch coven, a freak show, a hotel, a farmhouse in Roanoke, a cult, the apocalypse and a summer camp.",18,tv,1413,/5LLG9bjq0i7V5N4UfRhnab8zHK4.jpg,[9],8.112,44.2044,,['Prime Video']
Little House on the Prairie,"Little House on the Prairie is an American Western drama television series, starring Michael Landon, Melissa Gilbert, and Karen Grassle, about a family living on a farm in Walnut Grove, Minnesota, in the 1870s and 1880s.",10751,tv,1781,/eVpvlqKZfEVsBOttNFTUyfPoA6K.jpg,[9],7.936,58.6338,,['Prime Video']
Saved by the Bell,"Lovable schemer Zack Morris leads his pals on adventures at California's Bayside High School. The friends navigate relationships, final exams, school dances, breakups and more while frequently frustrating their principal, Mr. Richard Belding, who does his best to keep them in check.",10751,tv,4345,/9YC576fs6XQR2pfPDJn4kcmG8T5.jpg,[9],7.82,29.4006,,['Prime Video']
ALF,A furry alien wiseguy comes to live with a terran family after crashing into their garage.,10751,tv,4658,/shRed7ZrCRjdIMEYNx2YBVFkkNu.jpg,[9],7.683,30.6657,,['Prime Video']
Frasier,"After many years spent at the “Cheers” bar, Frasier moves back home to Seattle to work as a radio psychiatrist after his policeman father gets shot in the hip on duty.",10751,tv,3452,/gYAb6GCVEFsU9hzMCG5rxaxoIv3.jpg,[9],7.667,90.1258,,['Prime Video']
Everwood,"After the death of his wife, world-class neurosurgeon Dr. Andrew Brown leaves Manhattan and moves his family to the small town of Everwood, Colorado. There he becomes a small-town doctor and learns parenting on the fly as he raises his talented but resentful 15-year-old son Ephram and his 9-year-old daughter Delia.",10751,tv,1950,/4zmuA2Ql1QdUtw9OM6MdmtXnZEF.jpg,[9],7.5,20.0955,,['Prime Video']
Highway to Heaven,A probationary angel is sent back to Earth to team up with an ex-cop and help people.,10751,tv,2440,/fR7BcK3UzQqpX7Earp10nPHitZF.jpg,[9],7.348,42.3625,,['Prime Video']
Kung Fu Panda: The Paws of Destiny,"As the Dragon Master, Po has endured his fair share of epic challenges but nothing could prepare him for his greatest one yet-as a Kung Fu teacher to a group of rambunctious kids from Panda Village who have been imbued with a mysterious and powerful chi energy. Together they embark on amazing adventures, battle ferocious villains, and become legends!",10751,tv,82747,/x4yvmIVuXxYKfTlgRtSJnGC1Izs.jpg,[9],7.239,6.4694,,['Prime Video']
Arthur,"The show revolves around the lives of 8-year-old Arthur Read, an anthropomorphic aardvark, his friends and family, and their daily interactions with each other.",10751,tv,2153,/l6aD0HPh5nZbCxCPFk8LadeT02g.jpg,[9],7.0,15.3823,,['Prime Video']
Bobby's World,"Bobby Generic lives in a typical suburban neighborhood and uses his overactive imagination to discover a world of daring adventure, incredible wonder and lots of laughs — all in pint-sized perspective.",10751,tv,1767,/zrcPIkzTim0ICyc6h81LfmBSQgB.jpg,[9],6.887,17.4869,,['Prime Video']
Merlin,A retelling of the legend of King Arthur from the perspective of the wizard Merlin. Sam Neill stars in the title role in a story that covers not only the rise and fall of Camelot but also the phase in the legendary history of Britain that precedes it.,10751,tv,41691,/ra2F5ufWFV9qDMcZR1VbCfKZO2Z.jpg,[9],6.9,3.7059,,['Prime Video']
The Beverly Hillbillies,"Jed Clampett's swamp is loaded with oil. When a wildcatter discovers the huge pool, Jed sells his land to the O.K. Oil Company and at the urging of cousin Pearl, moves his family to a 35-room mansion in Beverly Hills, California.",10751,tv,1930,/sEZs4szkwBXIK3DOm37MnQN9fIe.jpg,[9],6.8,77.4407,,['Prime Video']
Mr. Bean: The Animated Series,"The animated daily trials and tribulations of clueless yet clever loner Mr Bean (aided by his best friend Teddy of course!) as he stumbles from one mishap to the next, always finding complex solutions to the simplest of problems.",10751,tv,2530,/1V2PSez4pNZ9a4Bbomm7KZiQJ44.jpg,[9],6.813,22.0866,,['Prime Video']
Tin Star,"The story of Jim Worth, an expat British police officer starting a new life with his family as police chief in Little Big Bear, an idyllic town near the Rocky Mountains. When his small town is overrun by migrant workers from a massive new oil refinery – the wave of drugs, prostitution and organised crime that follows them threatens to sweep away everything in its wake.",10751,tv,70384,/lFHZBtugqDiLtjVP9GC3Ig5GfwU.jpg,[9],6.653,8.2648,,['Prime Video']
Dora the Explorer,A young girl named Dora goes on adventures with her red boot-wearing monkey named Boots.,10751,tv,79,/wuZAi6JPdlX68s1p7iztmt0p13C.jpg,[9],6.2,43.283,,['Prime Video']
Teletubbies,"Pre-school fun, fantasy and education with colourful rotund characters Tinky Winky, Dipsy, Laa-Laa and Po in a magical land called Teletubbyland.",10751,tv,1682,/orb9uGxgXs1Lo69SWwWeS5MxA2l.jpg,[9],4.497,58.1149,,['Prime Video']
Blue's Clues,"Blue's Clues is a colorful and learning series that is targeted at the younger crowd, but can be enjoyed by all. The host, Steve Burns, invites viewers daily into the Blue's Clues house to help him out, learn and have fun. The show is based around the host looking for three clues that Blue provides by labelling them with a pawprint to figure something out and in the process, having an adventure.",10762,tv,10821,/7h7gD3n5MT7mQa3zho6JR1lCfh.jpg,[9],7.7,29.3711,,['Prime Video']
Shaun the Sheep,"Shaun the Sheep thinks and acts like a person in a barnyard, which usually gets him into trouble. The farmer's sheepdog, Bitzer, tries to keep Shaun and his friends out of trouble. The farmer is oblivious to the humanlike features of his flock, who are like one big, happy family.",10762,tv,3902,/z2gPfTQd3I0JLWOAEdKYMQRLoun.jpg,[9],7.676,35.6977,,['Prime Video']
Sonic the Hedgehog,"Sonic, Tails, Princess Sally, and a band of freedom fighters battle to overthrow Dr. Robotnik, a despotic dictator who conquered their home planet Mobius years ago, and rules it as a polluted industrial dystopia.",10762,tv,2404,/zQFFrIbgO3yw9Y9gf2vznEvrJ9E.jpg,[9],7.003,8.4612,,['Prime Video']
PAW Patrol,"Marshall, Rocky, Rubble, Zuma and Skye are doing their best to protect the people of their town. Led by Ryder, a tech-savvy 10-year-old boy, each of them is equipped with special equipment and together they help anyone who finds themselves in trouble. No task is too big for them and no puppy is too small.",10762,tv,57532,/9S65uEjDqepU7d71CNmxIBHHdo.jpg,[9],6.992,115.1189,,['Prime Video']
Pingu,"Playful penguin Pingu lives with his family in Antarctica, where he often finds himself caught up in mischievous high jinks with his pal Robby.",10762,tv,9262,/nLE7NR3EsEbv2NfG0bLIaOEhGfY.jpg,[9],6.9,17.5317,,['Prime Video']
Sonic Underground,"Sonic, Sonia, and Manic are the children of Queen Aleena Hedgehog, the rightful ruler of Mobius, and are pursued relentlessly by Doctor Robotnik and his bumbling bounty hunters sidekicks, Sleet and Dingo. As infants, the siblings were separated and placed in hiding to fulfill a prophecy made by the Oracle of Delphius that the triplets would grow up to find their estranged mother, overthrow Robotnik, and take their places once more as Mobius' rightful rulers.",10762,tv,20992,/29FVFvLt10iFG6Lyu5tks9IWdXT.jpg,[9],6.846,7.0168,,['Prime Video']
Mister Rogers' Neighborhood,"Mister Rogers' Neighborhood is an American children's television series that was created and hosted by namesake Fred Rogers. The series originated in 1963 as Misterogers on CBC Television, and was later debuted in 1966 as Misterogers' Neighborhood on the regional Eastern Educational Network, followed by its US network debut on February 19, 1968, and it aired on NET and its successor, PBS, until August 31, 2001. The series is aimed primarily at preschool ages 2 to 5, but has been stated by PBS as ""appropriate for all ages"". Mister Rogers' Neighborhood was produced by Pittsburgh, Pennsylvania, USA public broadcaster WQED and Rogers' non-profit production company Family Communications, Inc.; previously known as Small World Enterprises prior to 1971, the company was renamed The Fred Rogers Company after Rogers' death.",10762,tv,15,/qhbeRYVg120cBmc9XvGxvk6EmJF.jpg,[9],5.8,30.4238,,['Prime Video']
The Expanse,A thriller set two hundred years in the future following the case of a missing young woman who brings a hardened detective and a rogue ship's captain together in a race across the solar system to expose the greatest conspiracy in human history.,9648,tv,63639,/8djpxDeWpINnGhjpFXQjnBe6zbx.jpg,[9],8.069,60.1181,,['Prime Video']
Wolfblood,"Being a teenager is hard enough. Being a Wolfblood teenager is ten times more complicated. 14 year old Maddy loves her abilities - heightened senses, being faster, stronger and more graceful - but hates the secrets that come with them.",9648,tv,58956,/rYFKm38ClVGVe6Bj3RUYf67Vc9E.jpg,[9],7.959,9.2304,,['Prime Video']
Three-Body,"Nanotechnology researcher Wang Miao is taken to the Joint Operations Center by police officer Shi Qiang, who's investigating the mysterious suicide wave among scientists worldwide,  and recruited to sneak into an organization called the Frontiers of Science to help the investigation. When Wang Miao is contacted by the leader of the organization, Shen Yufei, she introduces him to a sophisticated VR video game called Three-Body, but soon he discovers that it's more than just a game.",9648,tv,204541,/buXHm2shttFRQIBsCFlv5L2TmKh.jpg,[9],7.8,8.7678,,['Prime Video']
The Prisoner,"After resigning, a secret agent is abducted and taken to what looks like an idyllic village, but is really a bizarre Kafkaesque prison. His warders demand information. He gives them nothing, but only tries to escape.",9648,tv,894,/1FtqAlj6jsBk25PKwL2NrgzdFSo.jpg,[9],7.755,9.5912,,['Prime Video']
The Lost Flowers of Alice Hart,"After losing her parents in a mysterious fire, nine-year-old Alice Hart is raised by her grandmother June on a flower farm where she learns there are secrets within secrets. But years on, an unearthed betrayal sees Alice forced to face her past.",9648,tv,125816,/sNeGAamuke1a2I4ndcaE0bnukh4.jpg,[9],7.737,3.8626,,['Prime Video']
The Wilds,"A group of teen girls from different backgrounds must fight for survival after a plane crash strands them on a deserted island. The castaways both clash and bond as they learn more about each other, the secrets they keep, and the traumas they've all endured. But there’s just one twist… these girls did not end up on this island by accident.",9648,tv,113367,/gHBtyMdHbWoM3tpM8VZymer8HfF.jpg,[9],7.698,9.994,,['Prime Video']
Them,A limited anthology series that explores terror in America.,9648,tv,120462,/bJw1VZ4ACt5TnAvJbHcprzgYc1E.jpg,[9],7.582,8.4076,,['Prime Video']
Manhunt,"Inspired by actual events, this true crime anthology series takes a deep dive into the dark, twisted minds of terrorists and follows the brave souls who hunt them down.",9648,tv,72597,/9ukZcwaqcObmmxxfcIXTgVMvalJ.jpg,[9],7.552,10.3836,,['Prime Video']
Haven,"FBI agent Audrey Parker arrives in the small town of Haven, Maine to solve a murder and soon discovers the town's many secrets—which also hold the key to unlocking the mysteries of her lost past.",9648,tv,33001,/aceumwROgphFLSyOXFfijaoSZJE.jpg,[9],7.5,33.5505,,['Prime Video']
The Rockford Files,"Cranky but likable L.A. PI Jim Rockford pulls no punches (but takes plenty of them). An ex-con sent to the slammer for a crime he didn't commit, Rockford takes on cases others don't want, aided by his tough old man, his lawyer girlfriend and some shady associates from his past.",9648,tv,954,/fniHEsTeqHMg41GlCYJxZVgtn7H.jpg,[9],7.5,34.6873,,['Prime Video']
The Boarding School: Las Cumbres,"In an inaccessible place between the mountains and isolated from the world, a school is located next to an old monastery. The students are rebellious and problematic young people who live under the strict and severe discipline imposed by the center to reintegrate them into society. The surrounding forest is home to ancient legends, threats that are still valid and that will immerse them in terrifying adventures.",9648,tv,97513,/9KvN6eNNY9kbiWlZ8IS175xj4Ym.jpg,[9],7.518,9.3495,,['Prime Video']
Midsomer Murders,"The peacefulness of the Midsomer community is shattered by violent crimes, suspects are placed under suspicion, and it is up to a veteran DCI and his young sergeant to calmly and diligently eliminate the innocent and ruthlessly pursue the guilty. ",9648,tv,764,/31wojXBSLT6LYTUMyc6BiyXqUyP.jpg,[9],7.516,87.4013,,['Prime Video']
Beast Games,"I gathered 1,000 people to fight for $5,000,000, the LARGEST cash prize in TV history! We're also giving away a private island, Lamborghinis, and millions more in cash throughout the competition! Go watch to see the greatest show ever made!",10764,tv,249522,/3itZlypnOcVcqI5xxyO6nvJ52yM.jpg,[9],7.565,14.1836,,['Prime Video']
Kitchen Nightmares,"Chef Ramsay attempts to do the impossible: turn one ordinary and empty restaurant into the most popular, sought-after venue in town. There's no time for polite small talk as he embarks on his mission to turn around the fortunes of each restaurant in just one week and save them from their living nightmares.",10764,tv,11294,/10XpD4aEOExWcOg9bxCA28NNsMQ.jpg,[9],7.4,11.8136,,['Prime Video']
LOL: Last One Laughing Italy,"Is a comedy show where ten professional comedians face off for six hours in a row to keep a straight face, while they try to make their opponents laugh. The first time someone laughs the contestant gets warned, the second time, they get eliminated from the game. Whoever manages to resist without laughing all the way through the six hours wins EUR100,000 to turn over to the charity of their choice.",10764,tv,120494,/g5Y0piW276vOcStW0s0uYXOf4Gw.jpg,[9],7.009,6.9132,,['Prime Video']
Catfish: The TV Show,Nev and his co-hosts -- from Max to Kamie to celebrity guests -- help people in dubious online relationships track down their baes IRL so they can sort out what's fact and what's fiction.,10764,tv,46910,/gy6kqWfIWaVyjU7ifa3KkkTDSHd.jpg,[9],6.8,64.3749,,['Prime Video']
Hell's Kitchen,Aspiring restaurateurs brave Ramsay and his fiery command of the kitchen as he puts the competitors through an intense culinary academy to prove they possess the right combination of ingredients to win a life-changing grand prize.,10764,tv,2370,/shOVFku8daIGRpgjTdMZBxUAvsV.jpg,[9],6.823,90.0206,,['Prime Video']
Familiar Wife,"After receiving a bizarre chance to go back in time, a man wakes up to find that his whole life — including the person he married — is different.",10765,tv,80741,/CsVRNfNVmWeyHp6z4gBh3OGwFY.jpg,[9],8.0,5.4944,,['Prime Video']
My Roommate Is a Gumiho,"To become a human, a 999-year-old Gumiho, Shin Woo-yeo needs to fill his fox bead with human energy before he turns 1,000 years old. One day, a college girl, Lee Dam accidentally swallows Woo-yeo's fox bead.",10765,tv,114118,/ep3TFArcl7jYipJymsKp2zuGv1m.jpg,[9],8.0,5.5251,,['Prime Video']
"Betty la Fea, the Story Continues","While an empowered and wiser Betty works hard on rebuilding her relationship with her teenage daughter Mila, her relationship with Armando begins to deteriorate, making her question if she made the right decision 20 years ago.",10766,tv,230424,/sgCcmsJ4aKAK8QwrbG6RLYxxFAj.jpg,[9],7.5,11.528,,['Prime Video']
Cuna de lobos,"After causing the death of her millionaire husband Carlos, Catalina Creel, whose great beauty is only surpassed by her cruelty, will go to any lengths to secure her fortune and bloodline.",10766,tv,93394,/kzGzPmsIII6aYDuFEc1VfINckUK.jpg,[9],6.9,3.2222,,['Prime Video']
Between Two Ferns with Zach Galifianakis,Host Zach Galifianakis conducts celebrity interviews sitting with his guests between two potted ferns.,10767,tv,39754,/puvJM8LPlp5YttZByZ259A87XQT.jpg,[9],7.509,3.3481,,['Prime Video']
Generation War,"Five young German friends promise to meet again after WW2 ends, but soon their naive wishes of peace and happiness will become a long and tragic nightmare.",10768,tv,46849,/m1qXjaki7wCe6CpsB4wG4nCsJ9v.jpg,[9],8.006,5.175,,['Prime Video']
The White Princess,"The story of Elizabeth of York, the White Queen's daughter, and her marriage to the Lancaster victor, Henry VII. Based on the Philippa Gregory book of the same name.",10768,tv,70215,/8urYFWrEd8ue94Fm4JpHccQg3M7.jpg,[9],7.805,5.2749,,['Prime Video']
'Allo 'Allo!,The misadventures of hapless cafe owner René Artois and his escapades with the Resistance in occupied France.,10768,tv,2211,/m42lb4UxkpaFil4bw0bqqjlWCY4.jpg,[9],7.774,18.3685,,['Prime Video']
Tom Clancy's Jack Ryan,"When CIA analyst Jack Ryan stumbles upon a suspicious series of bank transfers his search for answers pulls him from the safety of his desk job and catapults him into a deadly game of cat and mouse throughout Europe and the Middle East, with a rising terrorist figurehead preparing for a massive attack against the US and her allies.",10768,tv,73375,/cO4py3L3q5GNPrA0qr1wVDrosK1.jpg,[9],7.689,27.4498,,['Prime Video']
The Legend of El Cid,"The story of Rodrigo Díaz de Vivar, a Castilian nobleman and war hero in medieval Spain.",10768,tv,94167,/jTDpdYASFxX45GWkGPHmS74BNvz.jpg,[9],7.219,4.9159,,['Prime Video']
Occupied,"In the near future, Norway is occupied by Russia on behalf of the European Union, due to the fact that the newly elected environmental friendly Norwegian government has stopped the all important oil- and gas-production in the North Sea.",10768,tv,63867,/s0bB6HXmJrcH5UiSzZPyjLwcvsS.jpg,[9],7.2,5.5578,,['Prime Video']
TURN: Washington's Spies,"The story of New York farmer, Abe Woodhull, who bands together with a group of childhood friends to form The Culper Ring, an unlikely group of spies who turn the tide in America’s fight for independence.",10768,tv,57276,/AehTUycX0VSvCkOOkZzurLnjHsS.jpg,[9],7.137,13.6359,,['Prime Video']
The Little Drummer Girl,"Brilliant young actress Charlie strikes up an acquaintance with an intriguing stranger while on holiday in Greece, but it rapidly becomes apparent that his intentions are far from romantic.",10768,tv,76887,/8Y137iEKnlBtfBWHRi7aAODdD9Z.jpg,[9],7.038,4.348,,['Prime Video']
Cleopatra,"Cleopatra, the famed Egyptian Queen born in 69 B.C., is shown to have been brought by Roman ruler Julius Caesar at age 18. Caesar becomes sexually obsessed by the 18 year old queen, beds her, and eventually has a son by her. However, his Roman followers and his wife are not pleased by the union. In fact, as Caesar has only a daughter by his wife, he had picked Octavian as his successor.",10768,tv,47119,/IE344ILuvDURHVwkXJQOQRaoU8.jpg,[9],6.6,2.4036,,['Prime Video']
Lonesome Dove,"A pair of longtime friends and former Texas Rangers crave one last adventure before hanging-up their spurs. After stealing over a thousand head of cattle from rustlers south of the border, they recruit an unlikely crew of hands to drive the herd 3,000 miles north to the grasslands of Montana.",37,tv,41692,/qK4iseZGf0YhYx53ecawSGhL0sl.jpg,[9],7.8,4.613,,['Prime Video']
The English,"An aristocratic Englishwoman, Lady Cornelia Locke, arrives into the new and wild landscape of the American West to wreak revenge on the man she sees as responsible for the death of her son.",37,tv,99346,/aAFAwxj0VzBRyX5biAHUJM73qYG.jpg,[9],7.265,4.2362,,['Prime Video']
Greyhound,"A first-time captain leads a convoy of allied ships carrying thousands of soldiers across the treacherous waters of the ""Black Pit"" to the front lines of WWII. With no air cover protection for 5 days, the captain and his convoy must battle the surrounding enemy Nazi U-boats in order to give the allies a chance to win the war.",28,movie,516486,/kjMbDciooTbJPofVXgAoFjfX8Of.jpg,[350],7.402,8.3138,2020-07-09,['Apple TV Plus']
The Family Plan,"Dan Morgan is many things: a devoted husband, a loving father, a celebrated car salesman. He's also a former assassin. And when his past catches up to his present, he's forced to take his unsuspecting family on a road trip unlike any other.",28,movie,1029575,/jLLtx3nTRSLGPAKl4RoIv1FbEBr.jpg,[350],7.263,11.4095,2023-12-14,['Apple TV Plus']
Ghosted,"Salt-of-the-earth Cole falls head over heels for enigmatic Sadie—but then makes the shocking discovery that she's a secret agent. Before they can decide on a second date, Cole and Sadie are swept away on an international adventure to save the world.",28,movie,868759,/liLN69YgoovHVgmlHJ876PKi5Yi.jpg,[350],6.934,14.122,2023-04-18,['Apple TV Plus']
Wolfs,"Hired to cover up a high-profile crime, a fixer soon finds his night spiralling out of control when he's forced to work with an unexpected counterpart.",28,movie,877817,/vOX1Zng472PC2KnS0B9nRfM8aaZ.jpg,[350],6.538,15.2255,2024-09-20,['Apple TV Plus']
The Instigators,"Rory and Cobby are unlikely partners thrown together for a heist. But when it goes awry, they team up to outrun police, backward bureaucrats, and a vengeful crime boss.",28,movie,1059064,/pIz9csYn1yjrzQi0BuBZNJrTMi0.jpg,[350],6.211,7.1229,2024-08-02,['Apple TV Plus']
Argylle,"When the plots of reclusive author Elly Conway's fictional espionage novels begin to mirror the covert actions of a real-life spy organization, quiet evenings at home become a thing of the past. Accompanied by her cat Alfie and Aidan, a cat-allergic spy, Elly races across the world to stay one step ahead of the killers as the line between Conway's fictional world and her real one begins to blur.",28,movie,848538,/siduVKgOnABO4WH4lOwPQwaGwJp.jpg,[350],6.049,10.0249,2024-01-31,['Apple TV Plus']
"The Boy, the Mole, the Fox and the Horse","The unlikely friendship of a boy, a mole, a fox and a horse traveling together in the boy's search for home.",12,movie,995133,/aBBJRyS17TIrdXih3uSYvPAR3Ua.jpg,[350],8.235,4.7613,2022-12-25,['Apple TV Plus']
Wolfwalkers,"In a time of superstition and magic, when wolves are seen as demonic and nature an evil to be tamed, a young apprentice hunter comes to Ireland with her father to wipe out the last pack. But when she saves a wild native girl, their friendship leads her to discover the world of the Wolfwalkers and transform her into the very thing her father is tasked to destroy.",12,movie,441130,/ehAKuE48okTuonq6TpsNQj8vFTC.jpg,[350],8.218,4.3903,2020-10-26,['Apple TV Plus']
Finch,"On a post-apocalyptic Earth, a robot, built to protect the life of his dying creator's beloved dog, learns about life, love, friendship, and what it means to be human.",12,movie,522402,/jKuDyqx7jrjiR9cDzB5pxzhJAdv.jpg,[350],7.848,9.1352,2021-11-04,['Apple TV Plus']
Luck,"Suddenly finding herself in the never-before-seen Land of Luck, the unluckiest person in the world must unite with the magical creatures there to turn her luck around.",12,movie,585511,/9OpVlfJGNvX3lUqdzY0nGoA6wQa.jpg,[350],7.779,13.8459,2022-08-05,['Apple TV Plus']
Blush,"When a horticulturalist-astronaut crashes onto a desolate planet, he encounters an ethereal visitor and discovers the joy of building a new life—realizing the universe has delivered something astonishing.",16,movie,818350,/eOnRPzGjmGwmoqtznGv1gx22JWh.jpg,[350],7.825,0.9665,2021-06-13,['Apple TV Plus']
Snoopy Presents: For Auld Lang Syne,"After finding out her grandmother won't be visiting for Christmas, Lucy decides to cheer herself up by throwing the ultimate New Year's Eve party. Meanwhile, Charlie Brown tries to fulfill one of his resolutions before the clock strikes midnight.",16,movie,881211,/p0ONYt2cw0vPEnZIoOHq1Ki7Ifm.jpg,[350],7.1,1.8859,2021-12-09,['Apple TV Plus']
The Greatest Beer Run Ever,"Chickie wants to support his friends fighting in Vietnam, so he does something wild—personally bring them American beer. What starts as a well-meaning journey quickly changes Chickie’s life and perspective. Based on a true story.",35,movie,597922,/ggf37TpcKaxwguhvtNn6MQpyqBn.jpg,[350],7.595,5.7507,2022-09-23,['Apple TV Plus']
Cha Cha Real Smooth,"Fresh out of college and stuck at his New Jersey home without a clear path forward, 22-year-old Andrew begins working as a party starter for bar/bat mitzvahs—where he strikes up a unique friendship with a young mom and her teenage daughter.",35,movie,814340,/z8IPItbwRrJ3QWdCePOnWS1jueY.jpg,[350],7.132,4.0248,2022-06-17,['Apple TV Plus']
Flora and Son,"Single mom Flora is at a loss about what to do with her rebellious teenage son, Max. Her efforts to keep him out of trouble lead to a beat-up acoustic guitar, a washed-up LA musician, and harmony for this frayed Dublin family.",35,movie,1059811,/pq2p8ovf8PZps2HafvJaLrZK8gS.jpg,[350],6.914,2.2403,2023-09-21,['Apple TV Plus']
Spirited,"Each Christmas Eve, the Ghost of Christmas Present selects one dark soul to be reformed by a visit from three spirits. But this season, he picked the wrong Scrooge. Clint Briggs turns the tables on his ghostly host until Present finds himself reexamining his own past, present and future.",35,movie,632856,/h3zAzTMs5EP3cKusOxFNGSFE1WI.jpg,[350],6.873,3.5928,2022-11-10,['Apple TV Plus']
Fly Me to the Moon,"Sparks fly in all directions as marketing maven Kelly Jones, brought in to fix NASA's public image, wreaks havoc on Apollo 11 launch director Cole Davis' already difficult task of putting a man on the moon. When the White House deems the mission too important to fail, Jones is directed to stage a fake moon landing as backup, and the countdown truly begins.",35,movie,956842,/gjk8YdXpItoC1in53FCrZMFIuBx.jpg,[350],6.84,11.0276,2024-07-10,['Apple TV Plus']
The Beanie Bubble,Ty was a frustrated toy salesman until his collaboration with three women turned his stuffed animals into a defining '90s trend. This behind-the-scenes look at history's biggest toy craze is a wild story about what—and who—is valued in this world.,35,movie,926008,/9YDW8dCrQyRpppK5985hKY1Mc8X.jpg,[350],6.5,1.4625,2023-07-21,['Apple TV Plus']
Raymond & Ray,"Half brothers Raymond and Ray reunite when their estranged father dies—and discover that his final wish was for them to dig his grave. Together, they process who they’ve become as men, both because of their father and in spite of him.",35,movie,869025,/fdKZmSQHD17JjGUYkluhpttgJRi.jpg,[350],6.297,1.5602,2022-10-14,['Apple TV Plus']
On the Rocks,"Faced with sudden doubts about her marriage, a young New York mother teams up with her larger-than-life playboy father to tail her husband.",35,movie,575417,/fcijRCmB7yTtloh4Pumy9b1rkwU.jpg,[350],6.092,2.6317,2020-10-02,['Apple TV Plus']
Killers of the Flower Moon,"When oil is discovered in 1920s Oklahoma under Osage Nation land, the Osage people are murdered one by one—until the FBI steps in to unravel the mystery.",80,movie,466420,/dB6Krk806zeqd0YNp2ngQ9zXteH.jpg,[350],7.433,13.7676,2023-10-18,['Apple TV Plus']
Cherry,"Cherry drifts from college dropout to army medic in Iraq - anchored only by his true love, Emily. But after returning from the war with PTSD, his life spirals into drugs and crime as he struggles to find his place in the world.",80,movie,544401,/pwDvkDyaHEU9V7cApQhbcSJMG1w.jpg,[350],7.345,5.5067,2021-02-26,['Apple TV Plus']
Sharper,"A small, wealthy family in New York City gets progressively torn apart by secrets, lies, and the theft that orchestrates all of it.",80,movie,717980,/tq8x5F17q95T1j0up5rpzXFAylN.jpg,[350],6.931,5.026,2023-02-10,['Apple TV Plus']
Selena Gomez: My Mind & Me,"After years in the limelight, Selena Gomez achieves unimaginable stardom. But just as she reaches a new peak, an unexpected turn pulls her into darkness. This uniquely raw and intimate documentary spans her six-year journey into a new light.",99,movie,1022256,/usJxHVxT70lAA7AynnZlmPth7R3.jpg,[350],8.635,4.6209,2022-11-04,['Apple TV Plus']
Billie Eilish: The World's a Little Blurry,"This documentary offers a deeply intimate look at extraordinary teenager Billie Eilish. Award-winning filmmaker R.J. Cutler follows her journey on the road, onstage, and at home with her family as the writing and recording of her debut album changes her life.",99,movie,654754,/bDQ95W5LPHW9FHlPj3QX3jvM9Z7.jpg,[350],8.264,3.0471,2021-02-26,['Apple TV Plus']
The Year Earth Changed,"Never-before-seen footage shows how our living in lockdown opened the door for nature to bounce back and thrive. Across the seas, skies, and lands, Earth found its rhythm when we came to a stop.",99,movie,811703,/cLwQRXfzPjmpU6I78TCkoHazO0A.jpg,[350],7.894,1.809,2021-04-15,['Apple TV Plus']
STILL: A Michael J. Fox Movie,A short kid from a Canadian army base becomes the international pop culture darling of the 1980s—only to find the course of his life altered by a stunning diagnosis. What happens when an incurable optimist confronts an incurable disease?,99,movie,1058699,/fDO4gYZxvdsIrHKzsSAbc3N7Wfg.jpg,[350],7.7,1.7577,2023-01-20,['Apple TV Plus']
Beastie Boys Story,"Here's a little story they're about to tell... Mike Diamond and Adam Horovitz share the story of their band and 40 years of friendship in a live documentary experience directed by friend, collaborator, and their former grandfather, Spike Jonze.",99,movie,664416,/3ND0NgYAwktnXfNhA6dPwU8YbT7.jpg,[350],7.524,1.689,2020-04-24,['Apple TV Plus']
Boys State,"This raucous journey into the heart of democracy captures an unusual rite of passage: 1,100 teenage boys from across Texas coming together to build a representative government from the ground up.",99,movie,653723,/cuvt3ImM3wQdijib7OeIH48uRfQ.jpg,[350],7.115,3.0893,2020-01-24,['Apple TV Plus']
The Velvet Underground,"Experience the iconic rock band's legacy in the first major documentary to tell their story. Directed with the era’s avant-garde spirit by Todd Haynes, this kaleidoscopic oral history combines exclusive interviews with dazzling archival footage.",99,movie,543836,/9uRF6vERWfhlSZKc1sAJTTdG2Ix.jpg,[350],6.849,1.7944,2021-10-15,['Apple TV Plus']
Palmer,"After 12 years in prison, former high school football star Eddie Palmer returns home to put his life back together—and forms an unlikely bond with Sam, an outcast boy from a troubled home. But Eddie's past threatens to ruin his new life and family.",18,movie,458220,/xSDdRAjxKAGi8fUBLOqSrBhJmF0.jpg,[350],8.105,14.8079,2021-01-28,['Apple TV Plus']
CODA,"As a CODA (Child of Deaf Adults), Ruby is the only hearing person in her deaf family. When the family's fishing business is threatened, Ruby finds herself torn between pursuing her love of music and her fear of abandoning her parents.",18,movie,776503,/BzVjmm8l23rPsijLiNLUzuQtyd.jpg,[350],7.923,12.9774,2021-08-13,['Apple TV Plus']
Emancipation,"Inspired by the gripping true story of a man who would do anything for his family—and for freedom. When Peter, an enslaved man, risks his life to escape and return to his family, he embarks on a perilous journey of love and endurance.",18,movie,715931,/s9sUK1vAaOcxJfKzNTszrNkPhkH.jpg,[350],7.777,6.8344,2022-12-02,['Apple TV Plus']
Tetris,"In 1988, American video game salesman Henk Rogers discovers the video game Tetris. When he sets out to bring the game to the world, he enters a dangerous web of lies and corruption behind the Iron Curtain.",18,movie,726759,/4F2QwCOYHJJjecSvdOjStuVLkpu.jpg,[350],7.68,7.4349,2023-03-15,['Apple TV Plus']
The Banker,"In the 1960s, two entrepreneurs hatch an ingenious business plan to fight for housing integration—and equal access to the American Dream.",18,movie,627725,/biXzsw22U6vSd0XktmZwAOc4uik.jpg,[350],7.633,7.5438,2020-03-06,['Apple TV Plus']
Swan Song,"In the near future, Cameron Turner is diagnosed with a terminal illness. Presented with an experimental solution to shield his wife and son from grief, he grapples with altering their fate in this thought-provoking exploration of love, loss, and sacrifice.",18,movie,765245,/aDVqRZ8h4137w6bIBxsTrwIdu0E.jpg,[350],7.169,2.6117,2021-12-17,['Apple TV Plus']
The Tragedy of Macbeth,"Macbeth, the Thane of Glamis, receives a prophecy from a trio of witches that one day he will become King of Scotland. Consumed by ambition and spurred to action by his wife, Macbeth murders his king and takes the throne for himself.",18,movie,591538,/tDNJEhcLbX3jIk3BMCur9pCdaVD.jpg,[350],6.914,4.8987,2021-12-05,['Apple TV Plus']
Causeway,"A US soldier suffers a traumatic brain injury while fighting in Afghanistan and struggles to adjust to life back home in New Orleans. When she meets local mechanic James, the pair begin to forge an unexpected bond.",18,movie,595586,/bUzKIqFIS05Ss31zRTfZfHJIgDP.jpg,[350],6.49,2.7829,2022-10-28,['Apple TV Plus']
Blitz,"In World War II London, nine-year-old George is evacuated to the countryside by his mother, Rita, to escape the bombings. Defiant and determined to return to his family, George embarks on an epic, perilous journey back home as Rita searches for him.",18,movie,896151,/e9tyjbF2rugENtBolTtEhHOXgzD.jpg,[350],5.877,6.4391,2024-11-01,['Apple TV Plus']
Fingernails,Anna and Ryan have found true love together. It’s been proven by a controversial test. There’s just one problem: Anna still isn’t sure. Then she meets Amir.,18,movie,790459,/q04g3un61aeBoheQEso7enM28AF.jpg,[350],5.881,2.8717,2023-10-27,['Apple TV Plus']
Napoleon,"An epic that details the checkered rise and fall of French Emperor Napoleon Bonaparte and his relentless journey to power through the prism of his addictive, volatile relationship with his wife, Josephine.",36,movie,753342,/ytFOXyghxLzAM4KZyazDdEkM66q.jpg,[350],6.351,13.1103,2023-11-22,['Apple TV Plus']
The Gorge,"Two highly trained operatives grow close from a distance after being sent to guard opposite sides of a mysterious gorge. When an evil below emerges, they must work together to survive what lies within.",10749,movie,950396,/7iMBZzVZtG0oBug4TfqDb9ZxAOa.jpg,[350],7.731,97.0856,2025-02-13,['Apple TV Plus']
See,"A virus has decimated humankind. Those who survived emerged blind. Centuries later when twins are born with the mythic ability to see, their father must protect his tribe against a threatened queen.",10759,tv,80752,/lKDIhc9FQibDiBQ57n3ELfZCyZg.jpg,[350],8.104,39.0365,,['Apple TV Plus']
Monarch: Legacy of Monsters,"After surviving Godzilla's attack on San Francisco, Cate is shaken yet again by a shocking secret. Amid monstrous threats, she embarks on a globetrotting adventure to learn the truth about her family—and the mysterious organization known as Monarch.",10759,tv,202411,/uwrQHMnXD2DA1rvaMZk4pavZ3CY.jpg,[350],7.757,18.0462,,['Apple TV Plus']
Shantaram,"Escaped convict Lin Ford flees to the teeming streets of 1980s Bombay, looking to disappear. Working as a medic for the city’s poor and neglected, Lin finds unexpected love, connection, and courage on the long road to redemption.",10759,tv,95341,/gaomekdTBr2nDitlHfROB67eUg6.jpg,[350],7.381,5.5028,,['Apple TV Plus']
Amazing Stories,"Each episode transports the audience to worlds of wonder through the lens of today’s most imaginative filmmakers, directors and writers. A reimagining of the original anthology series by Steven Spielberg.",10759,tv,98178,/3R5V6R3t1ZVtU2ZpTQT21GNgceb.jpg,[350],7.364,5.1802,,['Apple TV Plus']
Ghostwriter,"When a ghost haunts a neighborhood bookstore and starts releasing fictional characters into the real world, four kids must team up to solve an exciting mystery surrounding the ghost’s unfinished business.",10759,tv,93520,/cylPAXqLws5yM9oJa47MsHItBy8.jpg,[350],7.3,5.5114,,['Apple TV Plus']
Echo 3,"When brilliant scientist Amber Chesborough vanishes along the Colombia-Venezuela border, her brother and her husband—both elite U.S. Army commandos—struggle to find her amid a guerilla war, discovering that the woman they love might have a secret.",10759,tv,106116,/xG94Dc7LJ0NEYZ0hGTNnHuMKugl.jpg,[350],6.785,3.7612,,['Apple TV Plus']
The Mosquito Coast,Allie Fox—a brilliant inventor and stubborn idealist—uproots his family for a dangerous quest through Mexico to flee the U.S. government and find safety.,10759,tv,93716,/xMQU5aGjxsqxKQNhSfY2G8Y6jRg.jpg,[350],6.761,10.476,,['Apple TV Plus']
Prehistoric Planet,"Experience the wonders of our world like never before in this epic series from Jon Favreau and the producers of Planet Earth. Travel back 66 million years to when majestic dinosaurs and extraordinary creatures roamed the lands, seas, and skies.",16,tv,95171,/6wRfelwK3D0tKs9cJmYd0G0HmDf.jpg,[350],8.314,13.8654,,['Apple TV Plus']
The Snoopy Show,"The world's most iconic dog is ready for his close-up. Dive into new adventures with the happy-dancing, high-flying, big-dreaming beagle, who's joined by best friend Woodstock and rest of the Peanuts gang.",16,tv,110948,/qgB5CZwqrnZ99f8NHUL7ogPrgi3.jpg,[350],7.733,11.596,,['Apple TV Plus']
Dickinson,"Emily Dickinson. Poet. Daughter. Total rebel. In this coming-of-age story, Emily’s determined to become the world’s greatest poet.",35,tv,89901,/dDdcAfHBZ6Aalv53iR6o35CSLWA.jpg,[350],8.549,14.5563,,['Apple TV Plus']
Ted Lasso,"Ted Lasso, an American football coach, moves to England when he’s hired to manage a soccer team—despite having no experience. With cynical players and a doubtful town, will he get them to see the Ted Lasso Way?",35,tv,97546,/5fhZdwP1DVJ0FyVH6vrFdHwpXIn.jpg,[350],8.402,38.728,,['Apple TV Plus']
Slow Horses,"Follow a dysfunctional team of MI5 agents—and their obnoxious boss, the notorious Jackson Lamb—as they navigate the espionage world's smoke and mirrors to defend England from sinister forces.",35,tv,95480,/dnpatlJrEPiDSn5fzgzvxtiSnMo.jpg,[350],7.9,41.3563,,['Apple TV Plus']
Shrinking,"Jimmy is struggling to grieve the loss of his wife while being a dad, friend, and therapist. He decides to try a new approach with everyone in his path: unfiltered, brutal honesty.",35,tv,136311,/cVmrNYgm5wcEexbXg4laNn3u4vq.jpg,[350],7.78,26.1306,,['Apple TV Plus']
Trying,"All Nikki and Jason want is a baby—the one thing they can't have. So they decide to adopt. With their dysfunctional friends, screwball families, and chaotic lives, will the adoption panel agree that they're ready to be parents?",35,tv,98177,/eHTDuZp8UtbSK1XehE59UJrgOXg.jpg,[350],7.7,9.9417,,['Apple TV Plus']
Bad Sisters,"The tight-knit Garvey sisters have always looked out for one another. But when the toxic brother-in-law they all wanted dead actually dies, it turns their lives upside down and tests their bond like nothing before.",35,tv,199318,/2koAJYgO1AT73a0xA8Zg30Brw98.jpg,[350],7.564,15.2968,,['Apple TV Plus']
Fraggle Rock,"The Fraggles are a fun-loving community of creatures who live in a subterranean fantasy land where they love to play, sing and dance their cares away, sharing their world with the tiny Doozers and the giant Gorgs. The series teaches empathy and tolerance and encourages children to understand people different from themselves.",35,tv,2957,/nyvNej9aHC2wydFflPMrASS6MF7.jpg,[350],7.374,17.1927,,['Apple TV Plus']
Bad Monkey,"A detective turned restaurant inspector in Southern Florida is pulled into a world of greed and corruption after a tourist finds a severed arm while fishing. And yes, there's a monkey.",35,tv,130853,/sDbpr5VoxlcQvzvWFECr7bXCAwg.jpg,[350],7.357,8.1757,,['Apple TV Plus']
Acapulco,"In 1984, Maximo Gallardo's dream comes true when he gets the job of a lifetime at Acapulco's hottest resort, Las Colinas. But he soon realizes that working there will be far more complicated than he ever imagined.",35,tv,133727,/xTmpmCTPOSPjK18FVMYfuSUu76Y.jpg,[350],7.3,7.3067,,['Apple TV Plus']
The Afterparty,Nothing is as it seems in this hilarious murder mystery where each suspect's story is told through a different film genre.,35,tv,106454,/9iAxAxeX5RjB39ckhxPMDCJPpG9.jpg,[350],7.27,8.0758,,['Apple TV Plus']
Mythic Quest,"Meet the team behind the biggest multiplayer video game of all time. But in a workplace focused on building worlds, molding heroes, and creating legends, the most hard-fought battles don’t occur in the game—they happen in the office.",35,tv,94951,/7QxQlpqEjx3vRpEtuh6Y0R6eY9O.jpg,[350],7.209,27.5952,,['Apple TV Plus']
Schmigadoon!,Josh and Melissa are a struggling couple whose lives are transformed when they get trapped in a magical musical town—with a mission they must complete.,35,tv,98892,/3Rd0r7csoYwvB9GxtN9AyaMnWfV.jpg,[350],7.1,5.5549,,['Apple TV Plus']
Loot,"After divorcing her husband of 20 years, Molly Novak must figure out what to do with her $87 billion settlement. She decides to reengage with her charitable foundation and reconnect with the real world—finding herself along the way.",35,tv,197449,/auvNJBU8FYRWTfAB5X152tN9L8E.jpg,[350],6.955,9.6125,,['Apple TV Plus']
The Shrink Next Door,"Inspired by the true story of Marty and the therapist who turned his life around...then took it over. When he first meets Dr. Ike, Marty just wants to get better at boundaries. Over 30 years, he'll learn all about them—and what happens when they get crossed.",35,tv,102540,/61GjPSU2HNAsdCVccSQEcdQHy1f.jpg,[350],6.93,4.7137,,['Apple TV Plus']
Platonic,A platonic pair of former best friends approaching midlife reconnect after a long rift. The duo’s friendship becomes more consuming—and destabilizes their lives in a hilarious way.,35,tv,112211,/4pnLPe7sX2ceIwC2IjOesrYvaCJ.jpg,[350],6.9,5.3875,,['Apple TV Plus']
Physical,"Sheila Rubin is a quietly tormented housewife in ’80s San Diego. Behind closed doors, she battles extreme personal demons and a vicious inner voice. But things change when she discovers aerobics, sparking a journey toward empowerment and success.",35,tv,119181,/rViN9CbQcR1QB04c2D34m1O6KvX.jpg,[350],6.5,4.0832,,['Apple TV Plus']
Defending Jacob,A family's lives are irreparably disrupted when the 14-year-old son is accused of murdering a fellow classmate.,80,tv,87784,/JTmkzwSDRiS9nvSPwpDB9fmZj2.jpg,[350],8.302,13.8289,,['Apple TV Plus']
Black Bird,"As Jimmy Keene begins a 10-year prison sentence, he gets an incredible offer: If he can elicit a confession from suspected killer Larry Hall, Jimmy will be freed. Completing this mission becomes the challenge of a lifetime.",80,tv,155537,/qu312pwM61NPTr7nexvovCClDNP.jpg,[350],8.108,13.4715,,['Apple TV Plus']
Shining Girls,"Years after a brutal attack left her in a constantly shifting reality, Kirby Mazrachi learns that a recent murder is linked to her assault. She teams with veteran reporter Dan Velazquez to understand her ever-changing present—and confront her past.",80,tv,106388,/qmN97JxhZHgCThRqgzaiSF7C2mj.jpg,[350],7.7,4.616,,['Apple TV Plus']
The Crowded Room,"In 1979 Manhattan, a young man is arrested for a shocking crime — and an unlikely investigator must solve the mystery behind it.",80,tv,123192,/vRmopCFp0j1eJGbILLsYsYzxmL8.jpg,[350],7.613,10.3549,,['Apple TV Plus']
Suspicion,"Five ordinary Brits are accused of kidnapping the son of a prominent U.S. media mogul. They embark on a desperate race against time to prove their innocence, but will anyone believe them—and are they telling the truth?",80,tv,100414,/muLbLW8kWOSiEBLgmHeAw6gKpB0.jpg,[350],6.765,2.5583,,['Apple TV Plus']
Long Way Round,"In 2004 Ewan McGregor and Charley Boorman embarked on an epic challenge to bike 20,000-miles across 12 countries and 19 time zones in just 115 days. Watch as two friends ride around the world together and, against all the odds, realize their dream.",99,tv,2899,/jjlvPST54azxRbvI3MRa90KauKp.jpg,[350],8.269,5.9179,,['Apple TV Plus']
Tiny World,"This docuseries showcases nature's lesser-known tiny heroes. Spotlighting small creatures and the extraordinary things they do to survive, each episode is filled with surprising stories and spectacular cinematography.",99,tv,108303,/5W3JUWqR9UdN5FTvhE3PAbWqG63.jpg,[350],7.931,2.3794,,['Apple TV Plus']
Severance,"Mark leads a team of office workers whose memories have been surgically divided between their work and personal lives. When a mysterious colleague appears outside of work, it begins a journey to discover the truth about their jobs.",18,tv,95396,/pPHpeI2X1qEd1CS1SeyrdhZ4qnT.jpg,[350],8.424,57.7932,,['Apple TV Plus']
Lessons in Chemistry,"In the 1950s, Elizabeth Zott's dream of being a scientist is challenged by a society that says women belong in the domestic sphere. She accepts a job on a TV cooking show and sets out to teach a nation of overlooked housewives way more than recipes.",18,tv,117303,/tCPIf5f6jUIr8KDMWsfaXwXW0kl.jpg,[350],8.262,14.0784,,['Apple TV Plus']
Silo,"In a ruined and toxic future, thousands live in a giant silo deep underground. After its sheriff breaks a cardinal rule and residents die mysteriously, engineer Juliette starts to uncover shocking secrets and the truth about the silo.",18,tv,125988,/c2OijvbFEXBW1onbzuvENr4CGQB.jpg,[350],8.164,64.3068,,['Apple TV Plus']
Presumed Innocent,A horrific murder upends the Chicago Prosecuting Attorney's Office when one of its own is suspected of the crime—leaving the accused fighting to keep his family together.,18,tv,156933,/7MXg0BxuSRWz2yKc03M40du2mrc.jpg,[350],7.95,15.2631,,['Apple TV Plus']
Swagger,"Explore the world of AAU basketball in the nation’s capital, and the players, their families and coaches who walk the fine line between dreams and ambition, and opportunism and corruption.",18,tv,94245,/nASkt8izgpR4toMYgiAnxfjWcE2.jpg,[350],7.9,9.0894,,['Apple TV Plus']
Pachinko,"Follow the hopes and dreams of four generations of a Korean immigrant family beginning with a forbidden love and crescendos into a sweeping saga that journeys between Korea, Japan and America to tell the unforgettable story of war and peace, love and loss, triumph and reckoning.",18,tv,110382,/Ab9z43yotMYDzDNmXk8Uw9ZNIhx.jpg,[350],7.9,14.0154,,['Apple TV Plus']
Dark Matter,"Jason Dessen is abducted into an alternate version of his life. To get back to his true family, he embarks on a harrowing journey to save them from the most terrifying foe imaginable: himself.",18,tv,196322,/c6MRUtPk0nEPQ9FBD9RdRKt2rIm.jpg,[350],7.8,18.5337,,['Apple TV Plus']
Masters of the Air,"During World War II, airmen risk their lives with the 100th Bomb Group, a brotherhood forged by courage, loss, and triumph.",18,tv,46518,/rSAmgcoA74371rplbqM27yVsd3y.jpg,[350],7.798,17.4494,,['Apple TV Plus']
Foundation,Follow a band of exiles on their monumental journey to save humanity and rebuild civilization amid the fall of the Galactic Empire.,18,tv,93740,/1AZERr7KEJBpcchQ6vFcbUUC0Zw.jpg,[350],7.779,25.8902,,['Apple TV Plus']
The Morning Show,"A behind-the-scenes look at the lives of the people who help America wake up in the morning, exploring the unique challenges faced by the men and women who carry out this daily televised ritual.",18,tv,90282,/oTfAheayTCWoselYuty8D6Lem2t.jpg,[350],7.766,26.8618,,['Apple TV Plus']
Hijack,"When Flight KA29 is hijacked during its seven-hour journey from Dubai to London, Sam Nelson—an accomplished corporate negotiator—tries using his professional skills to save everyone on board. Will this high-risk strategy be his undoing?",18,tv,198102,/szDEqqarPi3YqiPLevm7LObYrDJ.jpg,[350],7.761,9.8536,,['Apple TV Plus']
For All Mankind,"Explore an aspirational world where NASA and the space program remained a priority and a focal point of our hopes and dreams as told through the lives of NASA astronauts, engineers, and their families.",18,tv,87917,/mNXT1QjRCEasXGH3rHCTQm0A0Su.jpg,[350],7.717,34.2232,,['Apple TV Plus']
Five Days at Memorial,"Based on actual events from Hurricane Katrina. When the floodwaters rose, power failed, and heat soared, exhausted caregivers at a New Orleans hospital were forced to make profound, heart-wrenching decisions.",18,tv,108664,/yLx44hdSpt9GhP67JafP5sMEoMB.jpg,[350],7.7,4.2542,,['Apple TV Plus']
Home Before Dark,"Young investigative journalist Hilde Lisko moves with her family to the small town her father left behind, only to unearth shocking secrets in her pursuit of the truth.",18,tv,98161,/mt4P2epJrSaqrlkMP9fTUKLP9OE.jpg,[350],7.6,6.2284,,['Apple TV Plus']
Servant,A Philadelphia couple are in mourning after an unspeakable tragedy creates a rift in their marriage and opens the door for a mysterious force to enter their home.,18,tv,88055,/plsSSobmPSSz4hm8vYMXeIVkJJP.jpg,[350],7.562,18.6849,,['Apple TV Plus']
Tehran,"Tamar is a Mossad hacker-agent who infiltrates Tehran under a false identity to help destroy Iran's nuclear reactor. But when her mission fails, Tamar must plan an operation that will place everyone dear to her in jeopardy.",18,tv,103913,/pXV1fcIQIbpTNYRJ47rfUvG6hq4.jpg,[350],7.5,15.6739,,['Apple TV Plus']
Disclaimer,"When an intriguing novel appears at the bedside of a journalist whose career has been built on revealing transgressions, she is horrified to realize she's a key character in a long-buried story—one that exposes her darkest secret.",18,tv,147050,/6TdW4T2EsnhXrPQccB8szK93UhF.jpg,[350],7.443,13.5823,,['Apple TV Plus']
WeCrashed,"Inspired by actual events — and the love story at the center of it all. WeWork grew from a single coworking space into a global brand worth $47 billion in under a decade. Then, in less than a year, its valuation dropped $40 billion. What happened?",18,tv,117821,/rFlYeo84b5YtzNkN0IonN6ZCPic.jpg,[350],7.331,12.8745,,['Apple TV Plus']
Dr. Brain,"Brilliant brain scientist Sewon suffers a horrific personal tragedy. Desperate to uncover what happened to his family, he conducts ""brain syncs"" with the dead to access their memories for clues.",18,tv,119955,/3bYYLQAFWHsTtJyZb0vIReJJv07.jpg,[350],7.3,3.5629,,['Apple TV Plus']
Sugar,An enigmatic private detective struggles with personal demons as he investigates the disappearance of a Hollywood producer's beloved granddaughter.,18,tv,203744,/dNrk52Rt13MxwahLneTZJezM6qD.jpg,[350],7.232,8.6631,,['Apple TV Plus']
Invasion,Earth is visited by an alien species that threatens humanity's existence. Events unfold in real time through the eyes of five ordinary people across the globe as they struggle to make sense of the chaos unraveling around them.,18,tv,127235,/7rpiHZx10Nm50AtzTUEO9eyaKdq.jpg,[350],7.167,18.4654,,['Apple TV Plus']
Constellation,"When a fatal accident occurs on board the International Space Station, a lone astronaut makes the heroic journey back to Earth, only to discover key pieces of her life—including her young daughter—have changed.",18,tv,197125,/21ICs3fxlxGslbzS4moCHk9HNo6.jpg,[350],7.2,8.9494,,['Apple TV Plus']
Calls,Interconnected phone conversations chronicle the mysterious story of a group of strangers whose lives are thrown into disarray.,18,tv,119934,/lzb4SwMTwNZPaifi0qDc9U0imzG.jpg,[350],7.1,4.1458,,['Apple TV Plus']
Truth Be Told,"Descend into the world of true-crime podcasts with Poppy Parnell, who risks everything—including her life—to pursue truth and justice.",18,tv,80054,/3T2TJ61ems7ArVGwb6kiVuKcdUk.jpg,[350],7.082,13.1427,,['Apple TV Plus']
The Last Thing He Told Me,"A woman must forge a relationship with her teenage stepdaughter in order to find her husband, who has mysteriously disappeared.",18,tv,201289,/5PMTcUPpJs1yqhkfKZdZ56eRA1v.jpg,[350],6.933,5.5134,,['Apple TV Plus']
The Essex Serpent,"London widow Cora Seaborne moves to Essex to investigate reports of a mythical serpent. She forms an unlikely bond with the village vicar, but when tragedy strikes, locals accuse her of attracting the creature.",18,tv,108171,/lSVygN5ZLmSMycBTe94umdKfTSd.jpg,[350],6.7,2.1182,,['Apple TV Plus']
Lisey's Story,This terrifying thriller follows widow Lisey Landon as a series of disturbing events revives memories of her marriage to author Scott Landon and the darkness that plagued him.,18,tv,95839,/ge0Lk0fDBoFNGdtBXnIEaonyfTW.jpg,[350],5.9,4.7979,,['Apple TV Plus']
